"Customer ID","Recency","Frequency","Monetary","AvgOrderValue","AvgQuantity","TotalQuantity","OutlierOrders","Country","Churn","HighValue","Segment","CountryGroup"
"12346",235.117361111111,12,77556.46,6463.03833333333,2184.85294117647,74285,1,"United Kingdom",1,1,2,"United Kingdom"
"12347",39.1680555555556,6,3402.39,567.065,12.7987804878049,2099,6,"Iceland",0,1,3,"Other"
"12348",158.085416666667,4,1709.4,427.35,52.0208333333333,2497,19,"Finland",0,0,3,"Other"
"12349",317.185416666667,3,2671.14,890.38,9.73529411764706,993,1,"Italy",0,1,1,"Other"
"12350",219.867361111111,1,334.4,334.4,11.5882352941176,197,0,"Norway",1,0,3,"Other"
"12351",284.89375,1,300.93,300.93,12.4285714285714,261,0,"Unspecified",1,0,1,"Other"
"12352",171.8625,7,1905.61,272.23,7.89285714285714,442,0,"Norway",0,0,3,"Other"
"12353",113.79375,2,406.76,203.38,8.83333333333333,212,0,"Bahrain",1,0,3,"Other"
"12354",141.985416666667,1,1079.4,1079.4,9.13793103448276,530,4,"Spain",1,0,3,"Spain"
"12355",123.959027777778,2,947.61,473.805,15.5142857142857,543,3,"Bahrain",1,0,3,"Other"
"12356",155.011805555556,5,6313.38,1262.676,24.3642857142857,3411,38,"Portugal",0,1,3,"Other"
"12357",297.93125,2,12079.99,6039.995,23.5090909090909,3879,40,"Switzerland",0,1,1,"Other"
"12358",60.1152777777778,4,3203.87,800.9675,13.3,931,9,"Austria",0,1,3,"Other"
"12359",99.0166666666667,9,6059.09,673.232222222222,8.05769230769231,2095,2,"Cyprus",0,1,3,"Other"
"12360",22.1111111111111,7,3209.11,458.444285714286,12.0736196319018,1968,6,"Austria",0,1,3,"Other"
"12361",196.957638888889,4,511.25,127.8125,8.10344827586207,235,0,"Belgium",1,0,3,"Belgium"
"12362",29.9083333333333,5,1877.35,375.47,9.33018867924528,989,2,"Belgium",0,0,3,"Belgium"
"12363",19.1055555555556,2,552,276,17.7391304347826,408,1,"Unspecified",1,0,3,"Other"
"12364",21.8930555555556,1,623.92,623.92,16.3235294117647,555,1,"Belgium",0,0,3,"Belgium"
"12365",200.948611111111,2,641.38,320.69,7.90909090909091,174,0,"Cyprus",1,0,3,"Other"
"12366",543.098611111111,1,500.24,500.24,98.6666666666667,296,3,"Cyprus",1,0,1,"Other"
"12368",537.870833333333,1,917.7,917.7,18.3333333333333,330,4,"Cyprus",1,0,1,"Other"
"12369",322.984027777778,3,1791.15,597.05,13.3440860215054,1241,2,"Austria",1,0,1,"Other"
"12370",184.001388888889,6,3577.28,596.213333333333,12.8554913294798,2224,7,"Cyprus",0,1,3,"Other"
"12371",318.967361111111,3,2179.42,726.473333333333,8.125,845,0,"Switzerland",0,0,1,"Other"
"12372",122.088194444444,2,914.92,457.46,15.1794871794872,592,0,"Denmark",0,0,3,"Other"
"12373",220.986111111111,3,1127.65,375.883333333333,10.1176470588235,516,1,"Austria",1,0,3,"Other"
"12374",330.971527777778,3,2246.29,748.763333333333,20.4,1020,12,"Austria",0,0,1,"Other"
"12375",7.93541666666667,1,230.3,230.3,7.90909090909091,87,0,"Finland",0,0,3,"Other"
"12376",299.024305555556,2,503.15,251.575,18.4615384615385,240,4,"Switzerland",1,0,1,"Other"
"12377",224.878472222222,4,3426.32,856.58,13.8486842105263,2105,5,"Switzerland",1,1,3,"Other"
"12378",39.0944444444444,2,5416.32,2708.16,11.0166112956811,3316,7,"Switzerland",1,1,3,"Other"
"12379",79.8458333333333,3,1227.82,409.273333333333,10.1475409836066,619,1,"Belgium",0,0,3,"Belgium"
"12380",95.1256944444444,8,7559.04,944.88,12.0622009569378,2521,13,"Belgium",0,1,3,"Belgium"
"12381",29.1201388888889,1,1268.74,1268.74,9.16129032258065,568,1,"Norway",0,0,3,"Other"
"12383",94.2,5,1850.56,370.112,15.4747474747475,1532,7,"Belgium",1,0,3,"Belgium"
"12384",31.0604166666667,1,292.69,292.69,4.42857142857143,62,0,"Switzerland",0,0,3,"Other"
"12385",288.9,1,1938.4,1938.4,9.41538461538462,612,1,"Belgium",1,0,1,"Belgium"
"12386",247.009027777778,2,401.9,200.95,35.4,354,3,"Australia",1,0,1,"Other"
"12387",324.849305555556,1,143.94,143.94,14.8888888888889,134,0,"Australia",1,0,1,"Other"
"12388",57.9736111111111,6,2788.79,464.798333333333,11.198275862069,1299,1,"Australia",0,1,3,"Other"
"12389",312.040277777778,3,1433.33,477.776666666667,12.530612244898,614,1,"Australia",1,0,1,"Other"
"12391",374.008333333333,5,2285.18,457.036,5.23563218390805,911,1,"Cyprus",0,0,1,"Other"
"12392",500.948611111111,1,234.75,234.75,10.4285714285714,73,0,"Australia",1,0,1,"Other"
"12393",155.128472222222,5,1877.95,375.59,12.4024390243902,1017,7,"Australia",0,0,3,"Other"
"12394",126.950694444444,1,381.08,381.08,8.66666666666667,182,0,"Belgium",0,0,3,"Belgium"
"12395",21.8972222222222,11,3602.11,327.464545454545,14.9230769230769,2716,14,"Belgium",0,1,3,"Belgium"
"12396",583.977777777778,1,931.43,931.43,9.09230769230769,591,0,"RSA",1,0,1,"Other"
"12397",44.9368055555556,1,1214.81,1214.81,10.0571428571429,704,2,"Belgium",0,0,3,"Belgium"
"12399",28.9826388888889,7,1962.3,280.328571428571,19.9818181818182,2198,19,"Belgium",1,0,3,"Belgium"
"12400",323.961805555556,1,205.25,205.25,8.27272727272727,91,0,"Australia",1,0,1,"Other"
"12401",212.958333333333,1,84.3,84.3,2.2,11,0,"Belgium",1,0,3,"Belgium"
"12402",232.959027777778,6,1256.9,209.483333333333,8.34285714285714,584,0,"Belgium",1,0,3,"Belgium"
"12403",431.049305555556,1,591.66,591.66,41,164,2,"Denmark",0,0,1,"Other"
"12404",591.850694444444,1,63.24,63.24,1,1,0,"Finland",1,0,1,"Other"
"12405",58.1652777777778,1,1710.39,1710.39,15.8703703703704,857,7,"Finland",1,0,3,"Other"
"12406",93.1020833333333,4,4596.31,1149.0775,21.7363636363636,2391,15,"Denmark",0,1,3,"Other"
"12407",43.8486111111111,4,1407.36,351.84,19.328125,1237,5,"Belgium",0,0,3,"Belgium"
"12408",8.09930555555556,7,3586.27,512.324285714286,13.7058823529412,1864,10,"Belgium",0,1,3,"Belgium"
"12409",92.0215277777778,5,18553.7,3710.74,49.013698630137,10734,135,"Switzerland",0,1,3,"Other"
"12410",218.090972222222,3,1013.71,337.903333333333,8.525,341,0,"Switzerland",1,0,3,"Other"
"12411",319.142361111111,1,346.9,346.9,6.27272727272727,138,0,"Australia",1,0,1,"Other"
"12412",47.0645833333333,5,2260.79,452.158,15.9189189189189,1767,9,"Denmark",0,0,3,"Other"
"12413",145.886805555556,3,805.25,268.416666666667,5.80487804878049,238,0,"France",0,0,3,"France"
"12414",126.915972222222,6,952.41,158.735,17.6785714285714,495,5,"Austria",1,0,3,"Other"
"12415",8.95763888888889,22,121631.72,5528.71454545455,99.4753694581281,80774,580,"Australia",0,1,2,"Other"
"12416",566.104861111111,1,202.56,202.56,12,132,0,"Australia",1,0,1,"Other"
"12417",16.1,18,5964.83,331.379444444444,7.88,2561,7,"Belgium",0,1,3,"Belgium"
"12418",22.0708333333333,4,2021.2,505.3,10.6666666666667,1088,2,"Switzerland",1,0,3,"Other"
"12419",295.115277777778,2,503.01,251.505,9.24,231,0,"Spain",1,0,1,"Spain"
"12421",24.0791666666667,5,920.12,184.024,10.2678571428571,575,1,"Spain",0,0,3,"Spain"
"12422",5.12638888888889,17,5231.8,307.752941176471,15.093023255814,2596,12,"Switzerland",1,1,3,"Other"
"12423",10.1631944444444,9,2413.75,268.194444444444,10.7432432432432,1590,1,"Belgium",0,0,3,"Belgium"
"12424",72.0305555555556,4,3340.03,835.0075,22.0108695652174,2025,19,"Australia",1,1,3,"Other"
"12425",357.944444444444,1,964.21,964.21,11.8363636363636,651,2,"Portugal",0,0,1,"Other"
"12426",104.016666666667,2,1345.21,672.605,7.58441558441558,584,0,"Germany",1,0,3,"Germany"
"12427",281.0875,1,303.5,303.5,7.9,79,0,"Germany",0,0,1,"Germany"
"12428",29.9944444444444,8,7548.12,943.515,12.1362007168459,3386,10,"Finland",0,1,3,"Other"
"12429",82.025,7,5298.89,756.984285714286,18.8730158730159,2378,18,"Denmark",0,1,3,"Other"
"12431",28.9381944444444,23,8819.34,383.449565217391,11.1823529411765,3802,11,"Australia",0,1,2,"Other"
"12432",79.9847222222222,3,4016.66,1338.88666666667,18.7763157894737,1427,18,"Norway",0,1,3,"Other"
"12433",0.9625,6,9813.5,1635.58333333333,21.5095367847411,7894,58,"Norway",0,1,3,"Other"
"12434",169.989583333333,2,583.54,291.77,5.97222222222222,215,0,"Australia",0,0,3,"Other"
"12435",177.215277777778,5,10075.03,2015.006,39.8105263157895,3782,40,"Denmark",0,1,3,"Other"
"12436",9.02847222222222,1,509.01,509.01,13.1875,211,0,"Norway",1,0,3,"Other"
"12437",7.98263888888889,32,10543.4,329.48125,14.7532188841202,6875,36,"France",0,1,2,"France"
"12438",49.9729166666667,1,890.07,890.07,11.9591836734694,586,4,"Norway",0,0,3,"Other"
"12439",592.027083333333,2,1142.88,571.44,6.73239436619718,478,0,"Cyprus",1,0,1,"Other"
"12440",371.985416666667,2,859.2,429.6,10.34375,331,0,"Austria",1,0,1,"Other"
"12441",276.086805555556,1,173.55,173.55,11,121,0,"France",1,0,1,"France"
"12443",641.880555555556,1,485.31,485.31,8.66666666666667,182,0,"Norway",1,0,1,"Other"
"12444",31.1729166666667,2,2627.27,1313.635,6.19047619047619,650,0,"Norway",0,1,3,"Other"
"12445",330.015277777778,1,301.58,301.58,7.2,144,0,"Spain",0,0,1,"Spain"
"12447",152.975694444444,1,476.49,476.49,7.30769230769231,190,0,"Belgium",1,0,3,"Belgium"
"12449",1.15069444444444,5,3493.18,698.636,12.3802816901408,1758,9,"Belgium",0,1,3,"Belgium"
"12450",65.9229166666667,5,688.2,137.64,11.9459459459459,442,1,"Spain",1,0,3,"Spain"
"12451",127.802777777778,5,8942.18,1788.436,19.5710227272727,6889,57,"Switzerland",0,1,3,"Other"
"12453",43.9458333333333,1,707.09,707.09,11,473,0,"Austria",1,0,3,"Other"
"12454",305.111805555556,4,13151.44,3287.86,267.88,6697,24,"Spain",0,1,1,"Spain"
"12455",37.0715277777778,9,5589.45,621.05,14.3221153846154,2979,23,"Cyprus",0,1,3,"Other"
"12456",40.8923611111111,2,2265.4,1132.7,12.4767441860465,1073,5,"Switzerland",0,0,3,"Other"
"12457",143.111111111111,4,1699.93,424.9825,13.7872340425532,648,3,"Switzerland",0,0,3,"Other"
"12458",194.079861111111,3,1272.01,424.003333333333,11.5384615384615,750,2,"Switzerland",0,0,3,"Other"
"12459",514.914583333333,1,454.36,454.36,11.2173913043478,258,1,"Spain",1,0,1,"Spain"
"12460",365.957638888889,1,326.65,326.65,9.44444444444444,170,0,"Belgium",1,0,1,"Belgium"
"12461",3.82847222222222,2,826.88,413.44,8.2,287,0,"Switzerland",1,0,3,"Other"
"12462",212.920833333333,1,762.11,762.11,7.175,287,0,"Spain",0,0,3,"Spain"
"12463",84.9319444444444,3,985.79,328.596666666667,9.45901639344262,577,0,"Belgium",0,0,3,"Belgium"
"12464",15.9701388888889,6,780.55,130.091666666667,3.85714285714286,81,0,"Belgium",0,0,3,"Belgium"
"12465",78.9673611111111,1,440.94,440.94,11.3076923076923,294,1,"Belgium",0,0,3,"Belgium"
"12466",591.85,1,56.73,56.73,1,1,0,"France",1,0,1,"France"
"12467",332.88125,1,132.8,132.8,14.3333333333333,129,0,"USA",1,0,1,"Other"
"12468",97.0513888888889,5,3670.74,734.148,14.6733333333333,2201,15,"Germany",1,1,3,"Germany"
"12469",432.006944444444,2,3070.54,1535.27,33.5789473684211,2552,10,"Thailand",1,1,1,"Other"
"12470",599.075694444444,1,211.95,211.95,4.1304347826087,95,0,"Unspecified",1,0,1,"Other"
"12471",16.8590277777778,68,31210.54,458.978529411765,13.8571428571429,12998,67,"Germany",0,1,2,"Germany"
"12472",48.0381944444444,17,14604.78,859.104705882353,12.4074567243675,9318,23,"Germany",0,1,2,"Germany"
"12473",24.0319444444444,2,1175.75,587.875,13.328125,853,5,"Germany",0,0,3,"Germany"
"12474",8.08125,26,9410.72,361.950769230769,11.078799249531,5905,10,"Germany",0,1,2,"Germany"
"12475",319.167361111111,1,426.26,426.26,9.44,236,0,"Germany",0,0,1,"Germany"
"12476",50.7993055555556,18,10459.16,581.064444444444,10.9422110552764,4355,13,"Germany",0,1,2,"Germany"
"12477",10.1520833333333,6,15890.66,2648.44333333333,10.7645788336933,4984,25,"Germany",0,1,3,"Germany"
"12480",52.9486111111111,6,4328.17,721.361666666667,11.5891089108911,2341,6,"Germany",0,1,3,"Germany"
"12481",89.0819444444444,13,10690.95,822.380769230769,19.421875,6215,45,"Germany",0,1,3,"Germany"
"12482",485.832638888889,29,23691.4,816.944827586207,132.558823529412,27042,183,"Sweden",1,1,2,"Other"
"12483",8.04722222222222,17,4236.26,249.191764705882,15.8793103448276,1842,14,"Sweden",0,1,3,"Other"
"12484",10.1291666666667,10,5485.43,548.543,7.19607843137255,2936,8,"Spain",0,1,3,"Spain"
"12485",438.894444444444,1,708.1,708.1,12.1764705882353,414,1,"Sweden",1,0,1,"Other"
"12486",341.025,1,1037.28,1037.28,10.6734693877551,523,3,"Sweden",1,0,1,"Other"
"12487",640.051388888889,1,285.3,285.3,87,174,2,"Sweden",1,0,1,"Other"
"12489",245.984027777778,1,334.93,334.93,7,105,0,"France",1,0,1,"France"
"12490",2.97777777777778,17,7958.3,468.135294117647,12.7015706806283,4852,11,"France",0,1,3,"France"
"12492",14.9159722222222,2,578.39,289.195,10.3548387096774,321,0,"Germany",0,0,3,"Germany"
"12493",75.10625,2,433.74,216.87,9.40909090909091,207,1,"France",1,0,3,"France"
"12494",71.0229166666667,7,1438.03,205.432857142857,7.75609756097561,636,1,"France",0,0,3,"France"
"12495",550.08125,1,357.4,357.4,7.64705882352941,130,0,"Sweden",1,0,1,"Other"
"12496",529.947222222222,2,45.34,22.67,3,30,0,"Spain",1,0,1,"Spain"
"12497",310.013194444444,2,5205.4,2602.7,103.46511627907,4449,42,"Germany",0,1,1,"Germany"
"12499",469.901388888889,1,393.72,393.72,11.1851851851852,302,2,"Germany",1,0,1,"Germany"
"12500",16,14,3471.23,247.945,16.8290598290598,1969,15,"Germany",0,1,3,"Germany"
"12501",246.015277777778,1,2169.39,2169.39,11.9664429530201,1783,3,"Germany",1,0,1,"Germany"
"12502",5.04027777777778,5,3723.87,744.774,5.57823129251701,820,1,"Spain",1,1,3,"Spain"
"12503",493.952083333333,1,1126,1126,280.5,561,1,"Spain",1,0,1,"Spain"
"12504",326.903472222222,2,297,148.5,33.4545454545455,368,3,"Germany",0,0,1,"Germany"
"12505",318.147222222222,1,955.2,955.2,7.71428571428571,324,0,"Italy",1,0,1,"Other"
"12506",142.163888888889,1,73.5,73.5,1,23,0,"France",1,0,3,"France"
"12507",43.8201388888889,4,1844.06,461.015,25.6326530612245,1256,7,"Spain",1,0,3,"Spain"
"12509",193.920138888889,1,176.5,176.5,7.85714285714286,55,0,"France",1,0,3,"France"
"12510",52.1076388888889,9,5178.02,575.335555555556,14.1310344827586,2049,10,"Spain",1,1,3,"Spain"
"12511",338.090972222222,1,3084.02,3084.02,9.22631578947368,1753,6,"Greece",1,1,1,"Other"
"12513",22.0826388888889,1,612.29,612.29,13.2,462,0,"France",1,0,3,"France"
"12514",176.841666666667,2,1597.76,798.88,10,840,0,"Italy",1,0,3,"Other"
"12515",262.879861111111,1,383.7,383.7,8.1875,131,0,"Italy",1,0,1,"Other"
"12516",90.0506944444444,3,1919.76,639.92,23.3114754098361,1422,18,"Germany",0,0,3,"Germany"
"12517",35.9083333333333,2,1521.45,760.725,4.58241758241758,834,0,"Germany",0,0,3,"Germany"
"12518",19.9805555555556,1,324.83,324.83,10.3888888888889,187,0,"Germany",0,0,3,"Germany"
"12519",386.186805555556,1,385.7,385.7,9.63636363636364,212,1,"Germany",0,0,1,"Germany"
"12520",51.925,4,2045.85,511.4625,9.08264462809917,1099,0,"Germany",0,0,3,"Germany"
"12521",52.0826388888889,1,599.68,599.68,8.13157894736842,309,0,"Germany",1,0,3,"Germany"
"12523",17.1090277777778,19,3580.33,188.438421052632,9.50485436893204,1958,4,"France",0,1,3,"France"
"12524",71.8888888888889,15,9762.87,650.858,27.2122641509434,5769,68,"Germany",0,1,3,"Germany"
"12525",407.8625,3,973.73,324.576666666667,8.48333333333333,509,0,"France",1,0,1,"France"
"12526",3.93819444444444,1,520.3,520.3,10.9655172413793,318,0,"Germany",0,0,3,"Germany"
"12527",204.13125,4,671.72,167.93,17.6896551724138,513,2,"Germany",0,0,3,"Germany"
"12528",24.0138888888889,4,1287.37,321.8425,7.73846153846154,503,0,"Germany",0,0,3,"Germany"
"12529",437.986111111111,1,316.48,316.48,9.14285714285714,192,0,"France",1,0,1,"France"
"12530",33.0770833333333,8,3318.63,414.82875,17.3913043478261,2400,19,"Germany",0,1,3,"Germany"
"12531",595.939583333333,1,1807.98,1807.98,9.76363636363636,1074,0,"Germany",0,0,1,"Germany"
"12533",537.079166666667,2,1367.89,683.945,9.77777777777778,704,0,"Germany",1,0,1,"Germany"
"12534",40.1,1,1089.18,1089.18,10.3333333333333,651,0,"Germany",1,0,3,"Germany"
"12535",1.16805555555556,2,716.35,358.175,6.44117647058824,219,0,"France",1,0,3,"France"
"12537",318.176388888889,1,732.94,732.94,10.4418604651163,449,0,"Sweden",1,0,1,"Other"
"12538",287.991666666667,1,276.5,276.5,11.1538461538462,145,1,"Spain",0,0,1,"Spain"
"12539",171.868055555556,6,10164.09,1694.015,8.86984815618221,4089,2,"Spain",0,1,3,"Spain"
"12540",1.96666666666667,27,18101.11,670.411481481481,14.2785016286645,8767,29,"Spain",0,1,2,"Spain"
"12541",82.86875,2,536.14,268.07,14.9642857142857,419,1,"Spain",0,0,3,"Spain"
"12542",393.734722222222,2,481.88,240.94,13.3846153846154,522,2,"Spain",1,0,1,"Spain"
"12543",357.874305555556,1,980.25,980.25,16,688,3,"Spain",1,0,1,"Spain"
"12545",169.031944444444,1,628.15,628.15,10.1764705882353,346,0,"Spain",0,0,3,"Spain"
"12547",107.008333333333,3,383.58,127.86,14.7142857142857,309,0,"Spain",1,0,3,"Spain"
"12548",75.8854166666667,1,95.2,95.2,9.8,49,0,"Spain",1,0,3,"Spain"
"12549",485.03125,6,1575.68,262.613333333333,27.8775510204082,1366,9,"USA",1,0,1,"Other"
"12551",267.060416666667,1,168,168,10,100,0,"Spain",1,0,1,"Spain"
"12553",19.9222222222222,9,3336.06,370.673333333333,9.4010989010989,1711,5,"France",0,1,3,"France"
"12554",358.014583333333,1,468.5,468.5,9.23076923076923,240,0,"Spain",1,0,1,"Spain"
"12555",591.85,1,129.23,129.23,1,1,0,"Spain",1,0,1,"Spain"
"12556",60.96875,1,308.75,308.75,2.50769230769231,163,0,"Spain",0,0,3,"Spain"
"12557",67.9798611111111,7,15106.14,2158.02,111.469387755102,5462,49,"Spain",0,1,3,"Spain"
"12559",220.125694444444,2,561.71,280.855,13.4761904761905,283,2,"Germany",1,0,3,"Germany"
"12560",21.8944444444444,2,1436.31,718.155,10.6493506493506,820,1,"Germany",0,0,3,"Germany"
"12561",212.049305555556,1,238.85,238.85,11.0625,177,0,"Germany",1,0,3,"Germany"
"12562",36.1736111111111,5,2790.41,558.082,11.3162393162393,1324,3,"France",0,1,3,"France"
"12563",318.123611111111,1,249.24,249.24,8.69230769230769,113,0,"Italy",1,0,1,"Other"
"12564",170.913194444444,1,456.9,456.9,6.33333333333333,133,0,"France",1,0,3,"France"
"12565",198.094444444444,1,145.92,145.92,8.88888888888889,80,0,"Saudi Arabia",1,0,3,"Other"
"12567",5.93611111111111,14,10216.18,729.727142857143,9.54947368421053,4536,8,"France",0,1,3,"France"
"12568",554.149305555556,1,70,70,9.6,48,0,"Germany",1,0,1,"Germany"
"12569",1.89444444444444,15,2167.68,144.512,9.31521739130435,857,2,"Germany",0,0,3,"Germany"
"12570",591.806944444444,1,77.52,77.52,1,1,0,"Spain",1,0,1,"Spain"
"12571",31.0104166666667,1,248.35,248.35,14.0714285714286,197,0,"France",0,0,3,"France"
"12573",136.873611111111,5,717.41,143.482,4.02521008403361,479,2,"France",1,0,3,"France"
"12574",225.145833333333,1,218.45,218.45,5.54545454545455,61,0,"France",1,0,3,"France"
"12575",366.986805555556,2,622.82,311.41,8.28947368421053,315,1,"France",1,0,1,"France"
"12576",5.11388888888889,7,1763.44,251.92,10.2758620689655,1192,1,"Poland",0,0,3,"Other"
"12577",268.853472222222,6,1186.39,197.731666666667,3.90867579908676,856,3,"France",0,0,1,"France"
"12578",239.886111111111,3,3456.6,1152.2,15.09375,1932,6,"Italy",0,1,1,"Other"
"12580",156.101388888889,2,1052.9,526.45,9.81034482758621,569,1,"Germany",1,0,3,"Germany"
"12582",148.170138888889,4,1980.4,495.1,9.56310679611651,985,4,"Finland",1,0,3,"Other"
"12583",16.0166666666667,21,10542.41,502.019523809524,20.1101449275362,6938,36,"France",0,1,2,"France"
"12584",36.8215277777778,4,782.59,195.6475,4.05882352941176,138,0,"Italy",0,0,3,"Other"
"12585",143.965972222222,2,2040.1,1020.05,14.7011494252874,1279,3,"Germany",1,0,3,"Germany"
"12586",284.085416666667,3,1865.73,621.91,7.32530120481928,608,0,"Italy",0,0,1,"Other"
"12588",308.997916666667,3,743.88,247.96,10.6944444444444,385,0,"Finland",0,0,1,"Other"
"12589",54.03125,7,4180.48,597.211428571429,9.94193548387097,1541,0,"France",0,1,3,"France"
"12590",120.915277777778,2,9864.26,4932.13,62.9852941176471,4283,53,"Germany",1,1,3,"Germany"
"12591",226.927083333333,3,1338.95,446.316666666667,9.60294117647059,653,0,"Italy",1,0,3,"Other"
"12592",1.90694444444444,5,2582.66,516.532,23.1481481481481,1875,22,"Germany",1,0,3,"Germany"
"12593",18.0048611111111,3,418.1,139.366666666667,9.80952380952381,206,0,"France",1,0,3,"France"
"12594",30.9333333333333,13,4281.79,329.368461538462,13.9712643678161,2431,11,"Italy",0,1,3,"Other"
"12595",414.152777777778,1,299.02,299.02,14.2631578947368,271,3,"Germany",1,0,1,"Germany"
"12596",151.977777777778,1,269.95,269.95,10.4,156,0,"Spain",0,0,3,"Spain"
"12597",92.8652777777778,2,1428.81,714.405,8.65384615384615,675,2,"Spain",0,0,3,"Spain"
"12598",71.0465277777778,7,3095.39,442.198571428571,13.963503649635,1913,14,"France",0,1,3,"France"
"12599",36.0083333333333,12,2121.18,176.765,16.655462184874,1982,10,"France",0,0,3,"France"
"12600",22.0604166666667,19,4304.94,226.575789473684,10.0260869565217,1153,3,"Germany",0,1,3,"Germany"
"12601",99.10625,6,681.26,113.543333333333,8.52941176470588,290,1,"Germany",1,0,3,"Germany"
"12604",171.030555555556,1,178.5,178.5,13.7,137,0,"France",0,0,3,"France"
"12605",285.938888888889,4,1232.95,308.2375,12.2236842105263,929,0,"Germany",1,0,1,"Germany"
"12606",591.852083333333,1,21,21,1,1,0,"Spain",1,0,1,"Spain"
"12608",314.084027777778,1,415.79,415.79,20.1875,323,4,"United Kingdom",1,0,1,"United Kingdom"
"12609",95.8881944444445,8,3109.74,388.7175,9.00632911392405,1423,2,"Germany",0,1,3,"Germany"
"12610",15.9951388888889,2,1256.25,628.125,8.68055555555556,625,0,"Italy",0,0,3,"Other"
"12613",107.147222222222,9,4935.51,548.39,13.246963562753,3272,9,"Germany",0,1,3,"Germany"
"12614",187.102777777778,1,315.6,315.6,3.8,76,0,"Germany",1,0,3,"Germany"
"12615",77.96875,5,4084.53,816.906,12.0102040816327,2354,7,"France",0,1,3,"France"
"12616",4.89791666666667,3,1131.1,377.033333333333,9.22222222222222,498,0,"France",1,0,3,"France"
"12619",25.9777777777778,6,2227.6,371.266666666667,38.6938775510204,1896,15,"Germany",0,0,3,"Germany"
"12620",114.027777777778,1,561.66,561.66,13.1515151515152,434,3,"France",0,0,3,"France"
"12621",9.88888888888889,30,20816.57,693.885666666667,18.4330708661417,11705,75,"Germany",0,1,2,"Germany"
"12622",141.840972222222,1,180.1,180.1,6.27272727272727,69,0,"Germany",1,0,3,"Germany"
"12623",185.958333333333,7,3747.84,535.405714285714,11.393063583815,1971,5,"Germany",1,1,3,"Germany"
"12624",15.9069444444444,2,641.13,320.565,9.3421052631579,355,0,"France",1,0,3,"France"
"12625",121.122222222222,4,5164.88,1291.22,18.0819672131148,3309,12,"Germany",1,1,3,"Germany"
"12626",22.0444444444444,6,4774,795.666666666667,11.3446601941748,2337,7,"Germany",0,1,3,"Germany"
"12627",5.94513888888889,5,2727.83,545.566,11.1702127659574,1575,6,"Germany",0,1,3,"Germany"
"12629",295.147222222222,2,1558.22,779.11,16.0444444444444,722,2,"Sweden",1,0,1,"Other"
"12631",365.916666666667,5,2841.07,568.214,9.01973684210526,1371,0,"Finland",0,1,1,"Other"
"12632",430.132638888889,2,804.88,402.44,19.8285714285714,694,3,"Germany",1,0,1,"Germany"
"12633",39.1354166666667,6,5462.93,910.488333333333,10.8041237113402,3144,11,"Germany",0,1,3,"Germany"
"12634",445.114583333333,2,490,245,16.85,337,0,"USA",1,0,1,"Other"
"12635",64.1715277777778,3,1924.87,641.623333333333,9.96610169491525,1176,1,"Germany",0,0,3,"Germany"
"12636",648.121527777778,1,141,141,1,1,0,"USA",1,0,1,"Other"
"12637",1.04305555555556,11,7939.81,721.800909090909,7.55985267034991,4105,7,"France",0,1,3,"France"
"12638",549.097222222222,1,249.8,249.8,9.55555555555556,86,0,"Sweden",0,0,1,"Other"
"12639",148.001388888889,3,1312.37,437.456666666667,9.859375,631,1,"Sweden",1,0,3,"Other"
"12641",24.975,1,185.9,185.9,7.2,72,0,"Sweden",1,0,3,"Other"
"12642",17.14375,1,366.45,366.45,11.5416666666667,277,0,"Germany",0,0,3,"Germany"
"12643",37.9958333333333,12,8304.82,692.068333333333,91.4705882352941,4665,40,"France",1,1,3,"France"
"12644",39.0951388888889,4,1918.49,479.6225,9.2972972972973,1032,1,"Germany",1,0,3,"Germany"
"12645",19.0069444444444,7,3074.98,439.282857142857,12.7808219178082,1866,3,"Germany",0,1,3,"Germany"
"12647",35.9590277777778,33,16119.44,488.467878787879,12.8415637860082,6241,27,"Germany",0,1,2,"Germany"
"12648",64.0381944444444,4,1112,278,7.96923076923077,518,1,"Germany",1,0,3,"Germany"
"12649",16.9229166666667,8,2294.65,286.83125,16.6016949152542,1959,12,"Germany",1,0,3,"Germany"
"12651",244.002777777778,4,377.75,94.4375,8.83333333333333,265,0,"France",1,0,1,"France"
"12652",240.909722222222,2,1017.03,508.515,10.5098039215686,536,0,"France",1,0,1,"France"
"12653",58.0895833333333,3,4160.83,1386.94333333333,19.546511627907,1681,14,"Israel",1,1,3,"Other"
"12654",107.088194444444,3,337.75,112.583333333333,6.86363636363636,151,0,"Germany",0,0,3,"Germany"
"12655",333.147916666667,1,261.35,261.35,5,80,0,"France",1,0,1,"France"
"12656",25.9979166666667,6,5177.33,862.888333333333,12.7210526315789,2417,15,"France",0,1,3,"France"
"12661",345.836111111111,1,162,162,19.6363636363636,216,0,"Sweden",1,0,1,"Other"
"12662",16.9638888888889,16,5530.42,345.65125,8.69811320754717,2766,0,"Germany",0,1,3,"Germany"
"12663",534.131944444444,2,239.4,119.7,18.1,181,2,"Germany",1,0,1,"Germany"
"12664",53.0048611111111,5,3145.64,629.128,30.6538461538462,797,13,"Finland",0,1,3,"Other"
"12665",234.177777777778,3,313.6,104.533333333333,9.70588235294118,165,0,"Germany",1,0,3,"Germany"
"12666",303.840277777778,1,1248.42,1248.42,11.9354838709677,370,2,"Israel",1,0,1,"Other"
"12668",168.914583333333,9,10500.35,1166.70555555556,9.53614457831325,4749,7,"Germany",0,1,3,"Germany"
"12669",60.1222222222222,3,2744.03,914.676666666667,11.039603960396,1115,1,"France",1,1,3,"France"
"12670",8.12430555555556,5,2398.71,479.742,12.2345679012346,991,3,"France",0,0,3,"France"
"12671",515.847222222222,1,2622.481,2622.481,32.4444444444444,1460,12,"Germany",1,0,1,"Germany"
"12672",239.145833333333,2,437.05,218.525,6.27272727272727,138,0,"France",1,0,1,"France"
"12673",236.044444444444,2,840.4,420.2,9.45454545454546,520,2,"Germany",0,0,1,"Germany"
"12674",1.08263888888889,3,1402,467.333333333333,13.3389830508475,787,4,"France",0,0,3,"France"
"12675",463.125694444444,2,957.25,478.625,3,336,0,"Italy",1,0,1,"Other"
"12676",33.1173611111111,9,2509.75,278.861111111111,18.3804347826087,1691,8,"Sweden",0,0,3,"Other"
"12677",464.930555555556,2,395.1,197.55,8.38095238095238,176,0,"France",1,0,1,"France"
"12678",10.0611111111111,18,24934.98,1385.27666666667,54.75,16644,218,"France",0,1,2,"France"
"12679",115.022222222222,2,906.38,453.19,9.25,407,1,"France",0,0,3,"France"
"12680",22.8791666666667,1,311.78,311.78,11.5,230,1,"France",0,0,3,"France"
"12681",61.0493055555556,38,25913.8,681.942105263158,11.8206349206349,14894,50,"France",0,1,2,"France"
"12682",10.0222222222222,41,18890.32,460.739512195122,10.3634146341463,8498,13,"France",0,1,2,"France"
"12683",2.09375,18,9779.32,543.295555555556,14.5569007263923,6012,20,"France",0,1,2,"France"
"12684",80.0625,4,1379.48,344.87,21.9655172413793,1274,8,"France",0,0,3,"France"
"12685",2.09583333333333,2,1606.42,803.21,10.1888888888889,917,0,"France",0,0,3,"France"
"12686",281.124305555556,1,89.14,89.14,15.2857142857143,107,0,"France",1,0,1,"France"
"12687",390.026388888889,2,2138.91,1069.455,11.1349206349206,1403,4,"Sweden",1,0,1,"Other"
"12688",23.1673611111111,1,4873.81,4873.81,17.7076023391813,3028,21,"Israel",1,1,3,"Other"
"12689",37.1152777777778,1,511.03,511.03,8.26470588235294,281,0,"France",0,0,3,"France"
"12690",115.153472222222,1,389.01,389.01,6.625,106,0,"France",1,0,3,"France"
"12691",54.9125,5,690.9,138.18,8.89285714285714,249,1,"France",0,0,3,"France"
"12692",546.95,1,110.95,110.95,2.76923076923077,36,0,"France",1,0,1,"France"
"12693",36.7909722222222,7,1703.02,243.288571428571,6.78481012658228,536,0,"Germany",1,0,3,"Germany"
"12694",92.7930555555556,2,1413.18,706.59,17.7121212121212,1169,12,"France",0,0,3,"France"
"12695",16.9944444444444,5,1158.92,231.784,7.96078431372549,406,1,"France",0,0,3,"France"
"12696",344.088194444444,2,851.91,425.955,11.5102040816327,564,0,"Finland",1,0,1,"Other"
"12697",40.9395833333333,2,733.91,366.955,12.3793103448276,359,1,"Sweden",0,0,3,"Other"
"12698",499.874305555556,1,339.75,339.75,6.9375,111,0,"Germany",1,0,1,"Germany"
"12699",327.029861111111,1,638.11,638.11,9.09756097560976,373,0,"Germany",1,0,1,"Germany"
"12700",65.9833333333333,2,2149.05,1074.525,11.2786885245902,1376,2,"France",0,0,3,"France"
"12701",151.991666666667,5,1985.78,397.156,11.2608695652174,1295,4,"Germany",0,0,3,"Germany"
"12703",542.977777777778,3,722.98,240.993333333333,8.13207547169811,431,1,"Germany",0,0,1,"Germany"
"12704",15.1604166666667,3,1100.92,366.973333333333,9.3,465,1,"Finland",0,0,3,"Other"
"12705",67.9263888888889,9,9056.33,1006.25888888889,12.2929936305732,5790,11,"Germany",0,1,3,"Germany"
"12707",201.175,1,603.42,603.42,7.75757575757576,256,0,"France",1,0,3,"France"
"12708",11.1909722222222,15,4436.52,295.768,8.1937984496124,2114,2,"Germany",0,1,3,"Germany"
"12709",5.94722222222222,30,27786.03,926.201,30.0734597156398,12691,159,"Germany",0,1,2,"Germany"
"12710",6.03472222222222,3,1149.02,383.006666666667,11.0519480519481,851,1,"Germany",1,0,3,"Germany"
"12711",521.035416666667,2,1339.05,669.525,12.8333333333333,770,2,"Germany",1,0,1,"Germany"
"12712",16.1472222222222,19,6239.98,328.42,8.80168776371308,2086,6,"Germany",0,1,3,"Germany"
"12714",16.1215277777778,11,12774.55,1161.32272727273,12.6799363057325,7963,28,"France",0,1,3,"France"
"12715",15.8944444444444,1,343.36,343.36,9.6,192,0,"Sweden",1,0,3,"Other"
"12716",42.9736111111111,1,677.9,677.9,11.1777777777778,503,1,"France",0,0,3,"France"
"12717",60.91875,3,1308.91,436.303333333333,8.45070422535211,600,0,"Greece",1,0,3,"Other"
"12720",3.96041666666667,22,5695.39,258.881363636364,12.2038567493113,4430,12,"Germany",0,1,2,"Germany"
"12721",92.7895833333333,6,3055.86,509.31,10.1611111111111,1829,4,"France",0,1,3,"France"
"12722",24.1666666666667,3,929.65,309.883333333333,11.18,559,1,"France",0,0,3,"France"
"12724",82.9673611111111,5,1566.47,313.294,11.8297872340426,1112,8,"France",0,0,3,"France"
"12725",280.878472222222,4,2266.76,566.69,10.7735849056604,1142,3,"Italy",1,0,1,"Other"
"12726",94.1111111111111,9,2872.82,319.202222222222,28.0081967213115,3417,37,"France",0,1,3,"France"
"12727",4.96666666666667,9,5036.53,559.614444444444,13.8333333333333,2490,4,"France",0,1,3,"France"
"12728",166.988194444444,4,851.15,212.7875,7.91666666666667,380,0,"France",0,0,3,"France"
"12729",23.0486111111111,1,453.01,453.01,8.96153846153846,233,0,"France",1,0,3,"France"
"12730",431.021527777778,1,829.25,829.25,4.97872340425532,234,0,"Germany",1,0,1,"Germany"
"12731",53.9444444444444,13,18204.05,1400.31153846154,29.003355704698,8643,74,"France",0,1,3,"France"
"12732",89.0534722222222,1,236.26,236.26,9.25,111,1,"France",1,0,3,"France"
"12733",143.854861111111,4,2424.87,606.2175,5.70700636942675,896,3,"USA",1,0,3,"Other"
"12734",262.002083333333,3,639.65,213.216666666667,13.9473684210526,265,2,"France",1,0,1,"France"
"12735",224.967361111111,2,779.57,389.785,8.55813953488372,368,0,"France",1,0,3,"France"
"12736",242.203472222222,1,234,234,43.25,173,1,"France",1,0,1,"France"
"12737",408.014583333333,2,3710.5,1855.25,1,2,0,"France",1,1,1,"France"
"12738",281.765972222222,1,155.35,155.35,13.4545454545455,148,0,"Germany",1,0,1,"Germany"
"12739",8.79513888888889,3,2689.23,896.41,10.7954545454545,950,2,"United Arab Emirates",0,1,3,"Other"
"12741",438.926388888889,2,406.07,203.035,13.375,214,0,"USA",1,0,1,"Other"
"12742",535.004861111111,1,1201.52,1201.52,20.2835820895522,1359,2,"United Arab Emirates",1,0,1,"Other"
"12743",43.8534722222222,2,540.13,270.065,2.40458015267176,315,0,"Unspecified",1,0,3,"Other"
"12744",54.0381944444444,9,18249.74,2027.74888888889,20.9606557377049,6393,59,"Singapore",0,1,3,"Other"
"12745",396.108333333333,3,925.41,308.47,20.3478260869565,468,3,"United Kingdom",1,0,1,"United Kingdom"
"12746",450.089583333333,1,254.55,254.55,5.70588235294118,97,0,"United Kingdom",1,0,1,"United Kingdom"
"12747",19.0916666666667,23,7471.87,324.863913043478,10.3101851851852,2227,9,"United Kingdom",0,1,2,"United Kingdom"
"12748",0.979166666666667,259,34359.66,132.66277992278,5.03469879518072,20894,107,"United Kingdom",0,1,4,"United Kingdom"
"12749",40,7,5561.71,794.53,7.37453183520599,1969,2,"United Kingdom",0,1,3,"United Kingdom"
"12750",38.1506944444444,1,275.88,275.88,9.13333333333333,137,0,"Poland",1,0,3,"Other"
"12751",354.000694444444,1,268.27,268.27,3.04838709677419,189,0,"Brazil",1,0,1,"Other"
"12753",45.1375,5,16620.91,3324.182,55.4879518072289,9211,141,"Japan",0,1,3,"Other"
"12754",145.159722222222,3,3010.74,1003.58,102.873015873016,6481,14,"Japan",1,1,3,"Other"
"12755",190.005555555556,11,5236.26,476.023636363636,36.3968253968254,2293,15,"Japan",1,1,3,"Other"
"12757",52.03125,7,5281.08,754.44,7.52459016393443,918,5,"Portugal",0,1,3,"Other"
"12758",26.1027777777778,7,9903.24,1414.74857142857,19.6645367412141,6155,75,"Portugal",1,1,3,"Other"
"12759",81.1416666666667,7,4571.82,653.117142857143,10.7326007326007,2930,3,"Netherlands",0,1,3,"Other"
"12760",365.166666666667,1,347.8,347.8,9.42857142857143,198,0,"Netherlands",1,0,1,"Other"
"12761",367.022916666667,2,782.95,391.475,10.4074074074074,281,0,"Netherlands",1,0,1,"Other"
"12763",47.9430555555556,2,494.08,247.04,17.5555555555556,316,2,"Japan",1,0,3,"Other"
"12764",226.104861111111,1,1693.88,1693.88,8.57777777777778,386,0,"Lebanon",1,0,3,"Other"
"12765",381.957638888889,6,1404.58,234.096666666667,14.8382352941176,1009,3,"Netherlands",1,0,1,"Other"
"12766",58.9673611111111,7,6881.55,983.078571428571,12.1347962382445,3871,8,"Portugal",0,1,3,"Other"
"12767",285.133333333333,1,949.82,949.82,13.906976744186,598,3,"Korea",1,0,1,"Other"
"12768",360.029166666667,1,168.69,168.69,10.2,102,1,"Korea",1,0,1,"Other"
"12769",148.100694444444,1,1143.6,1143.6,11.125,356,0,"Brazil",1,0,3,"Other"
"12770",120.136805555556,2,3246.45,1623.225,65.8214285714286,1843,23,"Japan",1,1,3,"Other"
"12771",395.040972222222,1,282.3,282.3,6.93333333333333,104,0,"Portugal",1,0,1,"Other"
"12773",473.805555555556,1,124.25,124.25,18.1666666666667,109,1,"Portugal",1,0,1,"Other"
"12774",445.091666666667,1,98.7,98.7,8.83333333333333,53,0,"Netherlands",1,0,1,"Other"
"12775",99.2097222222222,6,1464.76,244.126666666667,14.1194029850746,946,6,"Netherlands",0,0,3,"Other"
"12776",577.027083333333,1,55.5,55.5,11.5,46,0,"Portugal",1,0,1,"Other"
"12777",367.052083333333,1,519.45,519.45,17.6153846153846,458,3,"United Kingdom",1,0,1,"United Kingdom"
"12778",92.8895833333333,7,1445.51,206.501428571429,14.4,1368,7,"Netherlands",0,0,3,"Other"
"12779",99.0923611111111,13,5492.16,422.473846153846,12.7767857142857,2862,12,"Poland",0,1,3,"Other"
"12780",508.131944444444,1,337.4,337.4,14.25,285,2,"Netherlands",1,0,1,"Other"
"12781",194.171527777778,1,549.26,549.26,23.0666666666667,346,3,"Czech Republic",0,0,3,"Other"
"12782",59.0972222222222,10,4365.99,436.599,8.86854460093897,1889,2,"Portugal",0,1,3,"Other"
"12784",438.988888888889,1,1230.33,1230.33,8.08333333333333,582,0,"Portugal",0,0,1,"Other"
"12785",273.959722222222,3,1100.4,366.8,8.08928571428571,453,1,"Portugal",1,0,1,"Other"
"12786",519.026388888889,1,728.5,728.5,18,324,2,"Netherlands",1,0,1,"Other"
"12787",1.01805555555556,3,743.18,247.726666666667,11.475,459,0,"Netherlands",0,0,3,"Other"
"12788",372.936805555556,4,444.9,111.225,7.46153846153846,194,0,"Netherlands",1,0,1,"Other"
"12789",422.004861111111,2,181.5,90.75,8,32,0,"Netherlands",0,0,1,"Other"
"12790",101.941666666667,2,591.85,295.925,8.27027027027027,306,0,"Netherlands",1,0,3,"Other"
"12791",283.057638888889,6,863.51,143.918333333333,12.6071428571429,353,2,"Netherlands",1,0,1,"Other"
"12792",166.051388888889,2,827.01,413.505,8.38297872340426,394,0,"Portugal",1,0,3,"Other"
"12793",244.026388888889,3,885.53,295.176666666667,10.4772727272727,461,1,"Portugal",1,0,1,"Other"
"12794",8.03402777777778,1,317,317,11.35,227,0,"Portugal",0,0,3,"Other"
"12796",537.875694444444,1,381,381,26,182,6,"Netherlands",1,0,1,"Other"
"12797",275.079861111111,2,552.08,276.04,7.16666666666667,215,0,"Portugal",1,0,1,"Other"
"12798",80.1104166666667,2,3140.93,1570.465,175.967741935484,5455,18,"Japan",0,1,3,"Other"
"12799",438.870138888889,1,219.35,219.35,9.13333333333333,137,0,"Japan",1,0,1,"Other"
"12800",379.94375,3,584.25,194.75,8.35294117647059,284,0,"Portugal",1,0,1,"Other"
"12801",410.133333333333,1,1071.82,1071.82,10.1,505,2,"Sweden",1,0,1,"Other"
"12802",96.1347222222222,7,2416.42,345.202857142857,14.2898550724638,1972,4,"Netherlands",1,0,3,"Other"
"12803",302.911805555556,1,1092.81,1092.81,15.8545454545455,872,3,"Netherlands",1,0,1,"Other"
"12804",375.036111111111,2,325.37,162.685,4.09090909090909,270,0,"Netherlands",1,0,1,"Other"
"12805",291.015972222222,4,1434.95,358.7375,10.2241379310345,593,2,"Netherlands",1,0,1,"Other"
"12806",344.969444444444,4,2878.96,719.74,31.1492537313433,2087,24,"Netherlands",1,1,1,"Other"
"12807",292.936805555556,1,330.35,330.35,9.0625,145,0,"Sweden",1,0,1,"Other"
"12808",94.0201388888889,4,574.4,143.6,6.91428571428571,242,0,"Portugal",0,0,3,"Other"
"12809",87.0826388888889,3,1755.94,585.313333333333,6.39506172839506,518,0,"Portugal",1,0,3,"Other"
"12810",444.08125,2,534.99,267.495,12.15625,389,1,"Japan",1,0,1,"Other"
"12811",170.130555555556,5,1033.9,206.78,7.76785714285714,435,1,"Portugal",1,0,3,"Other"
"12813",411.125,3,1687.8,562.6,25.3555555555556,1141,9,"Netherlands",1,0,1,"Other"
"12814",11.0270833333333,1,125.92,125.92,24.5,49,1,"Poland",1,0,3,"Other"
"12815",57.1034722222222,2,1063.46,531.73,8.06382978723404,379,1,"Poland",1,0,3,"Other"
"12816",5.00625,2,572.2,286.1,4.41379310344828,128,0,"Poland",1,0,3,"Other"
"12817",190.848611111111,3,690.98,230.326666666667,8.76,219,0,"Austria",1,0,3,"Other"
"12818",171.030555555556,1,1542.08,1542.08,66.3571428571429,929,4,"Austria",1,0,3,"Other"
"12819",367.895833333333,1,540.52,540.52,18.1052631578947,344,3,"United Kingdom",1,0,1,"United Kingdom"
"12820",236.011111111111,8,1917.64,239.705,12.5045045045045,1388,6,"United Kingdom",0,0,3,"United Kingdom"
"12821",123.874305555556,2,220.8,110.4,12.4615384615385,162,0,"United Kingdom",1,0,3,"United Kingdom"
"12823",36.7951388888889,17,5966,350.941176470588,50.5882352941176,860,17,"United Kingdom",0,1,3,"United Kingdom"
"12825",430.954166666667,2,518.63,259.315,5.79166666666667,139,0,"United Kingdom",1,0,1,"United Kingdom"
"12826",88.13125,9,2144.65,238.294444444444,12.9344262295082,1578,4,"United Kingdom",0,0,3,"United Kingdom"
"12828",8.81666666666667,3,415.51,138.503333333333,6.28,157,0,"United Kingdom",0,0,3,"United Kingdom"
"12829",246.067361111111,3,385.3,128.433333333333,28.9473684210526,550,6,"United Kingdom",1,0,1,"United Kingdom"
"12830",0.908333333333333,5,6414.32,1282.864,241.555555555556,8696,36,"United Kingdom",0,1,3,"United Kingdom"
"12831",171.991666666667,3,451.11,150.37,13.7727272727273,303,3,"United Kingdom",1,0,3,"United Kingdom"
"12832",7.95972222222222,1,267.8,267.8,7.33333333333333,132,0,"United Kingdom",0,0,3,"United Kingdom"
"12833",54.9611111111111,1,417.38,417.38,6.5,156,0,"United Kingdom",1,0,3,"United Kingdom"
"12834",192.125694444444,1,312.38,312.38,6.11111111111111,110,0,"United Kingdom",1,0,3,"United Kingdom"
"12835",337.077083333333,41,5996.83,146.264146341463,3.81951219512195,2349,5,"United Kingdom",1,1,2,"United Kingdom"
"12836",46.8944444444444,14,6061.9,432.992857142857,5.59944751381216,2027,2,"United Kingdom",0,1,3,"United Kingdom"
"12837",82.8631944444444,2,662.66,331.33,2.20454545454545,194,0,"United Kingdom",1,0,3,"United Kingdom"
"12838",283.036805555556,9,2694.75,299.416666666667,5.0135593220339,1479,5,"United Kingdom",0,1,1,"United Kingdom"
"12839",1.98125,21,7175.09,341.670952380952,11.4739336492891,4842,9,"United Kingdom",0,1,2,"United Kingdom"
"12840",53.1395833333333,7,4041.97,577.424285714286,12.8295454545455,2258,3,"United Kingdom",1,1,3,"United Kingdom"
"12841",16.0263888888889,32,5796.53,181.1415625,7.82600382409178,4093,29,"United Kingdom",0,1,2,"United Kingdom"
"12842",218.009722222222,3,1109.73,369.91,17.75,497,2,"United Kingdom",0,0,3,"United Kingdom"
"12843",69.0201388888889,29,6573.41,226.669310344828,13.8853211009174,3027,20,"United Kingdom",0,1,2,"United Kingdom"
"12844",39.9854166666667,3,497.52,165.84,2.21518987341772,175,0,"United Kingdom",0,0,3,"United Kingdom"
"12845",176.969444444444,4,354.09,88.5225,7.55555555555556,204,2,"United Kingdom",1,0,3,"United Kingdom"
"12846",591.847916666667,1,15.58,15.58,1,1,0,"United Kingdom",1,0,1,"United Kingdom"
"12847",297.004166666667,1,765.36,765.36,17.8285714285714,624,7,"United Kingdom",0,0,1,"United Kingdom"
"12848",585.003472222222,1,208,208,3.625,58,0,"United Kingdom",1,0,1,"United Kingdom"
"12849",178.016666666667,5,2701.03,540.206,13.4384615384615,1747,19,"United Kingdom",0,1,3,"United Kingdom"
"12850",355.016666666667,1,330,330,100,200,2,"United Kingdom",1,0,1,"United Kingdom"
"12851",6.00625,2,280.76,140.38,2.03896103896104,157,0,"United Kingdom",1,0,3,"United Kingdom"
"12852",204.16875,1,311.55,311.55,8.76470588235294,149,0,"United Kingdom",1,0,3,"United Kingdom"
"12853",44.05625,11,3907.5,355.227272727273,11.2702702702703,1668,5,"United Kingdom",1,1,3,"United Kingdom"
"12854",150.939583333333,6,2465.09,410.848333333333,6.25438596491228,1426,2,"United Kingdom",0,0,3,"United Kingdom"
"12855",282.134027777778,4,612.84,153.21,3.58208955223881,240,0,"United Kingdom",1,0,1,"United Kingdom"
"12857",120.104166666667,6,3688,614.666666666667,11.7355371900826,1420,3,"United Kingdom",1,1,3,"United Kingdom"
"12858",292.996527777778,1,147.27,147.27,1.37837837837838,51,0,"United Kingdom",1,0,1,"United Kingdom"
"12859",368.020833333333,1,575.1,575.1,13.9047619047619,292,1,"United Kingdom",1,0,1,"United Kingdom"
"12860",602.894444444444,1,54.22,54.22,1.625,26,0,"United Kingdom",1,0,1,"United Kingdom"
"12861",529.049305555556,1,68.25,68.25,6.75,27,0,"United Kingdom",1,0,1,"United Kingdom"
"12862",335.04375,2,984.62,492.31,4.66412213740458,611,3,"United Kingdom",1,0,1,"United Kingdom"
"12863",288.79375,5,2271.35,454.27,16.4418604651163,707,5,"United Kingdom",0,0,1,"United Kingdom"
"12864",47.9909722222222,2,299.57,149.785,63.8571428571429,447,5,"United Kingdom",1,0,3,"United Kingdom"
"12865",33.1104166666667,3,2736.62,912.206666666667,10.1139240506329,1598,2,"Austria",0,1,3,"Other"
"12866",192.94375,3,1227.35,409.116666666667,8.77777777777778,553,1,"Belgium",1,0,3,"Belgium"
"12867",5.96875,12,6835.88,569.656666666667,7.35517970401691,6958,14,"United Kingdom",0,1,3,"United Kingdom"
"12868",95.0888888888889,8,2043.76,255.47,8.73134328358209,1170,0,"United Kingdom",1,0,3,"United Kingdom"
"12869",591.027777777778,1,337.67,337.67,3.89189189189189,144,1,"United Kingdom",1,0,1,"United Kingdom"
"12870",284.963888888889,3,1676.95,558.983333333333,9.74193548387097,906,2,"United Kingdom",1,0,1,"United Kingdom"
"12871",116.970833333333,2,495.38,247.69,33.0909090909091,364,6,"United Kingdom",0,0,3,"United Kingdom"
"12872",236.081944444444,12,3283.96,273.663333333333,4.16751269035533,1642,2,"United Kingdom",1,1,3,"United Kingdom"
"12873",191.911111111111,3,2027.3,675.766666666667,22.4571428571429,786,10,"United Kingdom",1,0,3,"United Kingdom"
"12874",294.89375,2,948.42,474.21,12.9791666666667,623,4,"Belgium",1,0,1,"Belgium"
"12875",52.8888888888889,5,1356.99,271.398,648.375,5187,8,"United Kingdom",1,0,3,"United Kingdom"
"12876",105.969444444444,3,2590.2,863.4,14.7647058823529,1757,12,"Belgium",0,0,3,"Belgium"
"12877",34.0486111111111,17,2465.6,145.035294117647,9.139896373057,1764,3,"United Kingdom",0,0,3,"United Kingdom"
"12878",145.988194444444,2,854.99,427.495,11.6382978723404,547,0,"United Kingdom",1,0,3,"United Kingdom"
"12879",1.02708333333333,1,140.5,140.5,14.5,58,0,"United Kingdom",0,0,3,"United Kingdom"
"12880",291.083333333333,2,640.13,320.065,7.75,279,1,"United Kingdom",1,0,1,"United Kingdom"
"12881",185.045833333333,1,298,298,3,21,0,"United Kingdom",1,0,3,"United Kingdom"
"12885",33.0451388888889,1,645.35,645.35,8.87179487179487,346,0,"United Kingdom",0,0,3,"United Kingdom"
"12886",129.061805555556,1,775,775,8.85106382978723,416,2,"United Kingdom",0,0,3,"United Kingdom"
"12887",293.063888888889,1,222.4,222.4,7.69230769230769,100,0,"United Kingdom",1,0,1,"United Kingdom"
"12888",123.866666666667,2,354.12,177.06,15.2,76,0,"United Kingdom",1,0,3,"United Kingdom"
"12889",290.8625,4,385.46,96.365,4.96,124,0,"United Kingdom",1,0,1,"United Kingdom"
"12890",296.947222222222,1,329.3,329.3,3.58928571428571,201,1,"United Kingdom",0,0,1,"United Kingdom"
"12891",95.0131944444445,11,840.5,76.4090909090909,211.363636363636,2325,11,"United Kingdom",1,0,3,"United Kingdom"
"12892",306.124305555556,1,263.38,263.38,7.77777777777778,140,0,"United Kingdom",1,0,1,"United Kingdom"
"12894",484.91875,1,157.35,157.35,1.57142857142857,33,0,"United Kingdom",1,0,1,"United Kingdom"
"12897",114.025694444444,4,514.25,128.5625,17.7857142857143,249,3,"United Kingdom",1,0,3,"United Kingdom"
"12898",373.195833333333,2,296.21,148.105,8.7037037037037,235,1,"United Kingdom",1,0,1,"United Kingdom"
"12899",323.122916666667,1,366.4,366.4,6.35294117647059,108,0,"United Kingdom",1,0,1,"United Kingdom"
"12900",331.897916666667,1,340.33,340.33,10.6923076923077,139,0,"United Kingdom",1,0,1,"United Kingdom"
"12901",18.0791666666667,19,11639.47,612.603684210526,138,12420,52,"United Kingdom",0,1,2,"United Kingdom"
"12902",174.030555555556,1,138.68,138.68,6.6,66,0,"United Kingdom",1,0,3,"United Kingdom"
"12903",338.007638888889,1,833.53,833.53,12.0243902439024,493,3,"United Kingdom",1,0,1,"United Kingdom"
"12904",81.9805555555556,1,244.69,244.69,5.15625,165,1,"United Kingdom",0,0,3,"United Kingdom"
"12905",486.114583333333,2,1018.42,509.21,9.85185185185185,532,2,"United Kingdom",1,0,1,"United Kingdom"
"12907",305.029166666667,2,508.91,254.455,7.08,177,0,"United Kingdom",1,0,1,"United Kingdom"
"12908",85.8826388888889,5,1776,355.2,600,3000,5,"United Kingdom",1,0,3,"United Kingdom"
"12909",111.040277777778,6,2452.89,408.815,11.0151515151515,1454,7,"United Kingdom",0,0,3,"United Kingdom"
"12910",43.9263888888889,9,4208.38,467.597777777778,28.265306122449,2770,36,"United Kingdom",0,1,3,"United Kingdom"
"12911",461.025694444444,1,1651.72,1651.72,3.41949152542373,807,2,"United Kingdom",1,0,1,"United Kingdom"
"12913",192.084027777778,11,4666,424.181818181818,35.2982456140351,2012,19,"United Kingdom",0,1,3,"United Kingdom"
"12914",310.015277777778,1,223.98,223.98,37.3333333333333,336,3,"United Kingdom",1,0,1,"United Kingdom"
"12915",58.0527777777778,4,975.1,243.775,6.85,411,0,"United Kingdom",1,0,3,"United Kingdom"
"12916",48.09375,7,4479.73,639.961428571429,9.77325581395349,1681,10,"United Kingdom",1,1,3,"United Kingdom"
"12917",37.8388888888889,6,4359.2,726.533333333333,22.08,1104,15,"United Kingdom",1,1,3,"United Kingdom"
"12918",535.894444444444,1,10953.5,10953.5,1,1,0,"United Kingdom",1,1,1,"United Kingdom"
"12919",26.0493055555556,3,441.65,147.216666666667,12.6875,203,0,"United Kingdom",0,0,3,"United Kingdom"
"12920",480.995138888889,3,323.86,107.953333333333,9.125,292,1,"United Kingdom",0,0,1,"United Kingdom"
"12921",7.99236111111111,61,28729.62,470.97737704918,14.3975806451613,17853,91,"United Kingdom",0,1,2,"United Kingdom"
"12922",70.8854166666667,1,405.38,405.38,13.2142857142857,370,2,"United Kingdom",1,0,3,"United Kingdom"
"12923",299.981944444444,2,597.6,298.8,5.0625,162,1,"United Kingdom",0,0,1,"United Kingdom"
"12924",107.96875,11,2190.97,199.179090909091,20.7966101694915,1227,6,"United Kingdom",0,0,3,"United Kingdom"
"12925",502.095833333333,1,35.28,35.28,21.6,108,1,"United Kingdom",0,0,1,"United Kingdom"
"12926",320.870138888889,4,1523.97,380.9925,2.87786259541985,754,0,"United Kingdom",1,0,1,"United Kingdom"
"12927",304.116666666667,1,197.31,197.31,13.1818181818182,145,0,"United Kingdom",1,0,1,"United Kingdom"
"12928",57.1951388888889,10,3378.33,337.833,14.2080536912752,2117,11,"United Kingdom",0,1,3,"United Kingdom"
"12929",221.029166666667,1,117.85,117.85,4.625,37,0,"United Kingdom",1,0,3,"United Kingdom"
"12930",80.9756944444444,1,221.56,221.56,7.71428571428571,108,0,"United Kingdom",0,0,3,"United Kingdom"
"12931",11.0388888888889,53,82822.08,1562.68075471698,287.173469387755,56286,187,"United Kingdom",0,1,2,"United Kingdom"
"12932",448.936111111111,8,1698.56,212.32,16.9368421052632,1609,11,"United Kingdom",1,0,1,"United Kingdom"
"12933",80.8590277777778,7,1386.59,198.084285714286,3.56896551724138,828,4,"United Kingdom",0,0,3,"United Kingdom"
"12934",646.082638888889,1,181.65,181.65,15.5,31,1,"United Kingdom",1,0,1,"United Kingdom"
"12935",19.0194444444444,12,3618.5,301.541666666667,12.0552995391705,2616,7,"United Kingdom",0,1,3,"United Kingdom"
"12937",106.939583333333,7,2021.57,288.795714285714,9.952,1244,5,"United Kingdom",0,0,3,"United Kingdom"
"12939",47.9993055555556,16,21673.08,1354.5675,123.714285714286,8660,67,"United Kingdom",0,1,2,"United Kingdom"
"12941",633.984722222222,1,377.49,377.49,14.1111111111111,381,3,"United Kingdom",1,0,1,"United Kingdom"
"12942",40.9243055555556,3,675.6,225.2,2.82857142857143,198,0,"United Kingdom",1,0,3,"United Kingdom"
"12943",467.956944444444,2,496.5,248.25,8.88,222,1,"United Kingdom",1,0,1,"United Kingdom"
"12944",264.089583333333,1,286.95,286.95,10.3571428571429,145,0,"United Kingdom",0,0,1,"United Kingdom"
"12945",197.940972222222,2,900.11,450.055,8.74509803921569,446,1,"United Kingdom",1,0,3,"United Kingdom"
"12946",346.108333333333,1,324.45,324.45,7.45,149,0,"United Kingdom",1,0,1,"United Kingdom"
"12947",53.1138888888889,6,1603.99,267.331666666667,12.0103092783505,1165,4,"United Kingdom",1,0,3,"United Kingdom"
"12948",14.9201388888889,6,1676.44,279.406666666667,10.8829787234043,1023,5,"United Kingdom",0,0,3,"United Kingdom"
"12949",23.9020833333333,21,14808.9,705.185714285714,11.6347569955817,7900,22,"United Kingdom",0,1,2,"United Kingdom"
"12951",83.09375,14,2901.43,207.245,8.46590909090909,1490,0,"United Kingdom",0,1,3,"United Kingdom"
"12953",431.967361111111,1,498.96,498.96,9.03225806451613,280,0,"United Kingdom",0,0,1,"United Kingdom"
"12954",548.106944444444,1,162.45,162.45,8.3,83,0,"United Kingdom",1,0,1,"United Kingdom"
"12955",2.00138888888889,6,1843.36,307.226666666667,18.609756097561,1526,10,"United Kingdom",0,0,3,"United Kingdom"
"12956",215.8625,4,521.89,130.4725,8.09523809523809,340,1,"United Kingdom",1,0,3,"United Kingdom"
"12957",95.9631944444444,9,6404.72,711.635555555556,9.40277777777778,3385,6,"United Kingdom",0,1,3,"United Kingdom"
"12958",309.856944444444,2,467.34,233.67,2.40816326530612,118,0,"United Kingdom",1,0,1,"United Kingdom"
"12959",393.8125,1,150.95,150.95,13.625,109,2,"United Kingdom",1,0,1,"United Kingdom"
"12960",323.138194444444,4,1322.07,330.5175,19.7,1379,9,"United Kingdom",1,0,1,"United Kingdom"
"12961",288.8375,1,211.99,211.99,4.5,180,1,"United Kingdom",1,0,1,"United Kingdom"
"12962",22.9666666666667,1,170.54,170.54,7.09090909090909,78,0,"United Kingdom",0,0,3,"United Kingdom"
"12963",275.15,5,1744.96,348.992,9.76842105263158,928,3,"United Kingdom",0,0,1,"United Kingdom"
"12964",346.79375,1,132.24,132.24,2.15384615384615,56,0,"United Kingdom",1,0,1,"United Kingdom"
"12967",267.736111111111,3,2938.52,979.506666666667,14.0307692307692,912,6,"United Kingdom",1,1,1,"United Kingdom"
"12968",21.8791666666667,1,135.95,135.95,14.6,73,0,"United Kingdom",1,0,3,"United Kingdom"
"12969",512.083333333333,1,122.45,122.45,11,55,0,"United Kingdom",1,0,1,"United Kingdom"
"12970",231.936805555556,8,1071.93,133.99125,3.09821428571429,694,2,"United Kingdom",0,0,3,"United Kingdom"
"12971",1.95,94,12680.01,134.893723404255,34.7079365079365,10933,68,"United Kingdom",0,1,2,"United Kingdom"
"12972",323.172916666667,4,1161.2,290.3,10.961038961039,844,4,"United Kingdom",1,0,1,"United Kingdom"
"12973",323.108333333333,1,385.55,385.55,5.16666666666667,31,0,"United Kingdom",1,0,1,"United Kingdom"
"12974",107.136805555556,2,408.95,204.475,3.25,104,0,"United Kingdom",1,0,3,"United Kingdom"
"12975",346.127777777778,6,2100.09,350.015,8.13392857142857,911,1,"United Kingdom",1,0,1,"United Kingdom"
"12976",121.121527777778,8,3156.38,394.5475,17.4285714285714,2684,14,"United Kingdom",1,1,3,"United Kingdom"
"12977",65.8402777777778,4,513.88,128.47,2.20689655172414,128,0,"United Kingdom",1,0,3,"United Kingdom"
"12978",294.93125,5,2502.82,500.564,8.5521472392638,1394,4,"United Kingdom",1,0,1,"United Kingdom"
"12979",638.878472222222,1,517.7,517.7,9.28571428571429,520,5,"United Arab Emirates",1,0,1,"Other"
"12980",67.1361111111111,21,16245.78,773.608571428572,36.7307692307692,1910,27,"United Kingdom",1,1,2,"United Kingdom"
"12981",42.9416666666667,1,187.18,187.18,12.1818181818182,134,0,"United Kingdom",0,0,3,"United Kingdom"
"12982",152.040972222222,8,2744.81,343.10125,9.71348314606742,1729,6,"United Kingdom",1,1,3,"United Kingdom"
"12983",507.994444444444,1,490.08,490.08,21.2666666666667,638,8,"United Kingdom",1,0,1,"United Kingdom"
"12986",338.036805555556,10,2729.84,272.984,11.4117647058824,1164,6,"United Kingdom",1,1,1,"United Kingdom"
"12987",107.034722222222,4,1057.81,264.4525,9.11538461538461,474,0,"United Kingdom",0,0,3,"United Kingdom"
"12988",201.929861111111,1,505.82,505.82,1.51807228915663,126,0,"United Kingdom",1,0,3,"United Kingdom"
"12989",67.1486111111111,26,11096.78,426.799230769231,102.338983050847,6038,36,"United Kingdom",0,1,2,"United Kingdom"
"12990",94.9326388888889,6,809.9,134.983333333333,19.5238095238095,410,6,"United Kingdom",0,0,3,"United Kingdom"
"12991",21.9243055555556,2,564.62,282.31,12.1944444444444,439,1,"United Kingdom",0,0,3,"United Kingdom"
"12992",634.836111111111,1,93.35,93.35,3.5,21,0,"United Kingdom",1,0,1,"United Kingdom"
"12993",30.0340277777778,7,1217.27,173.895714285714,9.79452054794521,715,2,"United Kingdom",0,0,3,"United Kingdom"
"12994",29.825,2,645.47,322.735,7.39024390243902,303,0,"United Kingdom",0,0,3,"United Kingdom"
"12996",285.140972222222,1,355.5,355.5,5.54545454545455,122,0,"United Kingdom",1,0,1,"United Kingdom"
"12997",145.991666666667,6,1492.49,248.748333333333,10.1481481481481,822,2,"United Kingdom",0,0,3,"United Kingdom"
"12998",402.197916666667,3,920.08,306.693333333333,19.3793103448276,1124,7,"United Kingdom",1,0,1,"United Kingdom"
"12999",105.976388888889,3,455.88,151.96,12.2142857142857,342,2,"United Kingdom",1,0,3,"United Kingdom"
"13000",16.0881944444444,4,1032.5,258.125,8.83870967741935,548,2,"United Kingdom",1,0,3,"United Kingdom"
"13001",67.8625,31,22839.25,736.75,13.1238485158649,12822,68,"United Kingdom",0,1,2,"United Kingdom"
"13002",227.897222222222,3,414.13,138.043333333333,8.73913043478261,201,0,"United Kingdom",1,0,3,"United Kingdom"
"13003",15.0833333333333,3,149.05,49.6833333333333,17.1666666666667,103,1,"United Kingdom",1,0,3,"United Kingdom"
"13004",23.9208333333333,30,9780.03,326.001,10.6035242290749,7221,6,"United Kingdom",0,1,2,"United Kingdom"
"13005",83.08125,4,999.68,249.92,8.25,462,0,"United Kingdom",1,0,3,"United Kingdom"
"13007",489.091666666667,1,175.25,175.25,5.36363636363636,59,0,"United Kingdom",1,0,1,"United Kingdom"
"13008",232.934722222222,3,612.13,204.043333333333,10.8285714285714,379,1,"United Kingdom",1,0,3,"United Kingdom"
"13009",582.019444444444,1,234,234,30,120,4,"United Kingdom",1,0,1,"United Kingdom"
"13010",283.903472222222,2,330.12,165.06,26.9166666666667,323,4,"United Kingdom",1,0,1,"United Kingdom"
"13011",281.811111111111,1,50.55,50.55,4.33333333333333,13,0,"United Kingdom",1,0,1,"United Kingdom"
"13012",58.1194444444444,7,2323.3,331.9,10.7758620689655,1250,2,"United Kingdom",0,0,3,"United Kingdom"
"13013",2.04444444444444,25,9972.58,398.9032,11.7533936651584,5195,12,"United Kingdom",0,1,2,"United Kingdom"
"13014",23.1138888888889,6,3937.28,656.213333333333,9.49438202247191,1690,2,"United Kingdom",0,1,3,"United Kingdom"
"13015",106.850694444444,10,5003.18,500.318,10.0498084291188,2623,8,"United Kingdom",0,1,3,"United Kingdom"
"13016",32.9097222222222,1,425.25,425.25,11.25,315,0,"United Kingdom",0,0,3,"United Kingdom"
"13018",2.03402777777778,25,7561.17,302.4468,10.9408033826638,5175,11,"United Kingdom",0,1,2,"United Kingdom"
"13019",288.9125,6,1229.95,204.991666666667,7.21818181818182,397,0,"United Kingdom",1,0,1,"United Kingdom"
"13020",472.068055555556,2,618.96,309.48,7.12820512820513,278,0,"United Kingdom",1,0,1,"United Kingdom"
"13021",76.0395833333333,12,3423.33,285.2775,9.35326086956522,1721,6,"United Kingdom",0,1,3,"United Kingdom"
"13022",339.083333333333,1,65.3,65.3,7,35,0,"Belgium",1,0,1,"Belgium"
"13023",39.1361111111111,2,1095.53,547.765,8.17857142857143,458,2,"United Kingdom",0,0,3,"United Kingdom"
"13024",380.130555555556,2,555.87,277.935,5.83870967741935,181,0,"United Kingdom",1,0,1,"United Kingdom"
"13025",641.116666666667,1,323.39,323.39,18.5384615384615,241,3,"United Kingdom",1,0,1,"United Kingdom"
"13026",2.11736111111111,7,1361.92,194.56,29.5932203389831,1746,15,"United Kingdom",0,0,3,"United Kingdom"
"13027",23.1326388888889,19,17239.2,907.326315789474,504,42840,85,"United Kingdom",1,1,2,"United Kingdom"
"13029",48.0506944444444,4,1453,363.25,10.8571428571429,152,1,"United Kingdom",0,0,3,"United Kingdom"
"13030",277.929861111111,1,402.36,402.36,3.05263157894737,174,0,"United Kingdom",0,0,1,"United Kingdom"
"13031",316.886111111111,5,3292.84,658.568,5.67321867321867,2309,2,"United Kingdom",1,1,1,"United Kingdom"
"13032",302.000694444444,7,1805.78,257.968571428571,6.61029411764706,899,5,"United Kingdom",0,0,1,"United Kingdom"
"13033",266.935416666667,2,220.55,110.275,7.53846153846154,98,0,"United Kingdom",1,0,1,"United Kingdom"
"13034",278.915277777778,2,279.91,139.955,8.5,153,0,"United Kingdom",0,0,1,"United Kingdom"
"13035",170.145138888889,2,775.32,387.66,18.2962962962963,494,5,"United Kingdom",0,0,3,"United Kingdom"
"13036",594.052083333333,1,307.1,307.1,6.33333333333333,38,0,"United Kingdom",1,0,1,"United Kingdom"
"13037",47.8777777777778,12,3914.95,326.245833333333,9.18103448275862,2130,3,"United Kingdom",1,1,3,"United Kingdom"
"13038",93.0965277777778,2,591.76,295.88,12.7272727272727,280,0,"United Kingdom",0,0,3,"United Kingdom"
"13039",493.836805555556,4,1010.73,252.6825,5.27272727272727,290,0,"United Kingdom",1,0,1,"United Kingdom"
"13041",360.045833333333,4,799.13,199.7825,9.57142857142857,335,3,"United Kingdom",1,0,1,"United Kingdom"
"13042",507.963194444444,3,1488.59,496.196666666667,4.41304347826087,812,1,"United Kingdom",1,0,1,"United Kingdom"
"13043",182.915277777778,1,516.42,516.42,19.5384615384615,254,3,"United Kingdom",1,0,3,"United Kingdom"
"13044",200.895833333333,11,4848.05,440.731818181818,6.125,2548,5,"United Kingdom",1,1,3,"United Kingdom"
"13045",8.90694444444444,3,808.92,269.64,9,405,0,"United Kingdom",1,0,3,"United Kingdom"
"13046",175.879861111111,2,517.66,258.83,9.05714285714286,317,0,"United Kingdom",0,0,3,"United Kingdom"
"13047",36.7861111111111,22,7873,357.863636363636,8.96242774566474,3101,13,"United Kingdom",0,1,2,"United Kingdom"
"13048",23.0604166666667,8,3588.27,448.53375,10.1276595744681,2380,1,"United Kingdom",0,1,3,"United Kingdom"
"13049",227.845138888889,3,905.34,301.78,22.6315789473684,430,3,"United Kingdom",0,0,3,"United Kingdom"
"13050",15.9368055555556,31,10659.4,343.851612903226,6.58654906284454,5974,11,"United Kingdom",0,1,2,"United Kingdom"
"13051",488.15,2,155.8,77.9,18,72,1,"United Kingdom",1,0,1,"United Kingdom"
"13052",121.943055555556,7,3119.33,445.618571428571,5.74193548387097,1424,4,"United Kingdom",1,1,3,"United Kingdom"
"13053",531.056944444444,1,127.65,127.65,2.76470588235294,47,0,"United Kingdom",1,0,1,"United Kingdom"
"13055",123.161111111111,2,1451.56,725.78,11.79,1179,3,"United Kingdom",0,0,3,"United Kingdom"
"13056",460.944444444444,1,209.48,209.48,8.31578947368421,158,1,"United Kingdom",1,0,1,"United Kingdom"
"13057",439.879166666667,3,709.59,236.53,11.4,456,5,"United Kingdom",1,0,1,"United Kingdom"
"13058",61.0340277777778,1,47.55,47.55,3,9,0,"United Kingdom",0,0,3,"United Kingdom"
"13059",159.090277777778,10,2291.77,229.177,4.34343434343434,860,2,"United Kingdom",1,0,3,"United Kingdom"
"13060",163.050694444444,1,307.53,307.53,8.2,123,0,"United Kingdom",1,0,3,"United Kingdom"
"13062",100.901388888889,1,346.98,346.98,31.1818181818182,343,1,"United Kingdom",1,0,3,"United Kingdom"
"13063",390.015972222222,1,188.4,188.4,9.66666666666667,116,0,"United Kingdom",1,0,1,"United Kingdom"
"13064",62.0527777777778,4,1220.5,305.125,7.18032786885246,438,1,"United Kingdom",0,0,3,"United Kingdom"
"13065",282.831944444444,5,1055.05,211.01,6.14516129032258,381,0,"United Kingdom",1,0,1,"United Kingdom"
"13067",319.024305555556,2,393.05,196.525,5.82352941176471,99,0,"United Kingdom",0,0,1,"United Kingdom"
"13068",229.1875,1,165,165,100,100,1,"United Kingdom",0,0,3,"United Kingdom"
"13069",9.04305555555556,34,8723.03,256.559705882353,14.7308868501529,14451,40,"United Kingdom",0,1,2,"United Kingdom"
"13070",101.961805555556,4,751.7,187.925,11.2727272727273,372,1,"United Kingdom",1,0,3,"United Kingdom"
"13071",521.967361111111,1,129.22,129.22,2.5,30,0,"United Kingdom",1,0,1,"United Kingdom"
"13072",176.193055555556,1,177.15,177.15,9.85714285714286,69,0,"United Kingdom",1,0,3,"United Kingdom"
"13073",320.947222222222,2,418.08,209.04,9.66666666666667,261,0,"United Kingdom",1,0,1,"United Kingdom"
"13074",420.83125,4,1378.74,344.685,28.4827586206897,826,5,"United Kingdom",1,0,1,"United Kingdom"
"13075",39.1048611111111,1,919.61,919.61,22.0454545454545,485,6,"United Kingdom",1,0,3,"United Kingdom"
"13076",367.099305555556,1,135.4,135.4,4.88888888888889,44,0,"United Kingdom",1,0,1,"United Kingdom"
"13077",199.854861111111,10,2588.82,258.882,7.87188612099644,2212,11,"United Kingdom",0,0,3,"United Kingdom"
"13078",16.1069444444444,46,23307.27,506.679782608696,12.9577874818049,8902,42,"United Kingdom",0,1,2,"United Kingdom"
"13079",0.892361111111111,3,258.58,86.1933333333333,8.15384615384615,106,0,"United Kingdom",0,0,3,"United Kingdom"
"13080",88.9104166666667,4,280.73,70.1825,10.1578947368421,193,0,"United Kingdom",1,0,3,"United Kingdom"
"13081",53.04375,25,47371.11,1894.8444,16.7699203187251,33674,183,"United Kingdom",0,1,2,"United Kingdom"
"13082",35.8569444444444,21,7335.75,349.321428571429,65.6279069767442,8466,28,"United Kingdom",1,1,2,"United Kingdom"
"13083",334.966666666667,1,91.68,91.68,30,120,2,"United Kingdom",0,0,1,"United Kingdom"
"13084",401.167361111111,1,122.4,122.4,72,144,2,"United Kingdom",1,0,1,"United Kingdom"
"13085",67.0270833333333,8,2433.28,304.16,11.2380952380952,944,3,"United Kingdom",1,0,3,"United Kingdom"
"13086",292.098611111111,1,439.33,439.33,3.29787234042553,155,0,"United Kingdom",1,0,1,"United Kingdom"
"13087",635.898611111111,1,313.64,313.64,5.73333333333333,86,0,"United Kingdom",1,0,1,"United Kingdom"
"13088",326.885416666667,1,236.11,236.11,3.8,76,0,"United Kingdom",1,0,1,"United Kingdom"
"13089",9.05347222222222,177,97915.57,553.195310734463,17.78087375301,51689,321,"United Kingdom",0,1,4,"United Kingdom"
"13090",45.9159722222222,19,9092.94,478.575789473684,10.8564102564103,2117,10,"United Kingdom",0,1,2,"United Kingdom"
"13091",639.004166666667,2,1976,988,36.375,873,12,"United Kingdom",0,0,1,"United Kingdom"
"13092",121.102777777778,11,2102.2,191.109090909091,4.75247524752475,480,0,"United Kingdom",0,0,3,"United Kingdom"
"13093",185.025,55,54144.25,984.440909090909,25.0443587270974,25971,274,"United Kingdom",1,1,2,"United Kingdom"
"13094",39.0104166666667,11,1827.84,166.167272727273,61.44,1536,20,"United Kingdom",0,0,3,"United Kingdom"
"13096",303.945833333333,1,419.7,419.7,6,6,0,"United Kingdom",1,0,1,"United Kingdom"
"13097",32.0298611111111,26,11957.39,459.899615384615,5.35469613259669,4846,7,"United Kingdom",0,1,2,"United Kingdom"
"13098",3.88611111111111,18,15169.46,842.747777777778,22.8372703412074,8701,75,"United Kingdom",0,1,2,"United Kingdom"
"13099",8.79861111111111,1,207.36,207.36,288,288,1,"United Kingdom",1,0,3,"United Kingdom"
"13101",143.925694444444,4,695.4,173.85,9.37254901960784,478,3,"United Kingdom",1,0,3,"United Kingdom"
"13102",43.0326388888889,32,9917.71,309.9284375,12.9344262295082,5523,14,"United Kingdom",0,1,2,"United Kingdom"
"13103",347.043055555556,2,465.7,232.85,13.76,344,0,"United Kingdom",0,0,1,"United Kingdom"
"13104",42.8923611111111,6,987.06,164.51,36.4285714285714,510,7,"United Kingdom",0,0,3,"United Kingdom"
"13105",345.964583333333,1,72,72,100,100,1,"United Kingdom",1,0,1,"United Kingdom"
"13106",42.9013888888889,2,603.46,301.73,14.4375,231,1,"United Kingdom",1,0,3,"United Kingdom"
"13107",85.1618055555556,7,4656.67,665.238571428571,24.6089743589744,3839,34,"United Kingdom",0,1,3,"United Kingdom"
"13108",282.09375,2,748.46,374.23,21.2857142857143,745,6,"United Kingdom",1,0,1,"United Kingdom"
"13109",66.9125,2,717.34,358.67,10.5744680851064,497,1,"United Kingdom",0,0,3,"United Kingdom"
"13110",46.8541666666667,10,2511.04,251.104,3.07582938388626,649,0,"United Kingdom",0,0,3,"United Kingdom"
"13111",628.159722222222,1,321.88,321.88,15,180,1,"United Kingdom",1,0,1,"United Kingdom"
"13112",450.824305555556,1,20.6,20.6,5.5,11,0,"United Kingdom",1,0,1,"United Kingdom"
"13113",23.1111111111111,33,16771.17,508.217272727273,11.3484419263456,4006,31,"United Kingdom",0,1,2,"United Kingdom"
"13114",640.120833333333,1,234.38,234.38,4.625,74,0,"United Kingdom",1,0,1,"United Kingdom"
"13115",93.8576388888889,7,4078.47,582.638571428571,12,2988,8,"United Kingdom",0,1,3,"United Kingdom"
"13116",47.9284722222222,1,501.14,501.14,9.7,291,0,"United Kingdom",1,0,3,"United Kingdom"
"13117",31.1118055555556,17,2112.52,124.265882352941,10.5921052631579,1610,1,"United Kingdom",0,0,3,"United Kingdom"
"13118",117.977777777778,7,2017.3,288.185714285714,5.96581196581197,698,1,"United Kingdom",0,0,3,"United Kingdom"
"13119",578.175,1,134.9,134.9,10,110,0,"United Kingdom",1,0,1,"United Kingdom"
"13120",148.104861111111,1,30.6,30.6,12,12,0,"United Kingdom",1,0,3,"United Kingdom"
"13121",178.835416666667,1,283.73,283.73,5.04,252,1,"United Kingdom",1,0,3,"United Kingdom"
"13122",3.87291666666667,2,922.39,461.195,10.6363636363636,585,2,"United Kingdom",1,0,3,"United Kingdom"
"13123",382.105555555556,2,506.75,253.375,5.95555555555556,268,0,"United Kingdom",1,0,1,"United Kingdom"
"13124",161.911111111111,3,3401.8,1133.93333333333,10.8823529411765,2220,12,"United Kingdom",0,1,3,"United Kingdom"
"13125",433.036111111111,1,148.62,148.62,2.65,53,0,"United Kingdom",1,0,1,"United Kingdom"
"13126",162.840277777778,10,2752.59,275.259,13.4634146341463,2208,7,"United Kingdom",0,1,3,"United Kingdom"
"13128",540.904166666667,1,263.5,263.5,31,31,1,"United Kingdom",1,0,1,"United Kingdom"
"13129",361.960416666667,2,233.25,116.625,26.9090909090909,296,2,"United Kingdom",1,0,1,"United Kingdom"
"13130",3.88888888888889,1,64,64,16,32,0,"United Kingdom",1,0,3,"United Kingdom"
"13131",97.0805555555555,5,2565.37,513.074,10.1176470588235,1204,0,"United Kingdom",0,0,3,"United Kingdom"
"13132",171.004166666667,1,77.3,77.3,6.66666666666667,20,0,"United Kingdom",1,0,3,"United Kingdom"
"13133",183.096527777778,3,200.45,66.8166666666667,4.58333333333333,55,0,"United Kingdom",1,0,3,"United Kingdom"
"13134",93.0506944444444,5,1567.39,313.478,9.20289855072464,635,2,"United Kingdom",0,0,3,"United Kingdom"
"13135",106.081944444444,2,3371.45,1685.725,245.722222222222,4423,1,"United Kingdom",1,1,3,"United Kingdom"
"13136",52.0340277777778,11,4893.63,444.875454545455,9.71541501976285,2458,1,"United Kingdom",0,1,3,"United Kingdom"
"13137",2.00555555555556,13,5871.97,451.69,2.92244525547445,3203,3,"United Kingdom",0,1,3,"United Kingdom"
"13138",42.9694444444444,4,801.07,200.2675,6.6,363,0,"United Kingdom",0,0,3,"United Kingdom"
"13139",19.1152777777778,4,4848.98,1212.245,20.1034482758621,2915,29,"United Kingdom",0,1,3,"United Kingdom"
"13140",17.8868055555556,5,1054.92,210.984,5.44761904761905,572,2,"United Kingdom",1,0,3,"United Kingdom"
"13141",123.886805555556,16,6668.36,416.7725,12.0449735449735,4553,15,"United Kingdom",0,1,3,"United Kingdom"
"13143",494.019444444444,1,405.1,405.1,8.60869565217391,198,0,"United Kingdom",1,0,1,"United Kingdom"
"13144",242.065972222222,2,135.35,67.675,4.83333333333333,29,0,"United Kingdom",1,0,1,"United Kingdom"
"13145",1.11111111111111,6,1009.72,168.286666666667,30.125,241,2,"United Kingdom",0,0,3,"United Kingdom"
"13147",9.01527777777778,1,118.8,118.8,24,24,0,"United Kingdom",0,0,3,"United Kingdom"
"13148",43.1805555555556,24,7580.57,315.857083333333,5.64057971014493,3892,4,"United Kingdom",0,1,2,"United Kingdom"
"13149",15.9652777777778,3,1132.62,377.54,13.8125,884,4,"United Kingdom",0,0,3,"United Kingdom"
"13150",393.99375,3,449.97,149.99,21.375,171,2,"United Kingdom",1,0,1,"United Kingdom"
"13151",205.014583333333,3,2465.21,821.736666666667,5.14556962025316,813,1,"United Kingdom",1,0,3,"United Kingdom"
"13152",326.9625,7,2146.38,306.625714285714,7.23703703703704,977,1,"United Kingdom",1,0,1,"United Kingdom"
"13154",308.868055555556,3,1624.84,541.613333333333,10.494623655914,976,1,"United Kingdom",1,0,1,"United Kingdom"
"13155",236.061805555556,4,967.92,241.98,5.62222222222222,506,0,"United Kingdom",0,0,3,"United Kingdom"
"13156",294.986805555556,3,1586.54,528.846666666667,8.78846153846154,914,2,"United Kingdom",1,0,1,"United Kingdom"
"13157",50.9277777777778,8,4819.34,602.4175,19.8599033816425,4111,30,"United Kingdom",0,1,3,"United Kingdom"
"13158",4.03611111111111,5,1508.18,301.636,9.92,992,1,"United Kingdom",1,0,3,"United Kingdom"
"13159",15.9013888888889,2,843.09,421.545,8.25,627,2,"United Kingdom",0,0,3,"United Kingdom"
"13161",222.949305555556,2,472.13,236.065,3.18181818181818,105,0,"United Kingdom",1,0,3,"United Kingdom"
"13162",31.86875,16,9275.49,579.718125,24.1806722689076,5755,51,"United Kingdom",1,1,3,"United Kingdom"
"13163",519.853472222222,1,17.65,17.65,1.5,3,0,"United Kingdom",1,0,1,"United Kingdom"
"13164",478.956944444444,2,372.2,186.1,12,120,2,"United Kingdom",1,0,1,"United Kingdom"
"13165",260.947222222222,2,784.32,392.16,42.8,856,10,"United Kingdom",0,0,1,"United Kingdom"
"13166",192.898611111111,2,875.93,437.965,7.67647058823529,522,1,"United Kingdom",1,0,3,"United Kingdom"
"13167",40.0263888888889,3,751.37,250.456666666667,12.8653846153846,669,4,"United Kingdom",0,0,3,"United Kingdom"
"13168",108.954166666667,4,1494.2,373.55,5.01948051948052,773,1,"United Kingdom",0,0,3,"United Kingdom"
"13169",161.934722222222,2,632.4,316.2,10.9090909090909,120,0,"United Kingdom",0,0,3,"United Kingdom"
"13171",208.940277777778,1,140.35,140.35,2.30434782608696,53,0,"United Kingdom",0,0,3,"United Kingdom"
"13172",309.902777777778,1,69.6,69.6,48,48,1,"United Kingdom",1,0,1,"United Kingdom"
"13173",276.930555555556,10,2212.11,221.211,6.72448979591837,1318,8,"United Kingdom",0,0,1,"United Kingdom"
"13174",225.884722222222,11,7286.6,662.418181818182,3.89030023094688,3369,7,"United Kingdom",0,1,3,"United Kingdom"
"13175",491.984027777778,2,831.45,415.725,9.19565217391304,423,0,"United Kingdom",1,0,1,"United Kingdom"
"13177",340.09375,1,229.75,229.75,6.84615384615385,89,0,"United Kingdom",0,0,1,"United Kingdom"
"13178",42.9673611111111,18,12725.45,706.969444444444,12.451355661882,7807,25,"United Kingdom",0,1,2,"United Kingdom"
"13179",528.048611111111,1,572.31,572.31,10.8235294117647,368,0,"United Kingdom",1,0,1,"United Kingdom"
"13180",516.967361111111,1,86.1,86.1,10.5,42,0,"United Kingdom",1,0,1,"United Kingdom"
"13181",290.90625,1,359.69,359.69,9,171,0,"United Kingdom",1,0,1,"United Kingdom"
"13183",10.83125,12,5473.38,456.115,24.3805970149254,3267,44,"United Kingdom",0,1,3,"United Kingdom"
"13184",40.0680555555556,9,1472.1,163.566666666667,9.72784810126582,1537,8,"United Kingdom",0,0,3,"United Kingdom"
"13185",177.0375,1,71.4,71.4,12,12,0,"United Kingdom",1,0,3,"United Kingdom"
"13186",3.04444444444444,2,1301.94,650.97,8.68253968253968,547,0,"United Kingdom",0,0,3,"United Kingdom"
"13187",246.745138888889,4,341.36,85.34,5.28571428571429,296,0,"United Kingdom",1,0,1,"United Kingdom"
"13189",24.9847222222222,1,127,127,29.2222222222222,526,5,"United Kingdom",0,0,3,"United Kingdom"
"13190",453.877083333333,3,570.66,190.22,18.1176470588235,308,3,"United Kingdom",1,0,1,"United Kingdom"
"13191",567.825,1,164.69,164.69,1.94915254237288,115,0,"United Kingdom",1,0,1,"United Kingdom"
"13192",4.94236111111111,6,2558.58,426.43,10.0555555555556,1629,1,"United Kingdom",1,0,3,"United Kingdom"
"13194",45.1590277777778,2,472.78,236.39,32.6,326,2,"United Kingdom",1,0,3,"United Kingdom"
"13195",323.988194444444,1,136.73,136.73,1.52173913043478,70,0,"United Kingdom",1,0,1,"United Kingdom"
"13196",171.934722222222,4,1783.19,445.7975,9.83928571428571,1102,0,"United Kingdom",0,0,3,"United Kingdom"
"13197",519.15,1,373.01,373.01,10.7368421052632,204,0,"United Kingdom",1,0,1,"United Kingdom"
"13198",30.0013888888889,7,4582.17,654.595714285714,10.9310344827586,3170,6,"United Kingdom",0,1,3,"United Kingdom"
"13199",1.91458333333333,51,10887.25,213.475490196078,60.2866666666667,9043,60,"United Kingdom",0,1,2,"United Kingdom"
"13200",35.9166666666667,1,319.32,319.32,17.7857142857143,249,1,"United Kingdom",0,0,3,"United Kingdom"
"13201",411.930555555556,4,1233.06,308.265,12.046511627907,1036,5,"United Kingdom",1,0,1,"United Kingdom"
"13202",303.851388888889,7,1580.3,225.757142857143,8.28985507246377,572,0,"United Kingdom",1,0,1,"United Kingdom"
"13203",30.0979166666667,8,2088.65,261.08125,14.2954545454545,1887,7,"United Kingdom",0,0,3,"United Kingdom"
"13204",640.9125,1,966.66,966.66,7.50877192982456,428,0,"United Kingdom",1,0,1,"United Kingdom"
"13205",352.85,1,2803.2,2803.2,256,256,1,"United Kingdom",1,1,1,"United Kingdom"
"13206",309.833333333333,13,8308.19,639.091538461538,12.5194346289753,7086,44,"United Kingdom",1,1,1,"United Kingdom"
"13207",60.0520833333333,3,483.12,161.04,12,120,0,"United Kingdom",0,0,3,"United Kingdom"
"13208",64.9388888888889,7,1587.47,226.781428571429,5.17209302325581,1112,2,"United Kingdom",0,0,3,"United Kingdom"
"13209",38.0277777777778,10,6773.98,677.398,16.9010600706714,4783,32,"United Kingdom",0,1,3,"United Kingdom"
"13210",3.18888888888889,1,353.48,353.48,14.3636363636364,316,2,"United Kingdom",1,0,3,"United Kingdom"
"13211",4.80138888888889,9,2307.99,256.443333333333,8.32460732984293,1590,9,"United Kingdom",0,0,3,"United Kingdom"
"13213",37.9888888888889,10,3294.82,329.482,12.6060606060606,2080,15,"United Kingdom",0,1,3,"United Kingdom"
"13214",327.118055555556,7,3264.23,466.318571428571,12.9519650655022,2966,9,"United Kingdom",1,1,1,"United Kingdom"
"13215",311.766666666667,1,81.6,81.6,96,96,1,"United Kingdom",1,0,1,"United Kingdom"
"13216",177.022222222222,1,333.74,333.74,59.4,297,4,"United Kingdom",1,0,3,"United Kingdom"
"13217",31.8875,4,666.48,166.62,102.4,512,4,"United Kingdom",1,0,3,"United Kingdom"
"13218",36.8270833333333,1,62.64,62.64,17.6,88,1,"United Kingdom",1,0,3,"United Kingdom"
"13219",527.938888888889,1,76.23,76.23,1,11,0,"United Kingdom",1,0,1,"United Kingdom"
"13220",95.0694444444444,4,1243.29,310.8225,6.77551020408163,332,0,"United Kingdom",0,0,3,"United Kingdom"
"13221",149.827777777778,2,847.41,423.705,3.6969696969697,244,0,"United Kingdom",1,0,3,"United Kingdom"
"13222",486.955555555556,1,88.5,88.5,30,30,1,"United Kingdom",1,0,1,"United Kingdom"
"13223",109.990972222222,6,969.12,161.52,43.6923076923077,568,8,"United Kingdom",1,0,3,"United Kingdom"
"13224",60.9444444444444,1,1212.26,1212.26,15.8333333333333,665,3,"United Kingdom",0,0,3,"United Kingdom"
"13225",52.8430555555556,14,14095.79,1006.84214285714,53.9385964912281,6149,78,"United Kingdom",0,1,3,"United Kingdom"
"13226",182.927083333333,2,312.46,156.23,6.39285714285714,179,0,"United Kingdom",1,0,3,"United Kingdom"
"13227",111.04375,1,257.7,257.7,11,99,0,"United Kingdom",1,0,3,"United Kingdom"
"13229",135.029861111111,1,160.95,160.95,6.3,63,0,"United Kingdom",1,0,3,"United Kingdom"
"13230",47.8555555555556,28,5559.61,198.5575,2.91387126019946,3214,6,"United Kingdom",0,1,2,"United Kingdom"
"13232",7.98055555555556,5,1019.05,203.81,3.95731707317073,649,2,"United Kingdom",0,0,3,"United Kingdom"
"13233",245.917361111111,3,875.58,291.86,20.08,1004,12,"United Kingdom",0,0,1,"United Kingdom"
"13234",582.047916666667,2,346.5,173.25,2.60655737704918,159,0,"United Kingdom",1,0,1,"United Kingdom"
"13235",121.817361111111,1,1031.07,1031.07,7.60344827586207,441,1,"United Kingdom",1,0,3,"United Kingdom"
"13236",16.1611111111111,1,439.23,439.23,8,168,0,"United Kingdom",0,0,3,"United Kingdom"
"13237",297.113194444444,1,643,643,5.33333333333333,128,0,"United Kingdom",1,0,1,"United Kingdom"
"13238",73.0263888888889,4,624.75,156.1875,8.78125,281,0,"United Kingdom",0,0,3,"United Kingdom"
"13239",171.100694444444,5,1594.69,318.938,12.3763440860215,1151,4,"United Kingdom",1,0,3,"United Kingdom"
"13240",5.94583333333333,8,1475.79,184.47375,3.5273631840796,709,1,"United Kingdom",1,0,3,"United Kingdom"
"13241",321.064583333333,1,112.53,112.53,1.15,46,0,"United Kingdom",1,0,1,"United Kingdom"
"13242",21.9979166666667,7,699.4,99.9142857142857,10,350,0,"United Kingdom",1,0,3,"United Kingdom"
"13243",112.983333333333,5,1220.38,244.076,2.70243902439024,554,0,"United Kingdom",1,0,3,"United Kingdom"
"13244",2.04444444444444,1,121.74,121.74,1.40740740740741,38,0,"United Kingdom",1,0,3,"United Kingdom"
"13245",341.949305555556,1,558.72,558.72,8.48275862068965,246,0,"United Kingdom",0,0,1,"United Kingdom"
"13246",85.9993055555556,10,3228.74,322.874,7.90201729106628,2742,21,"United Kingdom",0,1,3,"United Kingdom"
"13248",34.0069444444444,2,465.68,232.84,11.7307692307692,305,1,"United Kingdom",1,0,3,"United Kingdom"
"13249",1.975,9,1608.93,178.77,35.6,1246,14,"United Kingdom",1,0,3,"United Kingdom"
"13250",370.053472222222,2,253.09,126.545,5.63157894736842,107,0,"United Kingdom",1,0,1,"United Kingdom"
"13251",311.979166666667,1,252.68,252.68,8.6,215,0,"United Kingdom",1,0,1,"United Kingdom"
"13252",303.868055555556,2,399.3,199.65,7.05263157894737,134,0,"United Kingdom",1,0,1,"United Kingdom"
"13253",66.1118055555555,4,2951.11,737.7775,40.2,3015,35,"United Kingdom",1,1,3,"United Kingdom"
"13254",285.880555555556,1,51.41,51.41,10.75,43,0,"United Kingdom",1,0,1,"United Kingdom"
"13255",283.036111111111,2,504.95,252.475,17.8947368421053,340,3,"United Kingdom",0,0,1,"United Kingdom"
"13257",345.911111111111,1,149.75,149.75,4.71428571428571,33,0,"United Kingdom",1,0,1,"United Kingdom"
"13258",114.985416666667,3,535.47,178.49,11.4761904761905,241,2,"United Kingdom",0,0,3,"United Kingdom"
"13259",307.079166666667,8,1119.36,139.92,1.625,377,0,"United Kingdom",0,0,1,"United Kingdom"
"13261",178.019444444444,2,944.1,472.05,23.3333333333333,210,2,"United Kingdom",1,0,3,"United Kingdom"
"13262",172.905555555556,3,573.45,191.15,4.94,247,0,"United Kingdom",1,0,3,"United Kingdom"
"13263",17.8048611111111,27,6094.06,225.705925925926,2.44708423326134,3399,3,"United Kingdom",0,1,2,"United Kingdom"
"13264",352.005555555556,1,722.56,722.56,9.86842105263158,375,0,"United Kingdom",1,0,1,"United Kingdom"
"13265",93.1402777777778,3,1450.66,483.553333333333,18.4590163934426,1126,4,"United Kingdom",0,0,3,"United Kingdom"
"13266",22.1354166666667,15,4836.36,322.424,23.0759493670886,5469,43,"United Kingdom",0,1,3,"United Kingdom"
"13267",1.88472222222222,32,8027.66,250.864375,9.58045977011494,3334,7,"United Kingdom",0,1,2,"United Kingdom"
"13268",79.05,6,2117.81,352.968333333333,8.46938775510204,2490,12,"United Kingdom",0,0,3,"United Kingdom"
"13269",19.0277777777778,21,6172.54,293.930476190476,12.8416886543536,4867,32,"United Kingdom",0,1,2,"United Kingdom"
"13270",275.914583333333,1,590,590,200,200,1,"United Kingdom",1,0,1,"United Kingdom"
"13273",22.95,1,138.98,138.98,9.5625,153,1,"United Kingdom",1,0,3,"United Kingdom"
"13274",318.959722222222,1,360.85,360.85,10.4736842105263,199,0,"United Kingdom",1,0,1,"United Kingdom"
"13275",293.028472222222,2,238.86,119.43,2.875,138,0,"United Kingdom",1,0,1,"United Kingdom"
"13276",9.11597222222222,4,1438.36,359.59,3.23611111111111,699,1,"United Kingdom",0,0,3,"United Kingdom"
"13277",25.9166666666667,5,390.8,78.16,15.3684210526316,292,3,"United Kingdom",0,0,3,"United Kingdom"
"13278",309.047222222222,3,893.12,297.706666666667,13.241935483871,821,4,"United Kingdom",0,0,1,"United Kingdom"
"13280",31.9833333333333,7,2293.33,327.618571428571,7.26341463414634,1489,5,"United Kingdom",1,0,3,"United Kingdom"
"13281",348.865972222222,1,350.85,350.85,9.13636363636364,201,1,"United Kingdom",1,0,1,"United Kingdom"
"13282",71.98125,3,954.15,318.05,7.63888888888889,275,0,"United Kingdom",0,0,3,"United Kingdom"
"13283",95.0076388888889,3,305.2,101.733333333333,9.6,144,0,"United Kingdom",0,0,3,"United Kingdom"
"13284",240.14375,1,201.19,201.19,7,91,0,"United Kingdom",1,0,1,"United Kingdom"
"13285",70.9145833333333,5,2625.57,525.114,10.2762430939227,1860,1,"United Kingdom",0,0,3,"United Kingdom"
"13286",509.885416666667,1,734.91,734.91,5.59183673469388,274,1,"United Kingdom",1,0,1,"United Kingdom"
"13287",512.891666666667,3,781.59,260.53,8.09433962264151,429,1,"United Kingdom",1,0,1,"United Kingdom"
"13288",352.845833333333,5,927.61,185.522,37.9,379,7,"United Kingdom",1,0,1,"United Kingdom"
"13289",633.039583333333,1,307.95,307.95,7.4375,119,0,"United Kingdom",1,0,1,"United Kingdom"
"13290",347.847916666667,1,208.63,208.63,1,1,0,"United Kingdom",1,0,1,"United Kingdom"
"13291",65.0930555555556,11,3270.79,297.344545454545,5.0314465408805,1600,2,"United Kingdom",1,1,3,"United Kingdom"
"13292",193.909722222222,4,665.14,166.285,7.52380952380952,316,0,"United Kingdom",0,0,3,"United Kingdom"
"13293",301.973611111111,6,1192.94,198.823333333333,7.70833333333333,555,0,"United Kingdom",1,0,1,"United Kingdom"
"13294",99.1638888888889,3,1689.53,563.176666666667,9.76470588235294,996,0,"United Kingdom",1,0,3,"United Kingdom"
"13295",269.061805555556,4,1101.97,275.4925,10.9402985074627,733,1,"United Kingdom",1,0,1,"United Kingdom"
"13296",46.9611111111111,6,792.51,132.085,12.3207547169811,653,2,"United Kingdom",1,0,3,"United Kingdom"
"13297",294.959027777778,3,2278.77,759.59,27.046875,1731,24,"United Kingdom",0,0,1,"United Kingdom"
"13299",177.996527777778,3,1218.7,406.233333333333,6.70967741935484,416,0,"United Kingdom",1,0,3,"United Kingdom"
"13300",78.9868055555555,3,1285.51,428.503333333333,8.27272727272727,455,0,"United Kingdom",1,0,3,"United Kingdom"
"13301",13.0590277777778,4,618.09,154.5225,4.25925925925926,345,1,"United Kingdom",1,0,3,"United Kingdom"
"13302",64.7875,2,159.2,79.6,4,12,0,"United Kingdom",1,0,3,"United Kingdom"
"13303",309.913194444444,1,61.72,61.72,6.5,26,0,"United Kingdom",1,0,1,"United Kingdom"
"13304",260.927083333333,4,1217.99,304.4975,9.17948717948718,716,2,"United Kingdom",1,0,1,"United Kingdom"
"13305",2.11666666666667,14,3086.8,220.485714285714,10.909604519774,1931,12,"United Kingdom",0,1,3,"United Kingdom"
"13306",339.913194444444,1,53.65,53.65,18.5,74,0,"United Kingdom",1,0,1,"United Kingdom"
"13307",29.8166666666667,3,273.34,91.1133333333333,9.33333333333333,140,1,"United Kingdom",1,0,3,"United Kingdom"
"13308",112.984027777778,2,1099.81,549.905,17.4186046511628,749,2,"United Kingdom",0,0,3,"United Kingdom"
"13309",116.004166666667,3,796.22,265.406666666667,14.0857142857143,986,1,"United Kingdom",0,0,3,"United Kingdom"
"13310",115.975,4,1226.82,306.705,8.32,624,0,"United Kingdom",0,0,3,"United Kingdom"
"13311",59.9333333333333,1,490.11,490.11,11.2916666666667,271,2,"United Kingdom",0,0,3,"United Kingdom"
"13312",360.926388888889,1,124.75,124.75,8.2,41,0,"United Kingdom",1,0,1,"United Kingdom"
"13313",50.7715277777778,10,2808.34,280.834,12.4615384615385,1944,8,"United Kingdom",0,1,3,"United Kingdom"
"13315",598.886111111111,1,310.26,310.26,10.5454545454545,232,1,"United Kingdom",1,0,1,"United Kingdom"
"13316",41.0430555555556,8,10743.07,1342.88375,138.518518518519,18700,62,"United Kingdom",0,1,3,"United Kingdom"
"13317",108.09375,18,5526.391,307.021722222222,9.07638888888889,2614,4,"United Kingdom",0,1,3,"United Kingdom"
"13319",1.10138888888889,51,17868.14,350.35568627451,9.25093167701863,7447,11,"United Kingdom",0,1,2,"United Kingdom"
"13320",16.0277777777778,5,1660.55,332.11,10.6140350877193,1210,0,"United Kingdom",0,0,3,"United Kingdom"
"13324",112.947222222222,15,7190.51,479.367333333333,59.5416666666667,5716,45,"United Kingdom",0,1,3,"United Kingdom"
"13326",341.868055555556,1,281.76,281.76,10.7692307692308,140,0,"United Kingdom",1,0,1,"United Kingdom"
"13327",22.0381944444444,19,8245.46,433.971578947368,12.8633333333333,3859,24,"United Kingdom",0,1,2,"United Kingdom"
"13328",225.894444444444,1,1308.48,1308.48,40,680,9,"United Kingdom",1,0,3,"United Kingdom"
"13329",276.110416666667,7,4323.97,617.71,27.9907407407407,3023,24,"United Kingdom",0,1,1,"United Kingdom"
"13330",2.01597222222222,6,2796.1,466.016666666667,16.6752136752137,1951,9,"United Kingdom",1,1,3,"United Kingdom"
"13331",311.198611111111,1,262.4,262.4,4.5,54,0,"United Kingdom",1,0,1,"United Kingdom"
"13333",320.976388888889,3,1015.74,338.58,12.4545454545455,685,5,"United Kingdom",1,0,1,"United Kingdom"
"13334",100.053472222222,4,5408.07,1352.0175,6.58056872037915,2777,4,"United Kingdom",0,1,3,"United Kingdom"
"13337",455.974305555556,1,1575.26,1575.26,11.264367816092,980,5,"United Kingdom",1,0,1,"United Kingdom"
"13338",67.1555555555556,4,2445.62,611.405,8.9921875,1151,2,"United Kingdom",1,0,3,"United Kingdom"
"13339",110.179861111111,1,860.12,860.12,6.03703703703704,326,0,"United Kingdom",1,0,3,"United Kingdom"
"13340",15.1215277777778,10,20593.62,2059.362,46.7046632124352,9014,117,"United Kingdom",0,1,3,"United Kingdom"
"13341",170.125,1,775.85,775.85,7.16666666666667,301,0,"United Kingdom",1,0,3,"United Kingdom"
"13343",87.0180555555555,1,353.43,353.43,7.10526315789474,135,0,"United Kingdom",1,0,3,"United Kingdom"
"13344",187.098611111111,1,1656.15,1656.15,8.80882352941176,599,0,"United Kingdom",0,0,3,"United Kingdom"
"13345",197.159027777778,1,389.5,389.5,7.05,141,0,"United Kingdom",1,0,3,"United Kingdom"
"13346",372.047916666667,6,299.4,49.9,30,180,3,"United Kingdom",1,0,1,"United Kingdom"
"13355",31.9180555555556,1,674.7,674.7,9.8125,314,1,"United Kingdom",1,0,3,"United Kingdom"
"13357",166.954166666667,5,3805.51,761.102,5.36040609137056,2112,5,"United Kingdom",1,1,3,"United Kingdom"
"13358",178.040277777778,1,439.03,439.03,9.82758620689655,285,1,"United Kingdom",1,0,3,"United Kingdom"
"13359",312.90625,1,603.75,603.75,6.66666666666667,220,0,"United Kingdom",0,0,1,"United Kingdom"
"13360",341.009027777778,4,1553.65,388.4125,14.2727272727273,942,4,"United Kingdom",1,0,1,"United Kingdom"
"13361",381.9125,2,1450.5,725.25,9.52941176470588,324,1,"United Kingdom",1,0,1,"United Kingdom"
"13362",155.186805555556,5,3884.86,776.972,8.11555555555556,1826,3,"United Kingdom",0,1,3,"United Kingdom"
"13363",319.071527777778,1,731.36,731.36,10.3809523809524,436,0,"United Kingdom",0,0,1,"United Kingdom"
"13365",127.034722222222,1,700.6,700.6,10.3589743589744,404,0,"United Kingdom",0,0,3,"United Kingdom"
"13367",341.118055555556,1,510.2,510.2,12.65,253,1,"United Kingdom",1,0,1,"United Kingdom"
"13368",166.11875,4,1121.5,280.375,11.6538461538462,606,1,"United Kingdom",1,0,3,"United Kingdom"
"13369",275.055555555556,1,308.28,308.28,10.6428571428571,149,1,"United Kingdom",1,0,1,"United Kingdom"
"13370",281.1,1,754.87,754.87,8.7948717948718,343,1,"United Kingdom",1,0,1,"United Kingdom"
"13371",414.803472222222,2,2297.66,1148.83,11.0760869565217,1019,4,"United Kingdom",1,0,1,"United Kingdom"
"13373",68.0215277777778,5,6330.52,1266.104,11.6209150326797,3556,12,"United Kingdom",0,1,3,"United Kingdom"
"13374",324.115277777778,2,422.8,211.4,7.94117647058824,135,0,"United Kingdom",1,0,1,"United Kingdom"
"13375",354.193055555556,1,1013.58,1013.58,20.0588235294118,682,8,"United Kingdom",0,0,1,"United Kingdom"
"13376",8.85694444444444,3,1019.76,339.92,9.30188679245283,493,0,"United Kingdom",1,0,3,"United Kingdom"
"13377",306.020833333333,2,1552.88,776.44,9.58974358974359,748,1,"United Kingdom",1,0,1,"United Kingdom"
"13379",46.0166666666667,1,136.29,136.29,12.7692307692308,166,0,"United Kingdom",0,0,3,"United Kingdom"
"13380",342.105555555556,1,62.4,62.4,16,48,0,"United Kingdom",1,0,1,"United Kingdom"
"13381",22.9604166666667,10,7046.39,704.639,14.49,4347,19,"United Kingdom",0,1,3,"United Kingdom"
"13382",190.115972222222,5,1387.58,277.516,10.0348837209302,863,0,"United Kingdom",1,0,3,"United Kingdom"
"13383",453.045138888889,1,305.28,305.28,288,288,1,"United Kingdom",1,0,1,"United Kingdom"
"13384",38.1319444444444,6,4284.74,714.123333333333,14.9569892473118,2782,16,"United Kingdom",0,1,3,"United Kingdom"
"13385",239.123611111111,1,534.57,534.57,8.02857142857143,281,0,"United Kingdom",1,0,1,"United Kingdom"
"13386",323.998611111111,2,835.46,417.73,16.5806451612903,514,4,"United Kingdom",1,0,1,"United Kingdom"
"13387",326.946527777778,1,186.94,186.94,1.73239436619718,123,0,"United Kingdom",1,0,1,"United Kingdom"
"13388",40.9986111111111,3,1185.65,395.216666666667,10.1594202898551,701,5,"United Kingdom",1,0,3,"United Kingdom"
"13389",142.026388888889,1,257.89,257.89,6.38888888888889,115,0,"United Kingdom",0,0,3,"United Kingdom"
"13391",113.083333333333,1,59.8,59.8,4,4,0,"United Kingdom",1,0,3,"United Kingdom"
"13392",586.969444444444,1,91.14,91.14,10.25,82,0,"United Kingdom",1,0,1,"United Kingdom"
"13393",493.136111111111,4,1131.45,282.8625,9.59420289855072,662,3,"United Kingdom",1,0,1,"United Kingdom"
"13394",25.1423611111111,16,5645.13,352.820625,12.7134670487106,4437,21,"United Kingdom",0,1,3,"United Kingdom"
"13395",94.9069444444444,3,1180.23,393.41,20.4938271604938,1660,7,"United Kingdom",1,0,3,"United Kingdom"
"13396",228.967361111111,1,387.27,387.27,9.26666666666667,139,0,"United Kingdom",0,0,3,"United Kingdom"
"13397",20.05625,9,2875.93,319.547777777778,15.8,1264,4,"United Kingdom",0,1,3,"United Kingdom"
"13398",101.98125,2,670.34,335.17,8.74358974358974,341,1,"United Kingdom",1,0,3,"United Kingdom"
"13399",373.952083333333,3,275.4,91.8,8,120,0,"United Kingdom",1,0,1,"United Kingdom"
"13400",492.159722222222,1,310.83,310.83,12.3478260869565,284,1,"United Kingdom",1,0,1,"United Kingdom"
"13402",36.8743055555556,4,1226.85,306.7125,11.6075949367089,917,1,"United Kingdom",1,0,3,"United Kingdom"
"13403",297.05,2,154.5,77.25,11.6666666666667,70,0,"United Kingdom",0,0,1,"United Kingdom"
"13404",122.036805555556,1,217.81,217.81,11,99,0,"United Kingdom",0,0,3,"United Kingdom"
"13405",113.846527777778,5,1198.81,239.762,20.8048780487805,853,2,"United Kingdom",0,0,3,"United Kingdom"
"13406",336.920833333333,2,568.92,284.46,32.4444444444444,292,6,"United Kingdom",1,0,1,"United Kingdom"
"13407",488.00625,3,2244.7,748.233333333333,19.8823529411765,1690,13,"United Kingdom",1,0,1,"United Kingdom"
"13408",9.09166666666667,85,39894.422,469.346141176471,34.5617469879518,22949,292,"United Kingdom",0,1,2,"United Kingdom"
"13410",96.8736111111111,7,1743.94,249.134285714286,27.7297297297297,1026,10,"United Kingdom",0,0,3,"United Kingdom"
"13411",16.9534722222222,1,213.55,213.55,4,72,0,"United Kingdom",1,0,3,"United Kingdom"
"13412",529.848611111111,1,487.35,487.35,5.17647058823529,176,0,"United Kingdom",1,0,1,"United Kingdom"
"13413",549.022916666667,6,429.44,71.5733333333333,10.5813953488372,455,4,"United Kingdom",1,0,1,"United Kingdom"
"13414",43.0451388888889,6,2494.14,415.69,49.1272727272727,2702,6,"United Kingdom",1,0,3,"United Kingdom"
"13415",382.05,4,784.17,196.0425,4.91089108910891,496,4,"United Kingdom",1,0,1,"United Kingdom"
"13416",645.991666666667,1,228.3,228.3,9.42857142857143,66,0,"United Kingdom",0,0,1,"United Kingdom"
"13417",114.85,5,1264.66,252.932,7.49152542372881,442,0,"United Kingdom",0,0,3,"United Kingdom"
"13418",8.12986111111111,28,10176.36,363.441428571429,13.6728778467909,6604,24,"United Kingdom",0,1,2,"United Kingdom"
"13420",59.1680555555556,2,159.85,79.925,12.625,101,0,"United Kingdom",1,0,3,"United Kingdom"
"13421",199.877777777778,7,3050.08,435.725714285714,7.56828193832599,1718,9,"United Kingdom",0,1,3,"United Kingdom"
"13423",338.158333333333,1,217.03,217.03,11.75,141,0,"United Kingdom",1,0,1,"United Kingdom"
"13424",359.084027777778,1,572.77,572.77,13.225,529,0,"United Kingdom",1,0,1,"United Kingdom"
"13425",17.8173611111111,5,3390.43,678.086,13.3220338983051,2358,14,"United Kingdom",1,1,3,"United Kingdom"
"13426",92.14375,17,6084.74,357.925882352941,14.2081784386617,3822,14,"United Kingdom",0,1,3,"United Kingdom"
"13427",29.9979166666667,5,888.79,177.758,16.6521739130435,766,5,"United Kingdom",0,0,3,"United Kingdom"
"13428",423.970138888889,2,276.76,138.38,3.05970149253731,205,0,"United Kingdom",0,0,1,"United Kingdom"
"13431",315.945138888889,6,2047.14,341.19,10.8192771084337,898,5,"United Kingdom",0,0,1,"United Kingdom"
"13432",480.980555555556,2,439.1,219.55,1.95495495495495,217,0,"United Kingdom",1,0,1,"United Kingdom"
"13433",410.829861111111,4,658.32,164.58,7.91666666666667,190,0,"United Kingdom",1,0,1,"United Kingdom"
"13434",6.09375,4,1205.46,301.365,20.8,624,7,"United Kingdom",0,0,3,"United Kingdom"
"13435",19.9631944444444,5,1725.56,345.112,17.8705882352941,1519,16,"United Kingdom",0,0,3,"United Kingdom"
"13437",8.77083333333333,4,2173.6,543.4,5.74166666666667,689,0,"United Kingdom",0,0,3,"United Kingdom"
"13438",456.752777777778,1,46.5,46.5,10,10,0,"United Kingdom",1,0,1,"United Kingdom"
"13439",164.9375,3,986.61,328.87,5.70059880239521,952,5,"United Kingdom",1,0,3,"United Kingdom"
"13440",332.985416666667,7,1295.25,185.035714285714,9.71186440677966,573,0,"United Kingdom",1,0,1,"United Kingdom"
"13441",1.13333333333333,2,720.9,360.45,13.6842105263158,520,5,"United Kingdom",1,0,3,"United Kingdom"
"13442",576.949305555556,3,419.87,139.956666666667,3.02631578947368,115,1,"United Kingdom",1,0,1,"United Kingdom"
"13443",358.013194444444,6,1273.16,212.193333333333,4.025,805,3,"United Kingdom",1,0,1,"United Kingdom"
"13444",283.991666666667,2,619.08,309.54,5.80701754385965,331,1,"United Kingdom",1,0,1,"United Kingdom"
"13445",535.886111111111,1,241.9,241.9,28.2857142857143,198,3,"United Kingdom",1,0,1,"United Kingdom"
"13446",339.749305555556,11,3881.89,352.899090909091,12.515625,2403,11,"United Kingdom",1,1,1,"United Kingdom"
"13448",128.039583333333,11,6634.5,603.136363636364,7.96829268292683,3267,8,"United Kingdom",0,1,3,"United Kingdom"
"13450",34.1013888888889,11,3497.78,317.98,30.3025210084034,3606,37,"United Kingdom",0,1,3,"United Kingdom"
"13451",35.8381944444444,10,6577.3,657.73,5.08823529411765,4844,4,"United Kingdom",0,1,3,"United Kingdom"
"13452",168.938194444444,3,729.8,243.266666666667,2,6,0,"United Kingdom",1,0,3,"United Kingdom"
"13453",75.1361111111111,3,781.69,260.563333333333,8.525,341,0,"United Kingdom",1,0,3,"United Kingdom"
"13454",550.923611111111,1,219.87,219.87,8.60869565217391,198,0,"United Kingdom",1,0,1,"United Kingdom"
"13455",275.985416666667,5,1847.59,369.518,6.43877551020408,631,0,"United Kingdom",0,0,1,"United Kingdom"
"13456",64.9569444444444,3,855.06,285.02,11.3478260869565,261,2,"United Kingdom",0,0,3,"United Kingdom"
"13457",598.168055555556,2,148.22,74.11,10.6666666666667,96,0,"United Kingdom",1,0,1,"United Kingdom"
"13458",9.00277777777778,12,9991.12,832.593333333333,14.6151898734177,5773,25,"United Kingdom",0,1,3,"United Kingdom"
"13459",534.101388888889,2,1160.41,580.205,13.5068493150685,986,3,"United Kingdom",1,0,1,"United Kingdom"
"13461",48.0541666666667,5,3599.2,719.84,53.8076923076923,2798,31,"United Kingdom",0,1,3,"United Kingdom"
"13462",162.0625,5,1153.85,230.77,9.8169014084507,697,0,"United Kingdom",1,0,3,"United Kingdom"
"13464",304.018055555556,5,2422.96,484.592,9.42727272727273,1037,0,"United Kingdom",0,0,1,"United Kingdom"
"13465",355.900694444444,2,931.12,465.56,17.1764705882353,584,1,"United Kingdom",1,0,1,"United Kingdom"
"13466",93.8409722222222,5,1013.35,202.67,12,660,3,"United Kingdom",1,0,3,"United Kingdom"
"13468",2.08194444444444,64,11827.33,184.80203125,8.03154574132492,5092,15,"United Kingdom",0,1,2,"United Kingdom"
"13469",562.907638888889,1,82.4,82.4,8.66666666666667,52,0,"United Kingdom",1,0,1,"United Kingdom"
"13470",8.91180555555556,2,165,82.5,10,100,0,"United Kingdom",1,0,3,"United Kingdom"
"13472",373.13125,2,592.24,296.12,11.0714285714286,310,0,"United Kingdom",1,0,1,"United Kingdom"
"13473",242.170138888889,7,2476.38,353.768571428571,15.2786885245902,932,9,"United Kingdom",0,0,3,"United Kingdom"
"13474",145.95625,3,646.59,215.53,2.52380952380952,318,0,"United Kingdom",1,0,3,"United Kingdom"
"13475",100.956944444444,4,1431.78,357.945,11.7674418604651,1012,1,"United Kingdom",1,0,3,"United Kingdom"
"13476",88.0347222222222,5,2061.47,412.294,6.72641509433962,713,2,"United Kingdom",1,0,3,"United Kingdom"
"13477",47.98125,9,2264.14,251.571111111111,13.3543307086614,1696,11,"United Kingdom",0,0,3,"United Kingdom"
"13478",378.977083333333,5,2215.78,443.156,9.512,1189,6,"United Kingdom",1,0,1,"United Kingdom"
"13479",110.086805555556,4,851.37,212.8425,13.5094339622642,716,6,"United Kingdom",1,0,3,"United Kingdom"
"13480",326.039583333333,2,627.82,313.91,8.82926829268293,362,1,"United Kingdom",1,0,1,"United Kingdom"
"13481",17.9736111111111,10,3387.61,338.761,9.00507614213198,1774,2,"United Kingdom",0,1,3,"United Kingdom"
"13482",141.824305555556,2,336.09,168.045,9.35,187,0,"United Kingdom",1,0,3,"United Kingdom"
"13484",150.847222222222,3,790.72,263.573333333333,5.74358974358974,224,0,"United Kingdom",1,0,3,"United Kingdom"
"13485",142.952777777778,11,3019.22,274.474545454545,11.379746835443,1798,9,"United Kingdom",1,1,3,"United Kingdom"
"13486",37.9861111111111,2,819.61,409.805,10.1730769230769,529,1,"United Kingdom",0,0,3,"United Kingdom"
"13487",122.854861111111,4,680.27,170.0675,7.94871794871795,310,0,"United Kingdom",0,0,3,"United Kingdom"
"13488",30.0979166666667,19,11834.03,622.843684210526,10.8152753108348,6089,22,"United Kingdom",0,1,2,"United Kingdom"
"13489",14.9819444444444,4,449.52,112.38,40,560,3,"United Kingdom",1,0,3,"United Kingdom"
"13490",563.918055555556,1,154.25,154.25,3.125,25,0,"United Kingdom",1,0,1,"United Kingdom"
"13491",57.1597222222222,26,4340.29,166.934230769231,8.92490118577075,2258,3,"United Kingdom",0,1,2,"United Kingdom"
"13492",45.9340277777778,3,1269.84,423.28,8.16,408,0,"Switzerland",1,0,3,"Other"
"13493",184.885416666667,2,618.63,309.315,47.5,380,4,"Switzerland",1,0,3,"Other"
"13494",221.036111111111,1,316.26,316.26,9,162,1,"United Kingdom",1,0,3,"United Kingdom"
"13495",141.899305555556,8,3890.87,486.35875,18.7699115044248,2121,16,"United Kingdom",0,1,3,"United Kingdom"
"13496",269.10625,1,501.01,501.01,8.80769230769231,229,0,"United Kingdom",0,0,1,"United Kingdom"
"13497",192.156944444444,6,1166.83,194.471666666667,9.05172413793103,525,0,"United Kingdom",1,0,3,"United Kingdom"
"13498",639.891666666667,1,327.38,327.38,21.2941176470588,362,5,"United Kingdom",1,0,1,"United Kingdom"
"13499",134.910416666667,2,463.79,231.895,12.6190476190476,265,1,"United Kingdom",0,0,3,"United Kingdom"
"13500",32.0208333333333,2,625.93,312.965,8.925,357,0,"United Kingdom",0,0,3,"United Kingdom"
"13501",197.74375,3,2885.11,961.703333333333,10.9912280701754,1253,7,"Switzerland",1,1,3,"Other"
"13502",184.173611111111,4,677.66,169.415,14,336,1,"United Kingdom",0,0,3,"United Kingdom"
"13503",388.98125,5,1642.39,328.478,4.98255813953488,857,0,"United Kingdom",0,0,1,"United Kingdom"
"13505",76.0097222222222,3,2583.12,861.04,10.2520325203252,1261,3,"Switzerland",0,0,3,"Other"
"13506",225.95625,5,1338.08,267.616,11.6296296296296,942,6,"United Kingdom",1,0,3,"United Kingdom"
"13507",7.87847222222222,3,2022.79,674.263333333333,9.46875,1212,2,"United Kingdom",0,0,3,"United Kingdom"
"13508",153.036111111111,2,287.05,143.525,6.42857142857143,180,3,"United Kingdom",1,0,3,"United Kingdom"
"13509",9.18402777777778,6,840.02,140.003333333333,25.1944444444444,907,6,"United Kingdom",0,0,3,"United Kingdom"
"13510",4.94375,9,3664.54,407.171111111111,10.2170212765957,2401,5,"United Kingdom",0,1,3,"United Kingdom"
"13511",586.027777777778,1,282.76,282.76,12,60,0,"United Kingdom",1,0,1,"United Kingdom"
"13512",170.115972222222,4,713.39,178.3475,10.7435897435897,419,1,"United Kingdom",1,0,3,"United Kingdom"
"13513",36.0416666666667,3,824.59,274.863333333333,9.1,364,1,"United Kingdom",1,0,3,"United Kingdom"
"13514",338.027777777778,3,663.7,221.233333333333,14.5882352941176,248,2,"United Kingdom",0,0,1,"United Kingdom"
"13515",26.9784722222222,5,898.66,179.732,11.75,611,1,"United Kingdom",0,0,3,"United Kingdom"
"13516",148.072222222222,2,441.85,220.925,7.70833333333333,185,0,"United Kingdom",0,0,3,"United Kingdom"
"13517",16.0486111111111,2,1612.18,806.09,9.08333333333333,981,1,"United Kingdom",0,0,3,"United Kingdom"
"13519",352.045138888889,1,220.46,220.46,10,110,0,"United Kingdom",0,0,1,"United Kingdom"
"13520",47.0194444444444,10,5929.63,592.963,15.9662921348315,2842,18,"Switzerland",0,1,3,"Other"
"13523",109.165972222222,4,2938.93,734.7325,8.12977099236641,1065,2,"United Kingdom",0,1,3,"United Kingdom"
"13524",11.0034722222222,3,408.86,136.286666666667,10.3888888888889,187,1,"United Kingdom",0,0,3,"United Kingdom"
"13525",157.884722222222,1,282.88,282.88,104,208,2,"United Kingdom",0,0,3,"United Kingdom"
"13526",647.984027777778,2,1182,591,43.4318181818182,1911,16,"United Kingdom",1,0,1,"United Kingdom"
"13527",14.9777777777778,9,3661.45,406.827777777778,6.5943661971831,2341,7,"United Kingdom",0,1,3,"United Kingdom"
"13529",114.041666666667,1,181.1,181.1,4.28571428571429,30,0,"United Kingdom",0,0,3,"United Kingdom"
"13530",543.944444444444,1,402.98,402.98,15.1111111111111,272,1,"United Kingdom",1,0,1,"United Kingdom"
"13531",114.829166666667,6,1433.07,238.845,6.62666666666667,497,0,"United Kingdom",1,0,3,"United Kingdom"
"13533",92.0388888888889,3,269.09,89.6966666666667,2.69333333333333,202,0,"United Kingdom",1,0,3,"United Kingdom"
"13534",17.0930555555556,31,6222.35,200.720967741935,9.54545454545454,3150,1,"United Kingdom",0,1,2,"United Kingdom"
"13535",312.042361111111,1,89.5,89.5,10,10,0,"United Kingdom",1,0,1,"United Kingdom"
"13537",335.003472222222,2,717.85,358.925,8.02380952380952,337,0,"United Kingdom",1,0,1,"United Kingdom"
"13538",3.98541666666667,11,2813.03,255.73,6.72262773722628,921,4,"United Kingdom",0,1,3,"United Kingdom"
"13539",149.961805555556,6,1253.67,208.945,8.87142857142857,621,1,"United Kingdom",0,0,3,"United Kingdom"
"13540",376.9375,3,632.39,210.796666666667,5.90625,189,0,"United Kingdom",1,0,1,"United Kingdom"
"13541",336.842361111111,2,785.25,392.625,27.9,279,3,"United Kingdom",1,0,1,"United Kingdom"
"13542",286.059722222222,17,3959.49,232.911176470588,2.42900302114804,804,0,"United Kingdom",1,1,1,"United Kingdom"
"13543",543.969444444444,2,1439.61,719.805,7,329,2,"United Kingdom",1,0,1,"United Kingdom"
"13544",150.028472222222,5,627.15,125.43,1.3960396039604,282,0,"United Kingdom",0,0,3,"United Kingdom"
"13545",300.057638888889,2,364.93,182.465,4.66666666666667,252,2,"United Kingdom",1,0,1,"United Kingdom"
"13546",110.025,3,647.41,215.803333333333,4.16049382716049,337,0,"United Kingdom",0,0,3,"United Kingdom"
"13547",317.941666666667,1,167.08,167.08,1.79545454545455,79,0,"United Kingdom",1,0,1,"United Kingdom"
"13548",5.91666666666667,3,901.44,300.48,3.03260869565217,558,2,"United Kingdom",1,0,3,"United Kingdom"
"13549",51.9784722222222,6,849.65,141.608333333333,9.94117647058824,507,1,"United Kingdom",0,0,3,"United Kingdom"
"13550",292.893055555556,1,342.55,342.55,10.2380952380952,430,1,"United Kingdom",1,0,1,"United Kingdom"
"13551",228.919444444444,2,244.2,122.1,7.2,36,0,"United Kingdom",1,0,3,"United Kingdom"
"13552",33.0569444444444,19,5971.76,314.303157894737,12.8563218390805,2237,12,"United Kingdom",0,1,3,"United Kingdom"
"13553",584.020138888889,1,499.6,499.6,2.25842696629213,201,0,"United Kingdom",1,0,1,"United Kingdom"
"13554",289.90625,7,1629.35,232.764285714286,2.94897959183673,578,1,"United Kingdom",1,0,1,"United Kingdom"
"13555",111.059722222222,11,6383.01,580.273636363636,9.44479495268139,2994,25,"United Kingdom",0,1,3,"United Kingdom"
"13556",338.8375,2,200.82,100.41,14.8888888888889,134,1,"United Kingdom",1,0,1,"United Kingdom"
"13557",190.025,12,2688.88,224.073333333333,12.8148148148148,2076,4,"United Kingdom",0,1,3,"United Kingdom"
"13559",422.123611111111,2,990,495,180,360,2,"United Kingdom",1,0,1,"United Kingdom"
"13561",125.007638888889,11,1803.4,163.945454545455,4.91266375545852,1125,3,"United Kingdom",1,0,3,"United Kingdom"
"13562",50.9013888888889,7,4248.58,606.94,8.22155688622754,1373,1,"United Kingdom",0,1,3,"United Kingdom"
"13563",49.8118055555556,1,310.88,310.88,3.74358974358974,146,1,"United Kingdom",0,0,3,"United Kingdom"
"13564",53.9284722222222,37,16498.97,445.918108108108,7.39833333333333,8878,20,"United Kingdom",1,1,2,"United Kingdom"
"13565",243.931944444444,2,284.76,142.38,4.74285714285714,166,0,"United Kingdom",0,0,1,"United Kingdom"
"13566",344.015972222222,3,831.76,277.253333333333,3.50253807106599,690,1,"United Kingdom",0,0,1,"United Kingdom"
"13567",337.999305555556,4,1079.29,269.8225,3.19900497512438,643,1,"United Kingdom",1,0,1,"United Kingdom"
"13568",82.9222222222222,1,187.05,187.05,1.53488372093023,66,0,"United Kingdom",1,0,3,"United Kingdom"
"13569",277.014583333333,3,497.74,165.913333333333,1.88617886178862,232,0,"United Kingdom",0,0,1,"United Kingdom"
"13570",152.968055555556,1,239.49,239.49,5.96296296296296,161,0,"United Kingdom",1,0,3,"United Kingdom"
"13571",2.05763888888889,21,3532.15,168.197619047619,4.47162426614481,2285,2,"United Kingdom",0,1,2,"United Kingdom"
"13572",115.035416666667,1,1384.25,1384.25,16.1818181818182,534,7,"United Kingdom",1,0,3,"United Kingdom"
"13573",162.91875,5,646.04,129.208,5.46153846153846,355,3,"United Kingdom",0,0,3,"United Kingdom"
"13574",320.973611111111,1,404.45,404.45,3.34065934065934,304,0,"United Kingdom",1,0,1,"United Kingdom"
"13575",43.0569444444444,2,218.75,109.375,8.69230769230769,113,0,"United Kingdom",0,0,3,"United Kingdom"
"13576",6.02986111111111,23,9326.19,405.48652173913,17.3160377358491,3671,39,"United Kingdom",0,1,2,"United Kingdom"
"13577",2.04583333333333,10,2995.48,299.548,9.65131578947368,1467,3,"United Kingdom",0,1,3,"United Kingdom"
"13578",318.9625,1,147.66,147.66,14.1111111111111,127,2,"United Kingdom",1,0,1,"United Kingdom"
"13579",278.861111111111,4,1072,268,8.77611940298507,588,2,"United Kingdom",0,0,1,"United Kingdom"
"13580",315.909027777778,1,107.75,107.75,9,45,0,"United Kingdom",1,0,1,"United Kingdom"
"13581",218.922916666667,2,280.53,140.265,3.60606060606061,119,0,"United Kingdom",1,0,3,"United Kingdom"
"13582",299.052777777778,2,241.68,120.84,9.63636363636364,106,0,"United Kingdom",1,0,1,"United Kingdom"
"13583",65.0902777777778,2,1445.031,722.5155,11.4270833333333,1097,4,"United Kingdom",1,0,3,"United Kingdom"
"13584",216.000694444444,3,385.7,128.566666666667,4.5,360,2,"United Kingdom",1,0,3,"United Kingdom"
"13585",440.011805555556,3,684.54,228.18,35.5384615384615,1386,16,"United Kingdom",1,0,1,"United Kingdom"
"13586",450.960416666667,1,127.28,127.28,1.9,38,0,"United Kingdom",1,0,1,"United Kingdom"
"13587",358.956944444444,3,961.1,320.366666666667,22,484,4,"United Kingdom",0,0,1,"United Kingdom"
"13588",9.06597222222222,4,1420.72,355.18,15.8461538461538,1648,5,"United Kingdom",0,0,3,"United Kingdom"
"13589",89.0041666666667,5,888.09,177.618,5.175,207,1,"United Kingdom",0,0,3,"United Kingdom"
"13590",60.0861111111111,16,5470.5,341.90625,11.6837837837838,4323,21,"United Kingdom",0,1,3,"United Kingdom"
"13591",113.952777777778,6,1753.04,292.173333333333,7.75308641975309,628,0,"United Kingdom",0,0,3,"United Kingdom"
"13592",115.150694444444,3,205.51,68.5033333333333,5.46153846153846,71,0,"United Kingdom",0,0,3,"United Kingdom"
"13593",17.96875,14,5493.29,392.377857142857,5.31862745098039,2170,3,"United Kingdom",1,1,3,"United Kingdom"
"13594",395.102083333333,1,136.35,136.35,5.28571428571429,37,0,"United Kingdom",0,0,1,"United Kingdom"
"13595",426.009722222222,3,784.48,261.493333333333,2.38461538461538,341,0,"United Kingdom",1,0,1,"United Kingdom"
"13597",309.913888888889,2,396.71,198.355,13.5882352941176,231,1,"United Kingdom",1,0,1,"United Kingdom"
"13598",404.978472222222,4,601.92,150.48,5.98245614035088,341,2,"United Kingdom",0,0,1,"United Kingdom"
"13599",66.0222222222222,20,6974.96,348.748,19.3362068965517,4486,35,"United Kingdom",0,1,2,"United Kingdom"
"13600",221.890972222222,2,518.42,259.21,14.609756097561,599,8,"United Kingdom",1,0,3,"United Kingdom"
"13601",120.831944444444,3,839.87,279.956666666667,5.34375,684,2,"United Kingdom",0,0,3,"United Kingdom"
"13602",291.025,3,596.28,198.76,7.74285714285714,271,1,"United Kingdom",0,0,1,"United Kingdom"
"13604",568.033333333333,1,717.62,717.62,11.5238095238095,242,2,"United Kingdom",1,0,1,"United Kingdom"
"13605",296.815277777778,2,522.67,261.335,8.0188679245283,425,1,"United Kingdom",1,0,1,"United Kingdom"
"13606",152.998611111111,2,246.63,123.315,6.48648648648649,240,4,"United Kingdom",0,0,3,"United Kingdom"
"13607",312.043055555556,1,400.3,400.3,7.41666666666667,178,0,"United Kingdom",0,0,1,"United Kingdom"
"13608",450.015277777778,1,232.05,232.05,3.23529411764706,110,0,"United Kingdom",1,0,1,"United Kingdom"
"13609",502.975,1,167.35,167.35,2.71428571428571,19,0,"United Kingdom",1,0,1,"United Kingdom"
"13610",19.9222222222222,12,1786.14,148.845,2.15317919075145,745,0,"United Kingdom",0,0,3,"United Kingdom"
"13611",80.0173611111111,9,2780.25,308.916666666667,8.89247311827957,1654,3,"United Kingdom",0,1,3,"United Kingdom"
"13612",542.025,1,818.29,818.29,8.88,444,0,"United Kingdom",1,0,1,"United Kingdom"
"13613",362.034027777778,5,1039.85,207.97,7.54237288135593,445,0,"United Kingdom",1,0,1,"United Kingdom"
"13614",73.9111111111111,4,1526.16,381.54,3.2258064516129,500,0,"United Kingdom",0,0,3,"United Kingdom"
"13615",228.186805555556,8,6272.53,784.06625,7.9291553133515,2910,3,"United Kingdom",1,1,3,"United Kingdom"
"13616",477.99375,2,283.85,141.925,4.91428571428571,172,0,"United Kingdom",1,0,1,"United Kingdom"
"13617",22.98125,7,1100.27,157.181428571429,5.28571428571429,481,1,"United Kingdom",0,0,3,"United Kingdom"
"13618",83.0701388888889,1,177.34,177.34,18.9230769230769,246,2,"United Kingdom",1,0,3,"United Kingdom"
"13619",454.049305555556,2,224.94,112.47,1.75555555555556,79,0,"United Kingdom",1,0,1,"United Kingdom"
"13620",437.908333333333,1,112.34,112.34,14.8,74,1,"United Kingdom",1,0,1,"United Kingdom"
"13621",26.1833333333333,1,213.85,213.85,18.0526315789474,343,1,"United Kingdom",1,0,3,"United Kingdom"
"13622",605.977777777778,1,658.95,658.95,11.84375,379,2,"United Kingdom",1,0,1,"United Kingdom"
"13623",119.859722222222,9,2344.49,260.498888888889,3.2453531598513,873,3,"United Kingdom",0,0,3,"United Kingdom"
"13624",297.963194444444,1,462.08,462.08,37.2727272727273,820,5,"United Kingdom",1,0,1,"United Kingdom"
"13625",506.083333333333,1,301.26,301.26,6.85714285714286,144,0,"United Kingdom",1,0,1,"United Kingdom"
"13626",162.114583333333,2,707.04,353.52,9.04545454545454,398,0,"United Kingdom",1,0,3,"United Kingdom"
"13627",85.9583333333333,5,1634.43,326.886,11.2673267326733,1138,3,"United Kingdom",0,0,3,"United Kingdom"
"13628",585.920833333333,1,310.14,310.14,6.625,106,0,"United Kingdom",1,0,1,"United Kingdom"
"13629",8.74722222222222,16,11296.86,706.05375,84.2564102564103,6572,58,"United Kingdom",0,1,3,"United Kingdom"
"13630",15.0958333333333,5,1361.46,272.292,15.9508196721311,973,6,"United Kingdom",0,0,3,"United Kingdom"
"13631",9.12013888888889,11,3070.42,279.129090909091,42.4545454545455,467,5,"United Kingdom",1,1,3,"United Kingdom"
"13632",83.01875,6,2339.14,389.856666666667,5.73584905660377,912,0,"United Kingdom",0,0,3,"United Kingdom"
"13634",15.9611111111111,14,4242.38,303.027142857143,4.94871794871795,1737,1,"United Kingdom",0,1,3,"United Kingdom"
"13635",352.113888888889,3,1928.13,642.71,12.07,1207,2,"United Kingdom",0,0,1,"United Kingdom"
"13636",31.9125,4,646.55,161.6375,8.26829268292683,339,0,"United Kingdom",0,0,3,"United Kingdom"
"13637",96.9763888888889,2,678.65,339.325,3.84615384615385,350,0,"United Kingdom",0,0,3,"United Kingdom"
"13639",346.114583333333,1,312.93,312.93,10.3684210526316,197,0,"United Kingdom",0,0,1,"United Kingdom"
"13640",520.886805555556,1,405,405,27,108,1,"United Kingdom",1,0,1,"United Kingdom"
"13641",550.217361111111,5,1016.47,203.294,24.9545454545455,1098,12,"United Kingdom",1,0,1,"United Kingdom"
"13642",125.011111111111,4,472.2,118.05,2.2,231,0,"United Kingdom",1,0,3,"United Kingdom"
"13643",8.08888888888889,9,1896.73,210.747777777778,8.57954545454546,755,0,"United Kingdom",0,0,3,"United Kingdom"
"13644",15.0395833333333,1,851.09,851.09,13.7291666666667,659,6,"United Kingdom",0,0,3,"United Kingdom"
"13645",29.8604166666667,1,252.1,252.1,31.6,158,3,"United Kingdom",1,0,3,"United Kingdom"
"13646",309.025694444444,2,326.25,163.125,1.36206896551724,79,0,"United Kingdom",1,0,1,"United Kingdom"
"13647",84.98125,6,2197.42,366.236666666667,14.3510638297872,1349,8,"United Kingdom",0,0,3,"United Kingdom"
"13648",309.919444444444,8,1764.02,220.5025,9.05660377358491,960,2,"United Kingdom",1,0,1,"United Kingdom"
"13649",166.040972222222,6,1453.68,242.28,7.24074074074074,782,1,"United Kingdom",1,0,3,"United Kingdom"
"13650",116.938194444444,6,2197.18,366.196666666667,9.89285714285714,1108,2,"United Kingdom",0,0,3,"United Kingdom"
"13651",291.129166666667,1,132.65,132.65,3.625,29,0,"United Kingdom",0,0,1,"United Kingdom"
"13652",166.145138888889,4,1805.21,451.3025,10.0862068965517,1170,3,"United Kingdom",0,0,3,"United Kingdom"
"13653",397.188194444444,1,152.2,152.2,8,72,0,"United Kingdom",1,0,1,"United Kingdom"
"13654",54.9729166666667,9,5314.94,590.548888888889,15.1176470588235,4112,22,"United Kingdom",0,1,3,"United Kingdom"
"13655",23.9340277777778,6,2280.51,380.085,10.2941176470588,1225,4,"United Kingdom",1,0,3,"United Kingdom"
"13656",74.0965277777778,4,1078.85,269.7125,9.90804597701149,862,6,"United Kingdom",1,0,3,"United Kingdom"
"13657",111.010416666667,1,152.34,152.34,14.6666666666667,132,2,"United Kingdom",0,0,3,"United Kingdom"
"13658",113.815972222222,5,4319.63,863.926,9.01863354037267,1452,3,"United Kingdom",0,1,3,"United Kingdom"
"13659",115.009027777778,12,4884.68,407.056666666667,9.22262773722628,2527,6,"United Kingdom",1,1,3,"United Kingdom"
"13660",309.861111111111,1,306.64,306.64,3.4,136,0,"United Kingdom",1,0,1,"United Kingdom"
"13661",512.911111111111,1,325.24,325.24,6.94117647058824,118,0,"United Kingdom",1,0,1,"United Kingdom"
"13662",121.977083333333,10,1868.79,186.879,8.38135593220339,989,1,"United Kingdom",0,0,3,"United Kingdom"
"13663",88.8791666666667,5,2047.51,409.502,9.02020202020202,893,3,"United Kingdom",1,0,3,"United Kingdom"
"13665",295.988888888889,3,1711.66,570.553333333333,15.5849056603774,1652,14,"United Kingdom",1,0,1,"United Kingdom"
"13666",196.9875,4,107.3,26.825,3.33333333333333,50,0,"United Kingdom",0,0,3,"United Kingdom"
"13667",58.8805555555556,1,299.05,299.05,1.79518072289157,149,0,"United Kingdom",1,0,3,"United Kingdom"
"13668",22.9979166666667,30,11539.62,384.654,8.55394524959742,5312,29,"United Kingdom",0,1,2,"United Kingdom"
"13669",59.0458333333333,2,243.15,121.575,21.125,169,3,"United Kingdom",0,0,3,"United Kingdom"
"13671",304.083333333333,1,172.6,172.6,1.484375,95,0,"United Kingdom",1,0,1,"United Kingdom"
"13672",210.95625,3,419.92,139.973333333333,7.66666666666667,138,0,"United Kingdom",1,0,3,"United Kingdom"
"13674",342.089583333333,1,240.68,240.68,7.28571428571429,102,0,"United Kingdom",1,0,1,"United Kingdom"
"13675",60.9951388888889,2,486.82,243.41,13.2,330,1,"United Kingdom",1,0,3,"United Kingdom"
"13676",448.805555555556,2,243.9,121.95,8,104,1,"United Kingdom",1,0,1,"United Kingdom"
"13677",314.054166666667,2,551.24,275.62,2.04716981132075,217,0,"United Kingdom",1,0,1,"United Kingdom"
"13678",61.1083333333333,1,232.6,232.6,57.75,924,11,"United Kingdom",1,0,3,"United Kingdom"
"13679",403.025694444444,3,281.26,93.7533333333333,2.04,102,0,"United Kingdom",1,0,1,"United Kingdom"
"13680",247.027083333333,10,10092.14,1009.214,8.63026819923372,4505,40,"United Kingdom",0,1,3,"United Kingdom"
"13681",64.8951388888889,1,203.46,203.46,7.38461538461539,96,0,"United Kingdom",0,0,3,"United Kingdom"
"13682",96.9472222222222,1,59.5,59.5,3.33333333333333,10,0,"United Kingdom",1,0,3,"United Kingdom"
"13683",367.118055555556,1,258.6,258.6,18,180,1,"United Kingdom",1,0,1,"United Kingdom"
"13684",195.109027777778,4,594.88,148.72,2.16666666666667,234,0,"United Kingdom",1,0,3,"United Kingdom"
"13686",92.1527777777778,3,409.04,136.346666666667,11.1176470588235,378,0,"United Kingdom",1,0,3,"United Kingdom"
"13687",347.847222222222,1,11880.84,11880.84,1937.04444444444,87167,45,"United Kingdom",1,1,1,"United Kingdom"
"13688",544.94375,1,375.5,375.5,26,130,2,"United Kingdom",1,0,1,"United Kingdom"
"13689",354.099305555556,1,349.5,349.5,70,210,2,"United Kingdom",0,0,1,"United Kingdom"
"13691",305.802777777778,1,212.78,212.78,2.68518518518519,145,0,"United Kingdom",1,0,1,"United Kingdom"
"13692",123.110416666667,4,2497.66,624.415,21.4666666666667,1610,11,"United Kingdom",0,0,3,"United Kingdom"
"13693",283.770138888889,9,2011.82,223.535555555556,8.30188679245283,880,2,"United Kingdom",1,0,1,"United Kingdom"
"13694",16.9743055555556,132,176512.71,1337.2175,124.440544412607,173719,1206,"United Kingdom",0,1,4,"United Kingdom"
"13695",7.94513888888889,13,2033.67,156.436153846154,19.4571428571429,1362,11,"United Kingdom",0,0,3,"United Kingdom"
"13696",331.129166666667,3,2020.4,673.466666666667,23,552,4,"United Kingdom",1,0,1,"United Kingdom"
"13698",506.040277777778,2,451.73,225.865,5.97368421052632,227,1,"United Kingdom",1,0,1,"United Kingdom"
"13699",64.8326388888889,2,764.15,382.075,5.91891891891892,219,0,"United Kingdom",1,0,3,"United Kingdom"
"13700",2.03125,11,1983.11,180.282727272727,11.2612612612613,2500,15,"United Kingdom",0,0,3,"United Kingdom"
"13701",356.007638888889,1,161,161,8.88888888888889,80,0,"United Kingdom",1,0,1,"United Kingdom"
"13702",355.048611111111,1,135.18,135.18,14.8,74,0,"United Kingdom",1,0,1,"United Kingdom"
"13703",227.986111111111,2,425.56,212.78,3.45945945945946,128,0,"United Kingdom",1,0,3,"United Kingdom"
"13705",54.1493055555556,6,1528.01,254.668333333333,11.6417910447761,780,1,"United Kingdom",0,0,3,"United Kingdom"
"13706",212.145138888889,2,631.17,315.585,7.92105263157895,301,0,"United Kingdom",1,0,3,"United Kingdom"
"13707",176.782638888889,5,3365.86,673.172,14.258064516129,2210,19,"United Kingdom",1,1,3,"United Kingdom"
"13708",180.961111111111,1,285.33,285.33,6.14285714285714,301,1,"United Kingdom",1,0,3,"United Kingdom"
"13709",11.1041666666667,10,4182.51,418.251,10.4333333333333,2504,3,"United Kingdom",0,1,3,"United Kingdom"
"13710",333.102777777778,2,329.04,164.52,22.8571428571429,160,1,"United Kingdom",0,0,1,"United Kingdom"
"13711",128.096527777778,9,1792.26,199.14,8.90217391304348,819,3,"United Kingdom",1,0,3,"United Kingdom"
"13712",156.011805555556,2,766.42,383.21,34.1818181818182,1128,10,"United Kingdom",1,0,3,"United Kingdom"
"13713",317.855555555556,3,740.76,246.92,3.55,284,0,"United Kingdom",1,0,1,"United Kingdom"
"13714",374.953472222222,1,161.35,161.35,1.66666666666667,50,0,"United Kingdom",1,0,1,"United Kingdom"
"13715",190.728472222222,17,8153.04,479.590588235294,9.375,4800,13,"United Kingdom",1,1,3,"United Kingdom"
"13716",178.959027777778,1,138.28,138.28,6.57142857142857,138,0,"United Kingdom",1,0,3,"United Kingdom"
"13717",38.1868055555556,6,1274.28,212.38,18.8387096774194,1752,14,"United Kingdom",0,0,3,"United Kingdom"
"13718",155.976388888889,2,306.55,153.275,14.4166666666667,173,1,"United Kingdom",1,0,3,"United Kingdom"
"13719",114.998611111111,8,2080.14,260.0175,5.60096153846154,1165,2,"United Kingdom",0,0,3,"United Kingdom"
"13720",26.0027777777778,4,799.9,199.975,11.6511627906977,501,1,"United Kingdom",1,0,3,"United Kingdom"
"13721",304.785416666667,1,217.4,217.4,14,196,0,"United Kingdom",0,0,1,"United Kingdom"
"13722",41.0041666666667,10,5635.41,563.541,16.1851851851852,3059,8,"United Kingdom",1,1,3,"United Kingdom"
"13723",126.823611111111,6,1194.08,199.013333333333,10.2241379310345,593,5,"United Kingdom",1,0,3,"United Kingdom"
"13724",546.890277777778,1,213.01,213.01,3.0952380952381,130,0,"United Kingdom",1,0,1,"United Kingdom"
"13725",78.8666666666667,7,1865.7,266.528571428571,7.62105263157895,724,2,"United Kingdom",0,0,3,"United Kingdom"
"13726",10.0722222222222,1,292.68,292.68,16.695652173913,384,0,"United Kingdom",0,0,3,"United Kingdom"
"13727",521.025,6,740.67,123.445,3.26984126984127,206,1,"United Kingdom",0,0,1,"United Kingdom"
"13728",16.9972222222222,15,2636.05,175.736666666667,7.71523178807947,1165,0,"United Kingdom",0,1,3,"United Kingdom"
"13729",345.0875,3,724.73,241.576666666667,10.7435897435897,419,1,"United Kingdom",1,0,1,"United Kingdom"
"13730",45.1770833333333,2,752.6,376.3,11.3488372093023,488,1,"United Kingdom",1,0,3,"United Kingdom"
"13731",128.928472222222,2,610.59,305.295,7.31578947368421,278,0,"United Kingdom",1,0,3,"United Kingdom"
"13733",320.022222222222,2,487.03,243.515,11.551724137931,335,1,"United Kingdom",1,0,1,"United Kingdom"
"13734",418.031944444444,4,6695.69,1673.9225,11.1851851851852,302,2,"United Kingdom",1,1,1,"United Kingdom"
"13735",85.0715277777778,11,8288.92,753.538181818182,6.72563176895307,3726,6,"United Kingdom",0,1,3,"United Kingdom"
"13736",169.990277777778,6,2380.2,396.7,2.91136363636364,1281,0,"United Kingdom",0,0,3,"United Kingdom"
"13737",109.845833333333,1,339.6,339.6,4.16666666666667,125,1,"United Kingdom",1,0,3,"United Kingdom"
"13738",305.89375,1,434.78,434.78,2.66292134831461,237,0,"United Kingdom",1,0,1,"United Kingdom"
"13739",437.100694444444,1,75.3,75.3,7.33333333333333,22,0,"United Kingdom",0,0,1,"United Kingdom"
"13740",150.095833333333,5,1582.77,316.554,10.5,987,5,"United Kingdom",1,0,3,"United Kingdom"
"13741",93.20625,2,363.13,181.565,7.15,143,0,"United Kingdom",0,0,3,"United Kingdom"
"13742",71.9756944444444,10,2632.57,263.257,3.73643410852713,964,2,"United Kingdom",0,1,3,"United Kingdom"
"13743",17.1041666666667,5,912.12,182.424,40.4,1212,10,"United Kingdom",0,0,3,"United Kingdom"
"13744",4.89652777777778,2,1080.52,540.26,18.3015873015873,1153,4,"United Kingdom",1,0,3,"United Kingdom"
"13745",71.8381944444444,2,777.36,388.68,20.4642857142857,1146,8,"United Kingdom",1,0,3,"United Kingdom"
"13746",323.038194444444,1,176.69,176.69,9.22222222222222,83,0,"United Kingdom",1,0,1,"United Kingdom"
"13747",283.092361111111,2,169.8,84.9,12,60,0,"United Kingdom",1,0,1,"United Kingdom"
"13748",5.12847222222222,9,2064.35,229.372222222222,17.7241379310345,1028,7,"United Kingdom",1,0,3,"United Kingdom"
"13750",49.9243055555556,10,3271.55,327.155,18.3571428571429,1285,11,"United Kingdom",0,1,3,"United Kingdom"
"13751",197.870833333333,1,296.25,296.25,16.8888888888889,152,1,"United Kingdom",1,0,3,"United Kingdom"
"13752",33.9402777777778,7,1579.83,225.69,10.6914893617021,1005,9,"United Kingdom",1,0,3,"United Kingdom"
"13753",197.001388888889,4,2094.57,523.6425,18.125,1450,6,"United Kingdom",1,0,3,"United Kingdom"
"13754",61.0409722222222,3,447.05,149.016666666667,15,315,3,"United Kingdom",1,0,3,"United Kingdom"
"13756",2.97986111111111,17,6438.76,378.750588235294,12.9897260273973,3793,27,"United Kingdom",0,1,3,"United Kingdom"
"13757",584.009027777778,1,195.55,195.55,6.75,54,0,"United Kingdom",1,0,1,"United Kingdom"
"13758",110.901388888889,13,7859.1,604.546153846154,16.4106463878327,4316,33,"United Kingdom",0,1,3,"United Kingdom"
"13760",165.998611111111,4,1211.94,302.985,5.8,522,0,"United Kingdom",0,0,3,"United Kingdom"
"13761",89.1715277777778,5,1373.23,274.646,7.86904761904762,661,0,"United Kingdom",0,0,3,"United Kingdom"
"13762",128.149305555556,5,2472.48,494.496,74.5142857142857,2608,23,"United Kingdom",1,0,3,"United Kingdom"
"13763",326.975694444444,2,3502.48,1751.24,71.3142857142857,2496,27,"United Kingdom",0,1,1,"United Kingdom"
"13764",53.8159722222222,5,2343.49,468.698,5.80666666666667,1742,3,"United Kingdom",0,0,3,"United Kingdom"
"13765",562.961111111111,1,352.821,352.821,17.4705882352941,297,2,"United Kingdom",1,0,1,"United Kingdom"
"13766",404.934027777778,1,190.35,190.35,8.05882352941176,137,0,"United Kingdom",1,0,1,"United Kingdom"
"13767",18.1013888888889,64,26359.58,411.8684375,16.5524372230428,11206,88,"United Kingdom",0,1,2,"United Kingdom"
"13768",636.089583333333,2,875.97,437.985,11.3030303030303,373,0,"United Kingdom",1,0,1,"United Kingdom"
"13769",1.95486111111111,18,4858.23,269.901666666667,8.90041493775934,2145,8,"United Kingdom",0,1,3,"United Kingdom"
"13770",331.902777777778,4,785.37,196.3425,9.75,468,4,"United Kingdom",1,0,1,"United Kingdom"
"13771",108.995138888889,7,4559.22,651.317142857143,14.8982035928144,2488,11,"United Kingdom",0,1,3,"United Kingdom"
"13772",6.06111111111111,7,2660.36,380.051428571429,2.43286573146293,1214,0,"United Kingdom",0,1,3,"United Kingdom"
"13773",306.042361111111,2,301.54,150.77,9.1578947368421,174,0,"United Kingdom",1,0,1,"United Kingdom"
"13775",500.024305555556,1,1049.66,1049.66,7.22222222222222,455,0,"United Kingdom",1,0,1,"United Kingdom"
"13776",337.860416666667,2,623.98,311.99,1,2,0,"United Kingdom",1,0,1,"United Kingdom"
"13777",38.99375,52,36021.34,692.718076923077,58.4604316546763,16252,146,"United Kingdom",0,1,2,"United Kingdom"
"13778",12.8923611111111,4,1124.49,281.1225,11.6136363636364,511,2,"United Kingdom",1,0,3,"United Kingdom"
"13779",425.059722222222,1,161.13,161.13,1.96296296296296,53,0,"United Kingdom",1,0,1,"United Kingdom"
"13780",80.0465277777778,2,488.34,244.17,6.68,334,1,"United Kingdom",0,0,3,"United Kingdom"
"13781",160.029166666667,3,778.83,259.61,5.26315789473684,300,0,"United Kingdom",1,0,3,"United Kingdom"
"13782",34.0201388888889,10,1362.01,136.201,2.47567567567568,458,1,"United Kingdom",0,0,3,"United Kingdom"
"13783",397.14375,4,1542.09,385.5225,343.7,3437,10,"United Kingdom",1,0,1,"United Kingdom"
"13784",4.01597222222222,12,2571.59,214.299166666667,66.6410256410256,2599,21,"United Kingdom",0,0,3,"United Kingdom"
"13785",338.142361111111,4,542.49,135.6225,5.03333333333333,151,0,"United Kingdom",1,0,1,"United Kingdom"
"13786",276.95625,6,3127.99,521.331666666667,13.0603448275862,1515,8,"United Kingdom",1,1,1,"United Kingdom"
"13787",273.920138888889,5,1019.86,203.972,11.5645161290323,717,2,"United Kingdom",0,0,1,"United Kingdom"
"13788",414.875,1,3.75,3.75,1,1,0,"United Kingdom",1,0,1,"United Kingdom"
"13789",297.888194444444,1,239.46,239.46,14.3333333333333,258,0,"United Kingdom",1,0,1,"United Kingdom"
"13791",37.0458333333333,2,1516,758,109.090909090909,1200,11,"United Kingdom",1,0,3,"United Kingdom"
"13792",196.949305555556,2,263,131.5,6.57142857142857,92,0,"United Kingdom",0,0,3,"United Kingdom"
"13793",556.184027777778,1,96,96,7.42857142857143,52,0,"United Kingdom",1,0,1,"United Kingdom"
"13794",456.013888888889,1,126.03,126.03,7,63,0,"United Kingdom",1,0,1,"United Kingdom"
"13795",297.809027777778,4,836.3,209.075,43.1034482758621,1250,10,"United Kingdom",1,0,1,"United Kingdom"
"13796",408.920138888889,1,289.7,289.7,9.90909090909091,218,0,"United Kingdom",1,0,1,"United Kingdom"
"13797",346.094444444444,3,1179.45,393.15,7.34615384615385,573,0,"United Kingdom",1,0,1,"United Kingdom"
"13798",2.88611111111111,95,67436.16,709.854315789474,67.4215530903328,42543,501,"United Kingdom",0,1,2,"United Kingdom"
"13799",26.0298611111111,9,2803.57,311.507777777778,14.5188679245283,1539,5,"United Kingdom",1,1,3,"United Kingdom"
"13800",219.015972222222,3,1679.56,559.853333333333,12.2054794520548,891,5,"United Kingdom",1,0,3,"United Kingdom"
"13802",48.0805555555556,19,26259.11,1382.05842105263,31.5379464285714,14129,121,"United Kingdom",1,1,2,"United Kingdom"
"13803",164.995138888889,3,1338.91,446.303333333333,10.6538461538462,831,1,"United Kingdom",1,0,3,"United Kingdom"
"13804",6.07708333333333,6,2098.74,349.79,10.5714285714286,1258,5,"United Kingdom",0,0,3,"United Kingdom"
"13805",38.8895833333333,1,500.24,500.24,121.333333333333,728,6,"United Kingdom",0,0,3,"United Kingdom"
"13807",276.876388888889,3,422.2,140.733333333333,4.64,116,0,"United Kingdom",1,0,1,"United Kingdom"
"13808",3.02777777777778,2,723.1,361.55,9.25714285714286,324,0,"United Kingdom",0,0,3,"United Kingdom"
"13809",214.982638888889,3,679.7,226.566666666667,11.24,281,1,"Cyprus",1,0,3,"Other"
"13811",93.1222222222222,3,814.5,271.5,5.23076923076923,68,0,"Germany",1,0,3,"Germany"
"13812",14.9972222222222,1,278.74,278.74,9.55,191,0,"Germany",0,0,3,"Germany"
"13813",44.0951388888889,5,1783.75,356.75,10.0769230769231,917,3,"Germany",0,0,3,"Germany"
"13814",1.95972222222222,3,2257.32,752.44,15.3670886075949,1214,4,"Germany",1,0,3,"Germany"
"13815",81.9875,6,6426.13,1071.02166666667,15.1455696202532,4786,15,"Germany",0,1,3,"Germany"
"13817",261.044444444444,1,128.7,128.7,7,63,0,"Germany",0,0,1,"Germany"
"13818",339.010416666667,1,61.28,61.28,12,60,0,"United Kingdom",1,0,1,"United Kingdom"
"13819",211.091666666667,6,2642.35,440.391666666667,22.8613861386139,2309,17,"United Kingdom",1,1,3,"United Kingdom"
"13820",327.961111111111,3,652.75,217.583333333333,3.20224719101124,285,0,"United Kingdom",1,0,1,"United Kingdom"
"13821",54.1256944444444,6,1379.08,229.846666666667,2.33823529411765,477,0,"United Kingdom",1,0,3,"United Kingdom"
"13823",1.08888888888889,6,3096.21,516.035,9.73154362416107,1450,4,"United Kingdom",0,1,3,"United Kingdom"
"13824",45.1444444444444,11,3045.66,276.878181818182,14.8222222222222,1334,8,"United Kingdom",0,1,3,"United Kingdom"
"13825",531.075,2,255.59,127.795,4.55,182,1,"United Kingdom",1,0,1,"United Kingdom"
"13826",85.9597222222222,1,189.5,189.5,8.2,82,0,"United Kingdom",1,0,3,"United Kingdom"
"13827",43.0451388888889,2,300.76,150.38,1.55737704918033,95,0,"United Kingdom",0,0,3,"United Kingdom"
"13829",330.771527777778,1,102,102,12,12,0,"United Kingdom",1,0,1,"United Kingdom"
"13830",491.018055555556,1,156.85,156.85,4.27272727272727,47,0,"United Kingdom",1,0,1,"United Kingdom"
"13831",48.0166666666667,16,5837.94,364.87125,12.5872093023256,2165,20,"United Kingdom",0,1,3,"United Kingdom"
"13832",331.922916666667,1,557.69,557.69,7.53846153846154,392,5,"United Kingdom",0,0,1,"United Kingdom"
"13833",68.9743055555556,2,700.41,350.205,5.52272727272727,243,0,"United Kingdom",1,0,3,"United Kingdom"
"13834",486.099305555556,2,324.19,162.095,13.8125,221,2,"United Kingdom",1,0,1,"United Kingdom"
"13835",64.8986111111111,5,798.04,159.608,7.38,369,0,"United Kingdom",0,0,3,"United Kingdom"
"13836",308.971527777778,2,620.37,310.185,8.80645161290323,273,1,"United Kingdom",1,0,1,"United Kingdom"
"13837",121.027777777778,2,266.59,133.295,10.1111111111111,182,1,"United Kingdom",1,0,3,"United Kingdom"
"13838",27.0819444444444,9,1482.79,164.754444444444,1.71590909090909,604,0,"United Kingdom",0,0,3,"United Kingdom"
"13839",395.956944444444,1,139.95,139.95,3.57142857142857,25,0,"United Kingdom",1,0,1,"United Kingdom"
"13840",325.969444444444,1,651.4,651.4,8.95,358,0,"United Kingdom",1,0,1,"United Kingdom"
"13841",162.027777777778,1,85,85,100,100,1,"United Kingdom",1,0,3,"United Kingdom"
"13842",65.00625,16,4098.99,256.186875,7.05363984674329,1841,1,"United Kingdom",0,1,3,"United Kingdom"
"13843",290.793055555556,1,319.75,319.75,8.05555555555556,145,0,"United Kingdom",1,0,1,"United Kingdom"
"13846",151.907638888889,3,1106.66,368.886666666667,9.59420289855072,662,0,"United Kingdom",0,0,3,"United Kingdom"
"13847",629.089583333333,1,310.72,310.72,5.05263157894737,96,0,"United Kingdom",1,0,1,"United Kingdom"
"13848",1.99444444444444,8,3015,376.875,920,9200,10,"United Kingdom",1,1,3,"United Kingdom"
"13849",80.1104166666667,4,2524.93,631.2325,7.63694267515924,1199,1,"United Kingdom",0,0,3,"United Kingdom"
"13850",38.9486111111111,1,1595.48,1595.48,10.1505376344086,944,0,"United Kingdom",1,0,3,"United Kingdom"
"13851",5.00972222222222,8,4606.46,575.8075,18.0357142857143,2525,5,"United Kingdom",1,1,3,"United Kingdom"
"13852",520.155555555556,1,187.35,187.35,7.72727272727273,85,0,"United Kingdom",1,0,1,"United Kingdom"
"13854",1.92708333333333,34,10304.2,303.064705882353,20.1146496815287,3158,23,"United Kingdom",0,1,2,"United Kingdom"
"13855",410.122916666667,4,1310.34,327.585,7.87671232876712,575,1,"United Kingdom",1,0,1,"United Kingdom"
"13856",78.1159722222222,11,1142.03,103.820909090909,20.462962962963,1105,9,"United Kingdom",1,0,3,"United Kingdom"
"13857",302.997222222222,6,1001.01,166.835,6.109375,782,3,"United Kingdom",1,0,1,"United Kingdom"
"13859",235.858333333333,2,515.86,257.93,4.63888888888889,167,0,"United Kingdom",1,0,1,"United Kingdom"
"13861",338.9375,2,273.26,136.63,10.7142857142857,225,0,"United Kingdom",1,0,1,"United Kingdom"
"13862",17.9145833333333,7,2128.03,304.004285714286,11.5725190839695,1516,1,"United Kingdom",0,0,3,"United Kingdom"
"13863",157.104166666667,4,1239.55,309.8875,7.9,553,0,"United Kingdom",1,0,3,"United Kingdom"
"13864",296,1,662.4,662.4,192,192,1,"United Kingdom",1,0,1,"United Kingdom"
"13865",46.0597222222222,3,383.34,127.78,6.69565217391304,154,0,"United Kingdom",0,0,3,"United Kingdom"
"13867",127.806944444444,1,138.85,138.85,3.875,31,0,"United Kingdom",0,0,3,"United Kingdom"
"13869",32.95625,10,7996.87,799.687,5.13365155131265,4302,2,"United Kingdom",1,1,3,"United Kingdom"
"13870",11.0541666666667,12,5120.61,426.7175,14.8691588785047,3182,19,"United Kingdom",0,1,3,"United Kingdom"
"13871",1.99930555555556,13,6095.24,468.864615384615,8.508038585209,2646,6,"United Kingdom",0,1,3,"United Kingdom"
"13872",436.885416666667,3,919.57,306.523333333333,5.94736842105263,339,0,"United Kingdom",1,0,1,"United Kingdom"
"13873",29.1125,8,1038.92,129.865,7.86666666666667,472,2,"United Kingdom",1,0,3,"United Kingdom"
"13874",267.770833333333,7,2049.15,292.735714285714,12.5217391304348,864,8,"United Kingdom",1,0,1,"United Kingdom"
"13875",43.1520833333333,13,4452.38,342.490769230769,11.1781376518219,2761,2,"United Kingdom",0,1,3,"United Kingdom"
"13877",379.813194444444,2,332.44,166.22,18.5,370,3,"United Kingdom",0,0,1,"United Kingdom"
"13878",457.107638888889,3,1145.33,381.776666666667,6.92537313432836,464,3,"United Kingdom",0,0,1,"United Kingdom"
"13879",555.084027777778,1,395.5,395.5,8.16,204,0,"United Kingdom",1,0,1,"United Kingdom"
"13880",54.9465277777778,12,2754.85,229.570833333333,10.5821917808219,1545,0,"United Kingdom",0,1,3,"United Kingdom"
"13881",5.04652777777778,34,37418.26,1100.53705882353,63.925,25570,239,"United Kingdom",0,1,2,"United Kingdom"
"13883",128.007638888889,14,5628.32,402.022857142857,11.3880597014925,3052,11,"United Kingdom",0,1,3,"United Kingdom"
"13884",186.997916666667,8,1233.68,154.21,3.88721804511278,517,0,"United Kingdom",0,0,3,"United Kingdom"
"13885",98.9048611111111,2,506.8,253.4,6.5,182,0,"United Kingdom",1,0,3,"United Kingdom"
"13887",113.811111111111,1,349.55,349.55,7.73684210526316,147,0,"United Kingdom",1,0,3,"United Kingdom"
"13888",29.1090277777778,7,2001.59,285.941428571429,4.64912280701754,795,1,"United Kingdom",1,0,3,"United Kingdom"
"13889",2.15069444444444,6,1991.23,331.871666666667,11.7951807228916,979,0,"United Kingdom",1,0,3,"United Kingdom"
"13890",16.9847222222222,6,1544.68,257.446666666667,8.94623655913978,832,0,"United Kingdom",0,0,3,"United Kingdom"
"13891",287.870138888889,3,859.21,286.403333333333,4.80808080808081,476,0,"United Kingdom",1,0,1,"United Kingdom"
"13892",156.031944444444,3,689.2,229.733333333333,190.166666666667,2282,10,"United Kingdom",0,0,3,"United Kingdom"
"13893",207.055555555556,1,821.1,821.1,9.04761904761905,190,3,"United Kingdom",1,0,3,"United Kingdom"
"13894",219.997222222222,1,160.85,160.85,10.5,105,0,"United Kingdom",0,0,3,"United Kingdom"
"13895",52.9493055555556,4,2352.75,588.1875,10.0088495575221,1131,4,"United Kingdom",0,0,3,"United Kingdom"
"13896",535.163194444444,1,388.55,388.55,7.09523809523809,149,0,"United Kingdom",1,0,1,"United Kingdom"
"13897",347.968055555556,2,849.56,424.78,14.7619047619048,620,2,"United Kingdom",0,0,1,"United Kingdom"
"13898",235.098611111111,2,686.4,343.2,11.8260869565217,544,1,"United Kingdom",1,0,1,"United Kingdom"
"13899",184.138888888889,1,298.5,298.5,8.13333333333333,122,0,"United Kingdom",0,0,3,"United Kingdom"
"13900",92.725,6,1610.59,268.431666666667,9.87368421052632,938,2,"United Kingdom",1,0,3,"United Kingdom"
"13901",17.0097222222222,14,5461.42,390.101428571429,10.6847457627119,3152,17,"United Kingdom",0,1,3,"United Kingdom"
"13902",541.986805555556,5,34095.26,6819.052,3501.5873015873,220600,56,"Denmark",1,1,1,"Other"
"13903",309.795833333333,1,165.45,165.45,10.3,103,0,"United Kingdom",1,0,1,"United Kingdom"
"13904",204.063888888889,1,201.12,201.12,13.1176470588235,223,0,"United Kingdom",0,0,3,"United Kingdom"
"13905",642.047916666667,1,312.65,312.65,11.25,135,0,"United Kingdom",1,0,1,"United Kingdom"
"13906",318.909722222222,1,42,42,100,100,1,"United Kingdom",1,0,1,"United Kingdom"
"13907",601.019444444444,1,136.8,136.8,17,68,0,"United Kingdom",1,0,1,"United Kingdom"
"13908",36.0444444444444,3,1461.61,487.203333333333,12.0921052631579,919,2,"United Kingdom",0,0,3,"United Kingdom"
"13909",332.811111111111,2,282.85,141.425,7.92105263157895,301,4,"United Kingdom",1,0,1,"United Kingdom"
"13911",53.9722222222222,19,4091.71,215.353157894737,16.8589743589744,3945,21,"United Kingdom",0,1,3,"United Kingdom"
"13912",333.171527777778,1,124.95,124.95,4.14285714285714,29,0,"United Kingdom",1,0,1,"United Kingdom"
"13913",416.110416666667,1,42.22,42.22,3.33333333333333,10,0,"United Kingdom",1,0,1,"United Kingdom"
"13915",303.897916666667,1,70.8,70.8,12,24,0,"United Kingdom",1,0,1,"United Kingdom"
"13916",373.115277777778,4,1275.81,318.9525,9.09459459459459,673,1,"United Kingdom",1,0,1,"United Kingdom"
"13917",101.002777777778,1,65.38,65.38,7.6,38,0,"United Kingdom",0,0,3,"United Kingdom"
"13918",162.78125,1,198.2,198.2,12.5,100,0,"United Kingdom",0,0,3,"United Kingdom"
"13919",31.1076388888889,3,1189.02,396.34,15.3384615384615,997,3,"Denmark",0,0,3,"Other"
"13920",341.009027777778,4,1774.68,443.67,20.6046511627907,1772,19,"United Kingdom",1,0,1,"United Kingdom"
"13921",311.845833333333,4,730.7,182.675,4.77272727272727,210,0,"United Kingdom",1,0,1,"United Kingdom"
"13922",261.091666666667,3,865.2,288.4,15.5666666666667,467,3,"United Kingdom",1,0,1,"United Kingdom"
"13925",2.00208333333333,4,678.25,169.5625,8.07317073170732,331,1,"United Kingdom",1,0,3,"United Kingdom"
"13927",346.859722222222,1,359.27,359.27,12.45,249,2,"United Kingdom",0,0,1,"United Kingdom"
"13928",16.0256944444444,2,225.45,112.725,6.69230769230769,87,0,"United Kingdom",0,0,3,"United Kingdom"
"13929",78.8916666666667,11,3494.1,317.645454545455,27.4736842105263,1566,10,"United Kingdom",1,1,3,"United Kingdom"
"13930",46.0763888888889,1,210,210,21,210,0,"United Kingdom",0,0,3,"United Kingdom"
"13931",5.10972222222222,11,5257.38,477.943636363636,12.8708487084871,3488,6,"United Kingdom",1,1,3,"United Kingdom"
"13932",204.033333333333,1,307.4,307.4,4.5,72,0,"United Kingdom",1,0,3,"United Kingdom"
"13933",18.9493055555556,2,608.79,304.395,8.91304347826087,205,0,"United Kingdom",1,0,3,"United Kingdom"
"13934",173.174305555556,1,922.1,922.1,12.5806451612903,390,0,"United Kingdom",1,0,3,"United Kingdom"
"13935",506.061805555556,3,6116.92,2038.97333333333,28.15,2252,28,"United Kingdom",1,1,1,"United Kingdom"
"13936",89.16875,3,939.66,313.22,11.2033898305085,661,1,"United Kingdom",1,0,3,"United Kingdom"
"13937",78.84375,2,880.13,440.065,10.8703703703704,587,2,"United Kingdom",1,0,3,"United Kingdom"
"13939",18.0395833333333,6,1382.62,230.436666666667,14.3232323232323,1418,11,"United Kingdom",0,0,3,"United Kingdom"
"13940",26.0020833333333,2,391.06,195.53,8.88888888888889,240,1,"United Kingdom",0,0,3,"United Kingdom"
"13941",81.1291666666667,13,7745.48,595.806153846154,49.3506493506493,3800,34,"United Kingdom",0,1,3,"United Kingdom"
"13942",444.010416666667,1,320,320,1000,1000,1,"United Kingdom",1,0,1,"United Kingdom"
"13943",487.055555555556,1,246.54,246.54,6.26666666666667,94,0,"United Kingdom",1,0,1,"United Kingdom"
"13944",562.908333333333,1,200.43,200.43,4.37142857142857,153,1,"United Kingdom",1,0,1,"United Kingdom"
"13945",304.118055555556,2,854.15,427.075,8.09803921568627,413,0,"United Kingdom",1,0,1,"United Kingdom"
"13946",111.032638888889,5,1800.63,360.126,49.3888888888889,2667,12,"United Kingdom",0,0,3,"United Kingdom"
"13948",270.105555555556,4,548.76,137.19,10.3333333333333,248,0,"United Kingdom",1,0,1,"United Kingdom"
"13949",4.03819444444444,1,537.9,537.9,14.2631578947368,542,1,"United Kingdom",0,0,3,"United Kingdom"
"13950",156.05625,1,179.31,179.31,11.5714285714286,81,0,"United Kingdom",0,0,3,"United Kingdom"
"13951",85.8381944444444,3,674.45,224.816666666667,11.7692307692308,459,2,"United Kingdom",1,0,3,"United Kingdom"
"13952",127.159722222222,14,12823.521,915.965785714286,14.5403422982885,5947,45,"United Kingdom",1,1,3,"United Kingdom"
"13953",25.1159722222222,10,5729.36,572.936,267.529411764706,4548,10,"United Kingdom",0,1,3,"United Kingdom"
"13955",63.8131944444444,3,544.07,181.356666666667,3.2,272,1,"United Kingdom",1,0,3,"United Kingdom"
"13956",47.8597222222222,3,676.07,225.356666666667,3.52777777777778,381,2,"United Kingdom",0,0,3,"United Kingdom"
"13957",327.116666666667,3,458.25,152.75,5.81481481481481,157,0,"United Kingdom",1,0,1,"United Kingdom"
"13958",289.110416666667,8,4709.23,588.65375,9.97356828193833,2264,11,"United Kingdom",1,1,1,"United Kingdom"
"13959",190.773611111111,5,808.17,161.634,5.31683168316832,537,2,"United Kingdom",0,0,3,"United Kingdom"
"13961",301.923611111111,1,538.4,538.4,11.8947368421053,226,1,"United Kingdom",1,0,1,"United Kingdom"
"13962",155.061805555556,2,310.85,155.425,5.42105263157895,103,0,"United Kingdom",0,0,3,"United Kingdom"
"13963",217.921527777778,17,2860.57,168.268823529412,12.1636363636364,2007,16,"United Kingdom",1,1,3,"United Kingdom"
"13964",296.95625,2,438.9,219.45,9.5,228,0,"United Kingdom",1,0,1,"United Kingdom"
"13965",386.090277777778,3,996.61,332.203333333333,17.7083333333333,425,1,"United Kingdom",1,0,1,"United Kingdom"
"13966",344.9875,1,384.26,384.26,36.1904761904762,760,2,"United Kingdom",1,0,1,"United Kingdom"
"13967",55.0333333333333,2,166.3,83.15,11,66,1,"United Kingdom",1,0,3,"United Kingdom"
"13968",332.977777777778,1,123.66,123.66,21.75,174,3,"United Kingdom",1,0,1,"United Kingdom"
"13969",16.8770833333333,28,7832.52,279.732857142857,5.16055625790139,4082,5,"United Kingdom",0,1,2,"United Kingdom"
"13970",295.978472222222,2,846.55,423.275,36.0769230769231,469,2,"United Kingdom",1,0,1,"United Kingdom"
"13971",15.9354166666667,12,3895.21,324.600833333333,12.018691588785,2572,8,"United Kingdom",0,1,3,"United Kingdom"
"13972",111.052777777778,1,145.9,145.9,4.66666666666667,42,0,"United Kingdom",0,0,3,"United Kingdom"
"13973",196.895138888889,1,264.7,264.7,9.90909090909091,109,0,"United Kingdom",1,0,3,"United Kingdom"
"13974",491.788194444444,1,264.13,264.13,7.13333333333333,107,0,"United Kingdom",0,0,1,"United Kingdom"
"13975",37.9659722222222,10,4261.83,426.183,5.08928571428571,3135,4,"United Kingdom",0,1,3,"United Kingdom"
"13976",116.150694444444,4,1192.36,298.09,8.07142857142857,452,1,"United Kingdom",1,0,3,"United Kingdom"
"13977",320.945833333333,1,519.81,519.81,23.3076923076923,303,5,"United Kingdom",1,0,1,"United Kingdom"
"13979",302.944444444444,6,2510.06,418.343333333333,4.81120943952802,1631,2,"United Kingdom",0,0,1,"United Kingdom"
"13980",348.994444444444,4,568.68,142.17,5.59615384615385,291,0,"United Kingdom",0,0,1,"United Kingdom"
"13981",325.115972222222,1,331.14,331.14,10.6363636363636,234,2,"United Kingdom",1,0,1,"United Kingdom"
"13982",72.9020833333333,8,3312.62,414.0775,11.3636363636364,2125,11,"United Kingdom",0,1,3,"United Kingdom"
"13983",96.8645833333333,17,5831.52,343.030588235294,12.0238095238095,3535,17,"United Kingdom",0,1,3,"United Kingdom"
"13984",35.9305555555556,11,1792.62,162.965454545455,15.1071428571429,1269,7,"United Kingdom",0,0,3,"United Kingdom"
"13985",16.9854166666667,14,5733.77,409.555,10.0034843205575,2871,6,"United Kingdom",0,1,3,"United Kingdom"
"13987",289.104166666667,2,682.54,341.27,10.695652173913,492,0,"United Kingdom",1,0,1,"United Kingdom"
"13988",72.0388888888889,5,2533.34,506.668,9.42774566473988,1631,2,"United Kingdom",0,0,3,"United Kingdom"
"13989",148.882638888889,4,1656.65,414.1625,25.9264705882353,1763,13,"United Kingdom",0,0,3,"United Kingdom"
"13990",122.896527777778,1,311.3,311.3,11.875,190,1,"United Kingdom",1,0,3,"United Kingdom"
"13991",52.9944444444444,1,126.35,126.35,11.8571428571429,83,0,"United Kingdom",0,0,3,"United Kingdom"
"13992",289.880555555556,2,142.7,71.35,15,90,0,"United Kingdom",0,0,1,"United Kingdom"
"13993",10.0131944444444,16,5556.76,347.2975,8.10300429184549,1888,1,"United Kingdom",0,1,3,"United Kingdom"
"13994",15.0520833333333,2,419.56,209.78,6.33333333333333,133,0,"United Kingdom",0,0,3,"United Kingdom"
"13995",25.1597222222222,12,3380.22,281.685,10.5454545454545,2088,3,"United Kingdom",0,1,3,"United Kingdom"
"13996",295.849305555556,2,895.76,447.88,18.5757575757576,613,2,"United Kingdom",1,0,1,"United Kingdom"
"13997",428.780555555556,3,376.46,125.486666666667,3.25,143,0,"United Kingdom",1,0,1,"United Kingdom"
"13998",356.104166666667,3,566.7,188.9,6.58064516129032,204,0,"United Kingdom",1,0,1,"United Kingdom"
"13999",5.06319444444444,26,8469.42,325.746923076923,11.002427184466,4533,14,"United Kingdom",0,1,2,"United Kingdom"
"14000",120.833333333333,5,2046.34,409.268,37.5102040816327,1838,21,"United Kingdom",1,0,3,"United Kingdom"
"14001",142.141666666667,8,3494.91,436.86375,16.4659090909091,1449,12,"United Kingdom",0,1,3,"United Kingdom"
"14002",43.8715277777778,2,529.73,264.865,18.6595744680851,877,6,"United Kingdom",1,0,3,"United Kingdom"
"14003",642.164583333333,1,209.41,209.41,9.3125,149,1,"United Kingdom",1,0,1,"United Kingdom"
"14004",7.95833333333333,9,4879.07,542.118888888889,13.1513513513514,2433,10,"United Kingdom",0,1,3,"United Kingdom"
"14005",43.1180555555556,3,696.56,232.186666666667,22.7368421052632,864,4,"United Kingdom",0,0,3,"United Kingdom"
"14006",25.1326388888889,7,2196.67,313.81,28.3246753246753,2181,13,"United Kingdom",1,0,3,"United Kingdom"
"14007",422.155555555556,1,79.48,79.48,3.2,16,0,"United Kingdom",1,0,1,"United Kingdom"
"14008",341.986805555556,1,509.04,509.04,10.1875,326,0,"United Kingdom",1,0,1,"United Kingdom"
"14009",107.877083333333,3,1099.91,366.636666666667,12.8513513513514,951,8,"United Kingdom",1,0,3,"United Kingdom"
"14010",474.993055555556,2,445.15,222.575,7.375,177,1,"United Kingdom",1,0,1,"United Kingdom"
"14011",389.888194444444,2,457.82,228.91,20.125,644,6,"United Kingdom",1,0,1,"United Kingdom"
"14012",187.016666666667,1,328.8,328.8,14.5454545454545,160,0,"United Kingdom",1,0,3,"United Kingdom"
"14013",19.9090277777778,5,1084.57,216.914,11.3970588235294,775,2,"United Kingdom",1,0,3,"United Kingdom"
"14014",285.9125,2,1443.03,721.515,25.0810810810811,928,6,"United Kingdom",0,0,1,"United Kingdom"
"14016",71.05625,11,11403.41,1036.67363636364,12.7723214285714,5722,25,"EIRE",1,1,3,"Other"
"14017",480.915277777778,1,229.75,229.75,5.21428571428571,73,0,"United Kingdom",1,0,1,"United Kingdom"
"14018",554.935416666667,1,367.15,367.15,17.2307692307692,224,1,"United Kingdom",1,0,1,"United Kingdom"
"14019",7.99930555555556,2,800.53,400.265,13.1666666666667,553,2,"United Kingdom",0,0,3,"United Kingdom"
"14020",385.986805555556,2,606.21,303.105,6.27272727272727,207,0,"United Kingdom",0,0,1,"United Kingdom"
"14021",64.8777777777778,7,1716.58,245.225714285714,9.75555555555556,878,4,"United Kingdom",1,0,3,"United Kingdom"
"14022",134.924305555556,2,792.15,396.075,14.4893617021277,681,3,"United Kingdom",1,0,3,"United Kingdom"
"14023",159.875,1,273.14,273.14,10.125,162,0,"United Kingdom",0,0,3,"United Kingdom"
"14024",31.0555555555556,3,645.74,215.246666666667,7,238,0,"United Kingdom",1,0,3,"United Kingdom"
"14025",374.110416666667,8,4057.9,507.2375,19.3333333333333,1914,18,"United Kingdom",1,1,1,"United Kingdom"
"14026",380.096527777778,2,713.11,356.555,8.54,427,0,"United Kingdom",1,0,1,"United Kingdom"
"14028",459.970138888889,3,10396.5,3465.5,796.666666666667,7170,9,"United Kingdom",1,1,1,"United Kingdom"
"14029",53.8284722222222,1,165.2,165.2,4,24,0,"United Kingdom",0,0,3,"United Kingdom"
"14030",30.8548611111111,18,6820.46,378.914444444444,4.82171581769437,3597,6,"United Kingdom",0,1,3,"United Kingdom"
"14031",35.9173611111111,38,31359.68,825.254736842105,17.1854599406528,11583,69,"United Kingdom",0,1,2,"United Kingdom"
"14032",78.0708333333333,11,3416.19,310.562727272727,16.5737704918033,3033,15,"United Kingdom",0,1,3,"United Kingdom"
"14033",464.902777777778,1,109.44,109.44,576,576,1,"United Kingdom",1,0,1,"United Kingdom"
"14034",66.9826388888889,2,473.91,236.955,12.28,307,4,"United Kingdom",0,0,3,"United Kingdom"
"14035",16.9826388888889,7,2203.99,314.855714285714,10.6,1113,9,"United Kingdom",0,0,3,"United Kingdom"
"14036",194.141666666667,1,626.65,626.65,7.05263157894737,268,0,"United Kingdom",1,0,3,"United Kingdom"
"14037",85.9534722222222,6,836.95,139.491666666667,5.17543859649123,590,5,"United Kingdom",1,0,3,"United Kingdom"
"14038",53.8993055555556,4,2595.92,648.98,10.7761194029851,1444,3,"United Kingdom",0,0,3,"United Kingdom"
"14039",485.107638888889,1,115.08,115.08,25,100,1,"United Kingdom",0,0,1,"United Kingdom"
"14040",3.93125,33,11697.95,354.483333333333,6.48418156808803,4714,21,"United Kingdom",0,1,2,"United Kingdom"
"14041",175.975694444444,1,141.41,141.41,4.47619047619048,94,0,"United Kingdom",1,0,3,"United Kingdom"
"14042",634.904861111111,1,431.98,431.98,8.57142857142857,180,0,"United Kingdom",1,0,1,"United Kingdom"
"14043",400.772222222222,2,302.6,151.3,3.70731707317073,152,0,"United Kingdom",1,0,1,"United Kingdom"
"14044",12.9243055555556,9,2966.99,329.665555555556,2.54738154613466,2043,4,"United Kingdom",0,1,3,"United Kingdom"
"14045",18.8909722222222,16,10986.63,686.664375,120.513513513514,4459,36,"United Kingdom",1,1,3,"United Kingdom"
"14046",193.918055555556,1,154.99,154.99,32.8571428571429,460,5,"United Kingdom",1,0,3,"United Kingdom"
"14047",109.052083333333,12,3295.42,274.618333333333,9.92753623188406,1370,8,"United Kingdom",0,1,3,"United Kingdom"
"14048",214.914583333333,3,748.69,249.563333333333,3.31205673758865,467,2,"United Kingdom",1,0,3,"United Kingdom"
"14049",68.04375,12,10689.42,890.785,7.9696261682243,6822,36,"United Kingdom",0,1,3,"United Kingdom"
"14050",15.9611111111111,1,485.98,485.98,12.0810810810811,447,0,"United Kingdom",0,0,3,"United Kingdom"
"14051",1.10694444444444,30,15432.43,514.414333333333,17.8902953586498,4240,28,"United Kingdom",0,1,2,"United Kingdom"
"14052",300.050694444444,1,241.3,241.3,1.30769230769231,85,0,"United Kingdom",0,0,1,"United Kingdom"
"14053",33.9326388888889,4,572.3,143.075,54.4444444444444,490,4,"United Kingdom",1,0,3,"United Kingdom"
"14055",15.9069444444444,3,1520.96,506.986666666667,21.8181818181818,720,7,"United Kingdom",1,0,3,"United Kingdom"
"14056",16.8666666666667,17,5333.97,313.762941176471,3.91256830601093,2864,4,"United Kingdom",0,1,3,"United Kingdom"
"14057",10.1215277777778,18,6940.68,385.593333333333,13.7406483790524,5510,32,"United Kingdom",0,1,3,"United Kingdom"
"14058",372.138194444444,2,469.19,234.595,8.79166666666667,211,0,"United Kingdom",1,0,1,"United Kingdom"
"14059",176.113888888889,1,183.6,183.6,16,128,1,"United Kingdom",1,0,3,"United Kingdom"
"14060",17.8340277777778,25,6860.6,274.424,29.7589743589744,5803,65,"United Kingdom",0,1,2,"United Kingdom"
"14061",416.811111111111,3,917.43,305.81,7,133,1,"United Kingdom",1,0,1,"United Kingdom"
"14062",1.09652777777778,22,23921.47,1087.33954545455,34.9046153846154,11344,111,"United Kingdom",0,1,2,"United Kingdom"
"14063",347.855555555556,9,22710.2,2523.35555555556,96.25,3850,31,"United Kingdom",1,1,1,"United Kingdom"
"14064",22.7770833333333,14,3022.93,215.923571428571,16.9027777777778,3651,14,"United Kingdom",0,1,3,"United Kingdom"
"14065",298.859027777778,3,891.02,297.006666666667,11.8775510204082,582,3,"United Kingdom",1,0,1,"United Kingdom"
"14066",176.020138888889,1,152.55,152.55,6.42857142857143,45,0,"United Kingdom",1,0,3,"United Kingdom"
"14067",6.03472222222222,1,224.67,224.67,8.64,216,3,"United Kingdom",0,0,3,"United Kingdom"
"14068",229.866666666667,4,1516.72,379.18,4.72222222222222,510,1,"United Kingdom",1,0,3,"United Kingdom"
"14069",424.026388888889,2,225.81,112.905,1.41463414634146,58,0,"United Kingdom",1,0,1,"United Kingdom"
"14070",594.015972222222,1,321.6,321.6,2.07317073170732,85,0,"United Kingdom",1,0,1,"United Kingdom"
"14071",169.973611111111,2,356.81,178.405,10.1724137931034,295,0,"United Kingdom",0,0,3,"United Kingdom"
"14072",576.013194444444,1,390.85,390.85,3.42105263157895,65,0,"United Kingdom",1,0,1,"United Kingdom"
"14074",532.954861111111,1,219.4,219.4,38,228,5,"United Kingdom",1,0,1,"United Kingdom"
"14075",170.84375,4,1100.53,275.1325,18.0357142857143,1010,4,"United Kingdom",0,0,3,"United Kingdom"
"14076",38.8965277777778,1,118.67,118.67,1.79545454545455,79,0,"United Kingdom",1,0,3,"United Kingdom"
"14077",91.9298611111111,4,426.06,106.515,5.33333333333333,256,1,"United Kingdom",0,0,3,"United Kingdom"
"14078",11.0236111111111,9,1553.47,172.607777777778,3.95945945945946,586,1,"United Kingdom",1,0,3,"United Kingdom"
"14079",34.0277777777778,2,618.73,309.365,23.2307692307692,302,2,"United Kingdom",1,0,3,"United Kingdom"
"14080",322.948611111111,4,1070.08,267.52,2.78481012658228,220,0,"United Kingdom",0,0,1,"United Kingdom"
"14081",211.85625,10,4867.57,486.757,4.00592417061611,3381,6,"United Kingdom",1,1,3,"United Kingdom"
"14082",274.075,2,413.36,206.68,3.78461538461538,246,2,"United Kingdom",1,0,1,"United Kingdom"
"14083",35.9298611111111,9,612.68,68.0755555555556,4.04716981132075,429,2,"United Kingdom",0,0,3,"United Kingdom"
"14084",421.926388888889,1,150.5,150.5,43.7142857142857,306,4,"United Kingdom",1,0,1,"United Kingdom"
"14085",50.9597222222222,27,8520.32,315.567407407407,5.78852284803401,5447,22,"United Kingdom",0,1,2,"United Kingdom"
"14086",372.081944444444,1,39.95,39.95,1,1,0,"United Kingdom",1,0,1,"United Kingdom"
"14087",314.061111111111,2,638,319,3.22758620689655,468,1,"United Kingdom",0,0,1,"United Kingdom"
"14088",38.0618055555556,10,39052.88,3905.288,24.9613402061856,9685,149,"United Kingdom",0,1,2,"United Kingdom"
"14090",234.082638888889,1,76.32,76.32,72,72,1,"United Kingdom",1,0,1,"United Kingdom"
"14091",563.897916666667,2,9530.08,4765.04,255.076923076923,3316,13,"United Kingdom",1,1,1,"United Kingdom"
"14092",9.09305555555556,20,5897.96,294.898,9.60443037974684,3035,6,"United Kingdom",0,1,2,"United Kingdom"
"14094",349.036111111111,1,311.77,311.77,3.67441860465116,158,1,"United Kingdom",1,0,1,"United Kingdom"
"14095",632.000694444444,1,2.95,2.95,1,1,0,"United Kingdom",1,0,1,"United Kingdom"
"14096",0.897916666666667,3,244.68,81.56,1.64406779661017,97,0,"United Kingdom",0,0,3,"United Kingdom"
"14097",390.9375,2,422.86,211.43,8.8,352,0,"United Kingdom",1,0,1,"United Kingdom"
"14099",29.8861111111111,17,4956.66,291.568235294118,6.82165605095541,3213,9,"United Kingdom",0,1,3,"United Kingdom"
"14100",47.0756944444444,1,191.95,191.95,2.52,63,0,"United Kingdom",1,0,3,"United Kingdom"
"14101",52.0291666666667,12,8929.53,744.1275,117.717647058824,10006,67,"United Kingdom",0,1,3,"United Kingdom"
"14104",64,5,743.53,148.706,3.67407407407407,496,2,"United Kingdom",1,0,3,"United Kingdom"
"14105",148.786111111111,5,5988.83,1197.766,12.6666666666667,3534,14,"United Kingdom",1,1,3,"United Kingdom"
"14106",646.945138888889,1,214.8,214.8,24,24,0,"United Kingdom",1,0,1,"United Kingdom"
"14107",5.89583333333333,10,4636.01,463.601,14.4824561403509,3302,16,"United Kingdom",0,1,3,"United Kingdom"
"14108",11.0541666666667,3,738.38,246.126666666667,14.3529411764706,488,2,"United Kingdom",0,0,3,"United Kingdom"
"14110",28.91875,26,10564.42,406.323846153846,14.2023121387283,4914,40,"United Kingdom",0,1,2,"United Kingdom"
"14111",5.02013888888889,3,295.5,98.5,40.4,202,2,"United Kingdom",0,0,3,"United Kingdom"
"14112",40.0236111111111,10,4820.26,482.026,11,3036,15,"United Kingdom",0,1,3,"United Kingdom"
"14113",264.025,13,5685.69,437.360769230769,31.0666666666667,2796,30,"United Kingdom",0,1,3,"United Kingdom"
"14114",183.130555555556,7,1364.09,194.87,8.78378378378378,650,1,"United Kingdom",1,0,3,"United Kingdom"
"14115",411.009722222222,2,622.67,311.335,23.1363636363636,509,5,"United Kingdom",1,0,1,"United Kingdom"
"14116",2.12430555555556,2,628.87,314.435,11.5151515151515,380,1,"United Kingdom",0,0,3,"United Kingdom"
"14117",53.1256944444444,1,90,90,24,72,0,"United Kingdom",1,0,3,"United Kingdom"
"14118",338.035416666667,1,458.45,458.45,6.46666666666667,97,0,"United Kingdom",1,0,1,"United Kingdom"
"14119",285.095138888889,2,183.37,91.685,16.0909090909091,177,1,"United Kingdom",1,0,1,"United Kingdom"
"14122",315.902083333333,3,362.42,120.806666666667,8.76923076923077,114,1,"United Kingdom",1,0,1,"United Kingdom"
"14123",642.885416666667,1,436.18,436.18,9.75,234,0,"United Kingdom",1,0,1,"United Kingdom"
"14126",353.915972222222,1,466.33,466.33,13.5357142857143,379,1,"United Kingdom",0,0,1,"United Kingdom"
"14127",32.0840277777778,6,1900.08,316.68,7.07692307692308,828,0,"United Kingdom",1,0,3,"United Kingdom"
"14128",165.084027777778,2,592.25,296.125,12.6585365853659,519,0,"United Kingdom",0,0,3,"United Kingdom"
"14129",5.12569444444444,7,2193.71,313.387142857143,12.9340659340659,1177,6,"United Kingdom",0,0,3,"United Kingdom"
"14130",228.864583333333,4,1858.77,464.6925,5.52272727272727,1215,5,"United Kingdom",1,0,3,"United Kingdom"
"14131",558.035416666667,1,168.22,168.22,2.28260869565217,105,0,"United Kingdom",1,0,1,"United Kingdom"
"14132",23.0354166666667,5,1552.46,310.492,16.3218390804598,1420,9,"United Kingdom",0,0,3,"United Kingdom"
"14133",39.0527777777778,4,911.14,227.785,11.0555555555556,398,1,"United Kingdom",1,0,3,"United Kingdom"
"14134",292.016666666667,15,11123.35,741.556666666667,32.3,5814,63,"United Kingdom",1,1,1,"United Kingdom"
"14135",14.9208333333333,19,7339.68,386.298947368421,42.1361256544503,8048,58,"United Kingdom",0,1,3,"United Kingdom"
"14136",310.039583333333,5,1570.81,314.162,10.8301886792453,1148,7,"United Kingdom",1,0,1,"United Kingdom"
"14137",605.013888888889,1,332.7,332.7,42,462,6,"United Kingdom",1,0,1,"United Kingdom"
"14139",399.951388888889,3,670.98,223.66,12.5348837209302,539,1,"United Kingdom",0,0,1,"United Kingdom"
"14141",14.9236111111111,1,285.16,285.16,8.75,140,0,"United Kingdom",0,0,3,"United Kingdom"
"14142",282.845138888889,2,671.34,335.67,11.7727272727273,518,3,"United Kingdom",1,0,1,"United Kingdom"
"14143",43.1263888888889,1,115.8,115.8,4.28571428571429,30,0,"United Kingdom",1,0,3,"United Kingdom"
"14144",395.897916666667,1,30.6,30.6,12,12,0,"United Kingdom",1,0,1,"United Kingdom"
"14145",66.0402777777778,6,6709.05,1118.175,67.0454545454545,1475,21,"United Kingdom",0,1,3,"United Kingdom"
"14146",164.073611111111,9,7163.03,795.892222222222,13.3569131832797,4154,18,"United Kingdom",0,1,3,"United Kingdom"
"14147",195.047222222222,8,2289.6,286.2,34.3333333333333,927,8,"United Kingdom",0,0,3,"United Kingdom"
"14148",143.033333333333,2,466.29,233.145,13.1176470588235,223,0,"United Kingdom",1,0,3,"United Kingdom"
"14149",130.129166666667,1,446.62,446.62,7.78571428571429,218,0,"United Kingdom",1,0,3,"United Kingdom"
"14150",269.115277777778,1,306.18,306.18,21.8333333333333,262,2,"United Kingdom",0,0,1,"United Kingdom"
"14151",582.885416666667,2,679.45,339.725,9.20454545454546,405,0,"United Kingdom",1,0,1,"United Kingdom"
"14152",143.877777777778,6,1690.56,281.76,13.2920353982301,1502,4,"United Kingdom",0,0,3,"United Kingdom"
"14153",392.927083333333,1,233.4,233.4,18.3529411764706,312,0,"United Kingdom",1,0,1,"United Kingdom"
"14154",148.85,8,6460.7,807.5875,11.0342465753425,3222,7,"United Kingdom",1,1,3,"United Kingdom"
"14155",175.942361111111,1,118.75,118.75,4.16666666666667,25,0,"United Kingdom",1,0,3,"United Kingdom"
"14156",2.86805555555556,143,294916.33,2062.35195804196,40.4356770833333,155273,892,"EIRE",0,1,4,"Other"
"14157",194.990277777778,4,822.98,205.745,5.73684210526316,436,0,"United Kingdom",0,0,3,"United Kingdom"
"14159",5.03472222222222,16,5963.18,372.69875,3.39082969432314,4659,6,"United Kingdom",0,1,3,"United Kingdom"
"14160",519.930555555556,7,8421.47,1203.06714285714,43.5607476635514,4661,46,"United Kingdom",1,1,1,"United Kingdom"
"14161",125.047916666667,7,2996.93,428.132857142857,5.34296028880866,1480,2,"United Kingdom",1,1,3,"United Kingdom"
"14162",83.0513888888889,2,289.36,144.68,5.68,142,1,"United Kingdom",1,0,3,"United Kingdom"
"14163",61.9173611111111,4,1808.1,452.025,13.4583333333333,646,6,"United Kingdom",0,0,3,"United Kingdom"
"14165",185.007638888889,1,120.44,120.44,2.20833333333333,53,0,"United Kingdom",1,0,3,"United Kingdom"
"14166",414.713888888889,2,251.15,125.575,1.6078431372549,82,0,"United Kingdom",1,0,1,"United Kingdom"
"14167",74.8361111111111,7,1101.55,157.364285714286,2.84615384615385,296,0,"United Kingdom",0,0,3,"United Kingdom"
"14168",330.084027777778,2,370.45,185.225,9.8,147,0,"United Kingdom",1,0,1,"United Kingdom"
"14169",340.170138888889,2,621.51,310.755,3.203125,205,0,"United Kingdom",1,0,1,"United Kingdom"
"14170",284.986111111111,3,570.18,190.06,1.86206896551724,270,0,"United Kingdom",1,0,1,"United Kingdom"
"14171",7.83819444444444,2,498.79,249.395,3.296875,211,1,"United Kingdom",1,0,3,"United Kingdom"
"14172",514.975,3,369.02,123.006666666667,1.77272727272727,78,0,"United Kingdom",1,0,1,"United Kingdom"
"14173",128.949305555556,3,249.2,83.0666666666667,5.6,84,1,"United Kingdom",0,0,3,"United Kingdom"
"14175",80.93125,7,5662.57,808.938571428571,8.79668049792531,2120,1,"United Kingdom",0,1,3,"United Kingdom"
"14176",206.984722222222,5,756.46,151.292,7.16216216216216,265,0,"United Kingdom",1,0,3,"United Kingdom"
"14177",5.01805555555556,12,1959.69,163.3075,4.86633663366337,983,6,"United Kingdom",0,0,3,"United Kingdom"
"14178",7.92222222222222,3,477.29,159.096666666667,3.98969072164948,387,0,"United Kingdom",0,0,3,"United Kingdom"
"14180",0.960416666666667,30,5627.9,187.596666666667,2.85767790262172,763,0,"United Kingdom",0,1,2,"United Kingdom"
"14181",320.182638888889,2,308.35,154.175,2.30769230769231,120,0,"United Kingdom",1,0,1,"United Kingdom"
"14182",353.045138888889,4,678.77,169.6925,3.48,174,0,"United Kingdom",1,0,1,"United Kingdom"
"14183",320.920138888889,2,278.34,139.17,1.76470588235294,60,0,"United Kingdom",1,0,1,"United Kingdom"
"14185",240.956944444444,1,197.65,197.65,2,6,0,"United Kingdom",1,0,1,"United Kingdom"
"14186",336.972222222222,5,1550.63,310.126,14.9038461538462,1550,7,"United Kingdom",1,0,1,"United Kingdom"
"14187",383.030555555556,1,123.5,123.5,6.25,50,0,"United Kingdom",1,0,1,"United Kingdom"
"14188",18.9638888888889,4,1383.46,345.865,18.2093023255814,783,3,"United Kingdom",0,0,3,"United Kingdom"
"14189",5.96180555555556,12,4116.99,343.0825,14.0486725663717,3175,14,"United Kingdom",0,1,3,"United Kingdom"
"14190",575.932638888889,1,79.9,79.9,2,2,0,"United Kingdom",1,0,1,"United Kingdom"
"14191",17.9340277777778,9,2391.16,265.684444444444,12.1848739495798,1450,3,"United Kingdom",0,0,3,"United Kingdom"
"14192",297.795833333333,1,293.74,293.74,15.5714285714286,218,0,"United Kingdom",1,0,1,"United Kingdom"
"14193",179.05,2,779.34,389.67,10.1777777777778,458,1,"United Kingdom",0,0,3,"United Kingdom"
"14194",15.9222222222222,27,12987.52,481.019259259259,10.7826086956522,7440,28,"United Kingdom",0,1,2,"United Kingdom"
"14195",111.097916666667,6,2615.6,435.933333333333,134,2144,12,"United Kingdom",1,0,3,"United Kingdom"
"14196",16.1006944444444,1,335.52,335.52,23.6666666666667,142,2,"United Kingdom",1,0,3,"United Kingdom"
"14197",320.117361111111,1,390.05,390.05,7.15,143,0,"United Kingdom",1,0,1,"United Kingdom"
"14198",54.8770833333333,7,1225.28,175.04,6.84931506849315,500,1,"United Kingdom",0,0,3,"United Kingdom"
"14199",127.9625,4,1091.7,272.925,14.1111111111111,254,0,"United Kingdom",1,0,3,"United Kingdom"
"14200",526.992361111111,1,379.2,379.2,6.66666666666667,140,0,"United Kingdom",1,0,1,"United Kingdom"
"14201",58.8972222222222,8,967.34,120.9175,13.7142857142857,576,3,"United Kingdom",0,0,3,"United Kingdom"
"14202",290.817361111111,3,847.76,282.586666666667,5.72413793103448,166,0,"United Kingdom",1,0,1,"United Kingdom"
"14203",306.96875,1,339.34,339.34,5,80,0,"United Kingdom",1,0,1,"United Kingdom"
"14204",331.970833333333,3,874.22,291.406666666667,2.19337016574586,397,1,"United Kingdom",0,0,1,"United Kingdom"
"14205",173.904861111111,8,2170.4,271.3,11.1858407079646,1264,2,"United Kingdom",0,0,3,"United Kingdom"
"14206",148.841666666667,3,1185.01,395.003333333333,13.0985915492958,930,2,"United Kingdom",1,0,3,"United Kingdom"
"14207",597.136805555556,1,157.8,157.8,18,36,0,"United Kingdom",1,0,1,"United Kingdom"
"14208",4.00138888888889,2,567.05,283.525,15.1142857142857,529,4,"United Kingdom",1,0,3,"United Kingdom"
"14209",30.8673611111111,14,4796.17,342.583571428571,7.57777777777778,1705,7,"United Kingdom",0,1,3,"United Kingdom"
"14210",15.0097222222222,16,5556.57,347.285625,7.9968152866242,2511,5,"United Kingdom",1,1,3,"United Kingdom"
"14211",6.08263888888889,15,3291.12,219.408,10.1904761904762,1926,5,"United Kingdom",0,1,3,"United Kingdom"
"14212",355.043055555556,1,1119.66,1119.66,74.5,894,10,"United Kingdom",0,0,1,"United Kingdom"
"14213",314.092361111111,1,1192.2,1192.2,48.8,244,5,"United Kingdom",1,0,1,"United Kingdom"
"14214",65.9083333333333,3,899.16,299.72,11.3728813559322,671,1,"United Kingdom",0,0,3,"United Kingdom"
"14215",96.1152777777778,7,2558.88,365.554285714286,10.0857142857143,1412,3,"United Kingdom",0,0,3,"United Kingdom"
"14216",323.904861111111,1,310.74,310.74,6.55555555555556,118,0,"United Kingdom",0,0,1,"United Kingdom"
"14217",9.02361111111111,16,2505.11,156.569375,6.72262773722628,921,1,"United Kingdom",0,0,3,"United Kingdom"
"14219",319.094444444444,2,543.89,271.945,7.91666666666667,285,0,"United Kingdom",0,0,1,"United Kingdom"
"14220",156.977083333333,4,1515,378.75,12.3157894736842,468,1,"United Kingdom",1,0,3,"United Kingdom"
"14221",22.7965277777778,15,5701.7,380.113333333333,10.8694158075601,3163,7,"United Kingdom",0,1,3,"United Kingdom"
"14222",86.8388888888889,1,683.17,683.17,14.8048780487805,607,3,"United Kingdom",1,0,3,"United Kingdom"
"14223",1.96666666666667,3,991.13,330.376666666667,9.75,585,1,"United Kingdom",1,0,3,"United Kingdom"
"14224",19.9763888888889,9,1841.71,204.634444444444,3.60698689956332,826,5,"United Kingdom",1,0,3,"United Kingdom"
"14225",344.095833333333,4,2031.07,507.7675,13.5697674418605,1167,7,"United Kingdom",1,0,1,"United Kingdom"
"14226",119.940277777778,3,2462.34,820.78,20.7361111111111,1493,10,"United Kingdom",0,0,3,"United Kingdom"
"14227",105.916666666667,12,5417.27,451.439166666667,10.4375,3507,9,"United Kingdom",0,1,3,"United Kingdom"
"14228",347.128472222222,3,745.5,248.5,6.84210526315789,260,0,"United Kingdom",1,0,1,"United Kingdom"
"14229",201.128472222222,6,1808.97,301.495,10.8103448275862,627,2,"United Kingdom",0,0,3,"United Kingdom"
"14230",345.154861111111,3,979.8,326.6,7.45454545454545,246,0,"United Kingdom",1,0,1,"United Kingdom"
"14231",93.0729166666667,4,1235.62,308.905,8.84057971014493,610,0,"United Kingdom",1,0,3,"United Kingdom"
"14232",24.9986111111111,4,1573.33,393.3325,16.5164835164835,1503,12,"United Kingdom",0,0,3,"United Kingdom"
"14233",121.086805555556,6,2400.65,400.108333333333,17.0862068965517,991,5,"United Kingdom",0,0,3,"United Kingdom"
"14235",67.0777777777778,8,4375.99,546.99875,20.5390070921986,2896,28,"United Kingdom",0,1,3,"United Kingdom"
"14236",281.750694444444,4,1253.78,313.445,14.3428571428571,502,2,"United Kingdom",0,0,1,"United Kingdom"
"14237",282.979166666667,2,471.14,235.57,9.15384615384615,238,1,"United Kingdom",1,0,1,"United Kingdom"
"14238",235.923611111111,3,434.23,144.743333333333,14.5384615384615,189,2,"United Kingdom",1,0,3,"United Kingdom"
"14239",4.00833333333333,19,3763.21,198.063684210526,8.14285714285714,1539,1,"United Kingdom",0,1,3,"United Kingdom"
"14240",135.048611111111,2,584,292,10.8965517241379,316,0,"United Kingdom",0,0,3,"United Kingdom"
"14241",93.0444444444445,2,333.7,166.85,20.1666666666667,242,2,"United Kingdom",1,0,3,"United Kingdom"
"14242",144.044444444444,2,280.55,140.275,7.6875,123,0,"United Kingdom",1,0,3,"United Kingdom"
"14243",4.98611111111111,15,6934.93,462.328666666667,9.85959885386819,3441,10,"United Kingdom",0,1,3,"United Kingdom"
"14244",570.048611111111,1,366.42,366.42,50.875,814,2,"United Kingdom",1,0,1,"United Kingdom"
"14245",129.173611111111,2,1693.45,846.725,9.03703703703704,976,0,"United Kingdom",1,0,3,"United Kingdom"
"14246",20.0416666666667,3,1474.06,491.353333333333,10.72,804,3,"United Kingdom",1,0,3,"United Kingdom"
"14247",187.895138888889,5,753.56,150.712,3.34513274336283,378,2,"United Kingdom",1,0,3,"United Kingdom"
"14248",227.920138888889,3,1032.95,344.316666666667,14.7234042553191,692,5,"United Kingdom",1,0,3,"United Kingdom"
"14249",320.011111111111,12,5400.461,450.038416666667,8.76102941176471,2383,9,"United Kingdom",1,1,1,"United Kingdom"
"14252",290.968055555556,1,350.99,350.99,11.1,111,0,"United Kingdom",1,0,1,"United Kingdom"
"14253",402.913194444444,2,363.4,181.7,7.33333333333333,88,0,"United Kingdom",1,0,1,"United Kingdom"
"14254",342.040277777778,1,601.03,601.03,11.4347826086957,263,0,"United Kingdom",1,0,1,"United Kingdom"
"14255",455.872222222222,1,1000.63,1000.63,1,1,0,"United Kingdom",1,0,1,"United Kingdom"
"14256",169.98125,5,2460.79,492.158,8.62406015037594,1147,0,"United Kingdom",1,0,3,"United Kingdom"
"14257",32.8854166666667,8,5580.57,697.57125,12.7692307692308,2988,7,"United Kingdom",0,1,3,"United Kingdom"
"14258",61.1097222222222,23,28767.68,1250.76869565217,57.2753623188406,15808,129,"United Kingdom",0,1,2,"United Kingdom"
"14259",51.0875,1,120,120,13.6,68,0,"United Kingdom",1,0,3,"United Kingdom"
"14260",380.913194444444,3,824.28,274.76,10.6666666666667,544,1,"United Kingdom",1,0,1,"United Kingdom"
"14262",16.9069444444444,3,855,285,11.6274509803922,593,1,"United Kingdom",0,0,3,"United Kingdom"
"14263",332.945138888889,1,322.93,322.93,10.6875,171,0,"United Kingdom",1,0,1,"United Kingdom"
"14264",64.1041666666667,6,1517.36,252.893333333333,7,553,2,"United Kingdom",1,0,3,"United Kingdom"
"14265",18.9708333333333,4,1373.35,343.3375,9.05063291139241,715,2,"Unspecified",1,0,3,"Other"
"14266",337.970833333333,1,40.56,40.56,24,24,0,"United Kingdom",1,0,1,"United Kingdom"
"14267",72.1118055555555,3,1516.24,505.413333333333,9.63636363636364,530,0,"United Kingdom",1,0,3,"United Kingdom"
"14268",380.086805555556,1,354.85,354.85,7.73684210526316,147,0,"United Kingdom",1,0,1,"United Kingdom"
"14269",348.997916666667,1,295.73,295.73,7.6875,123,0,"United Kingdom",1,0,1,"United Kingdom"
"14270",241.136805555556,1,492.65,492.65,6.79310344827586,197,0,"United Kingdom",1,0,1,"United Kingdom"
"14271",135.002083333333,2,214.18,107.09,3.89473684210526,148,0,"United Kingdom",1,0,3,"United Kingdom"
"14272",163.953472222222,3,614.94,204.98,15,585,3,"United Kingdom",0,0,3,"United Kingdom"
"14273",45.9125,3,450.05,150.016666666667,8.52173913043478,196,0,"United Kingdom",0,0,3,"United Kingdom"
"14274",595.999305555556,1,256.6,256.6,11.8666666666667,178,0,"United Kingdom",1,0,1,"United Kingdom"
"14275",305.155555555556,6,1189.38,198.23,23.3913043478261,538,10,"United Kingdom",1,0,1,"United Kingdom"
"14276",8.12847222222222,7,2102.68,300.382857142857,11.6198347107438,1406,0,"United Kingdom",1,0,3,"United Kingdom"
"14277",121.979166666667,7,14638.64,2091.23428571429,383.917748917749,88685,52,"France",0,1,3,"France"
"14278",319.029861111111,1,205.83,205.83,10.0769230769231,131,0,"United Kingdom",1,0,1,"United Kingdom"
"14279",430.172222222222,2,191.86,95.93,15.3333333333333,46,0,"United Kingdom",1,0,1,"United Kingdom"
"14280",106.092361111111,1,134.04,134.04,6.5,52,0,"United Kingdom",1,0,3,"United Kingdom"
"14281",317.920138888889,1,245.15,245.15,6.42857142857143,45,0,"United Kingdom",1,0,1,"United Kingdom"
"14282",19.0743055555556,19,6016.86,316.676842105263,24.2824858757062,4298,39,"United Kingdom",0,1,3,"United Kingdom"
"14283",372.919444444444,4,628.44,157.11,13.4146341463415,550,2,"United Kingdom",1,0,1,"United Kingdom"
"14284",563.030555555556,1,704.4,704.4,9.97142857142857,349,0,"United Kingdom",0,0,1,"United Kingdom"
"14285",86.0097222222222,5,1380.31,276.062,11.8571428571429,415,3,"United Kingdom",0,0,3,"United Kingdom"
"14286",152.190277777778,5,5901.09,1180.218,17.9305555555556,6455,29,"United Kingdom",0,1,3,"United Kingdom"
"14287",108.045833333333,2,83.28,41.64,54,216,1,"United Kingdom",0,0,3,"United Kingdom"
"14288",122.977777777778,1,426.6,426.6,11.75,188,1,"United Kingdom",1,0,3,"United Kingdom"
"14289",44.1013888888889,5,832.78,166.556,6.61904761904762,278,0,"United Kingdom",0,0,3,"United Kingdom"
"14290",271.101388888889,4,2979.47,744.8675,12.3972602739726,905,6,"United Kingdom",0,1,1,"United Kingdom"
"14291",30.0798611111111,19,6376.39,335.599473684211,12.3106060606061,4875,21,"United Kingdom",0,1,3,"United Kingdom"
"14292",55.0222222222222,11,6944.53,631.320909090909,16.7161290322581,2591,20,"United Kingdom",0,1,3,"United Kingdom"
"14293",56.8902777777778,8,2595.86,324.4825,13.0204081632653,1276,2,"United Kingdom",0,0,3,"United Kingdom"
"14294",316.850694444444,1,375.34,375.34,8.26086956521739,190,0,"United Kingdom",1,0,1,"United Kingdom"
"14295",348.126388888889,4,2196.71,549.1775,14.1044776119403,945,5,"United Kingdom",0,0,1,"United Kingdom"
"14296",330.941666666667,2,456.4,228.2,11.6296296296296,314,0,"United Kingdom",1,0,1,"United Kingdom"
"14297",184.179861111111,1,232.6,232.6,7.09090909090909,78,0,"United Kingdom",0,0,3,"United Kingdom"
"14298",8.93333333333333,75,80849.7,1077.996,35.5929308975377,89623,888,"United Kingdom",0,1,2,"United Kingdom"
"14299",17.0388888888889,23,12541.77,545.294347826087,25.7798507462687,6909,57,"United Kingdom",0,1,2,"United Kingdom"
"14301",26.8868055555556,4,1992.18,498.045,31.811320754717,1686,19,"United Kingdom",1,0,3,"United Kingdom"
"14302",340.194444444444,3,742.9,247.633333333333,10.6428571428571,298,1,"United Kingdom",1,0,1,"United Kingdom"
"14303",316.884027777778,2,277.94,138.97,9.90909090909091,218,0,"United Kingdom",1,0,1,"United Kingdom"
"14304",132.041666666667,3,1725.01,575.003333333333,8.80681818181818,775,1,"United Kingdom",1,0,3,"United Kingdom"
"14305",23.2708333333333,2,1048.45,524.225,9.23809523809524,582,0,"United Kingdom",0,0,3,"United Kingdom"
"14306",288.0875,4,1058.08,264.52,76.1538461538462,990,7,"United Kingdom",0,0,1,"United Kingdom"
"14307",44.1284722222222,8,3600.09,450.01125,10.9247787610619,2469,7,"United Kingdom",0,1,3,"United Kingdom"
"14308",458.834722222222,2,1147.02,573.51,1,2,0,"United Kingdom",1,0,1,"United Kingdom"
"14309",3,9,3061.98,340.22,13.8709677419355,2150,7,"United Kingdom",0,1,3,"United Kingdom"
"14310",342.011111111111,1,492.1,492.1,10.4545454545455,230,0,"United Kingdom",1,0,1,"United Kingdom"
"14311",152.108333333333,2,516.45,258.225,7.58064516129032,235,1,"United Kingdom",1,0,3,"United Kingdom"
"14312",0.983333333333333,10,2525.89,252.589,9.08609271523179,1372,3,"United Kingdom",0,0,3,"United Kingdom"
"14314",16.0909722222222,2,229.8,114.9,33.2,332,3,"United Kingdom",1,0,3,"United Kingdom"
"14315",38.9715277777778,7,2266.84,323.834285714286,10.12,1012,2,"United Kingdom",0,0,3,"United Kingdom"
"14316",331.846527777778,5,1370.34,274.068,144.967741935484,4494,18,"United Kingdom",1,0,1,"United Kingdom"
"14318",369.8875,1,158.02,158.02,16.8888888888889,152,1,"United Kingdom",1,0,1,"United Kingdom"
"14319",333.966666666667,1,494.85,494.85,12.6538461538462,329,1,"United Kingdom",1,0,1,"United Kingdom"
"14320",116.143055555556,5,1346.75,269.35,8.80246913580247,713,0,"United Kingdom",1,0,3,"United Kingdom"
"14321",26.1201388888889,5,1587.96,317.592,17.7985074626866,2385,19,"United Kingdom",0,0,3,"United Kingdom"
"14322",338.897916666667,4,474.1,118.525,12.1538461538462,158,1,"United Kingdom",1,0,1,"United Kingdom"
"14323",24.0506944444444,2,605.06,302.53,9.72222222222222,350,0,"United Kingdom",1,0,3,"United Kingdom"
"14324",319.045833333333,2,701.61,350.805,9.80487804878049,402,1,"United Kingdom",1,0,1,"United Kingdom"
"14325",479.145833333333,1,245.48,245.48,17.7777777777778,320,3,"United Kingdom",1,0,1,"United Kingdom"
"14326",151.906944444444,3,940.98,313.66,10.0350877192982,572,3,"United Kingdom",1,0,3,"United Kingdom"
"14327",72.9527777777778,6,1894.93,315.821666666667,12.2264150943396,1296,3,"United Kingdom",1,0,3,"United Kingdom"
"14328",347.867361111111,1,445.05,445.05,1,1,0,"United Kingdom",1,0,1,"United Kingdom"
"14329",18.0222222222222,12,8397.41,699.784166666667,10.2874743326489,5010,6,"United Kingdom",0,1,3,"United Kingdom"
"14330",533.152777777778,1,200.63,200.63,7.92307692307692,103,0,"United Kingdom",1,0,1,"United Kingdom"
"14331",33.98125,2,462.66,231.33,9,252,0,"United Kingdom",1,0,3,"United Kingdom"
"14332",57.0951388888889,3,1196.24,398.746666666667,11.7948717948718,460,2,"United Kingdom",0,0,3,"United Kingdom"
"14334",3.07986111111111,11,4094.98,372.270909090909,11.6885245901639,2852,9,"United Kingdom",0,1,3,"United Kingdom"
"14335",5.98819444444444,1,347.5,347.5,8.425,337,1,"Germany",0,0,3,"Germany"
"14336",107.920833333333,3,1114.39,371.463333333333,16.7627118644068,989,7,"United Kingdom",0,0,3,"United Kingdom"
"14338",70.9458333333333,3,928.1,309.366666666667,12.44,622,3,"United Kingdom",1,0,3,"United Kingdom"
"14339",152.072222222222,2,620.27,310.135,19.8260869565217,456,3,"United Kingdom",1,0,3,"United Kingdom"
"14340",128.129166666667,1,134.7,134.7,9.66666666666667,58,0,"United Kingdom",1,0,3,"United Kingdom"
"14341",39.9479166666667,16,3424.56,214.035,10.4679802955665,2125,10,"United Kingdom",0,1,3,"United Kingdom"
"14342",46.9270833333333,4,669.62,167.405,15.2173913043478,350,3,"United Kingdom",0,0,3,"United Kingdom"
"14343",330.989583333333,4,1079.66,269.915,2.67521367521368,626,0,"United Kingdom",1,0,1,"United Kingdom"
"14344",36.9576388888889,20,2993.05,149.6525,6.72173913043478,1546,5,"United Kingdom",1,1,3,"United Kingdom"
"14346",30.1270833333333,5,2315.75,463.15,12.8630136986301,1878,12,"United Kingdom",1,0,3,"United Kingdom"
"14347",646.084027777778,1,82.6,82.6,8,48,0,"United Kingdom",1,0,1,"United Kingdom"
"14348",169.852083333333,1,409.57,409.57,10.1666666666667,183,0,"United Kingdom",1,0,3,"United Kingdom"
"14350",183.941666666667,3,972.03,324.01,9.20338983050847,543,1,"United Kingdom",1,0,3,"United Kingdom"
"14351",74.0375,1,51,51,12,12,0,"United Kingdom",1,0,3,"United Kingdom"
"14352",66.88125,4,1078.96,269.74,11.4468085106383,538,1,"United Kingdom",1,0,3,"United Kingdom"
"14353",124.863888888889,3,376.5,125.5,13.76,344,0,"United Kingdom",1,0,3,"United Kingdom"
"14355",275.023611111111,3,840.05,280.016666666667,10.2833333333333,617,0,"United Kingdom",1,0,1,"United Kingdom"
"14358",298.874305555556,2,400.06,200.03,13.52,338,0,"United Kingdom",1,0,1,"United Kingdom"
"14360",4.03611111111111,1,1124.49,1124.49,10.3239436619718,733,0,"United Kingdom",0,0,3,"United Kingdom"
"14361",488.014583333333,1,214.71,214.71,17.9285714285714,251,2,"United Kingdom",1,0,1,"United Kingdom"
"14363",311.825694444444,2,227.47,113.735,13.125,105,0,"United Kingdom",1,0,1,"United Kingdom"
"14364",18.0756944444444,8,3717.35,464.66875,28.5072463768116,1967,16,"United Kingdom",1,1,3,"United Kingdom"
"14365",304.123611111111,2,634.68,317.34,10.921568627451,557,0,"United Kingdom",1,0,1,"United Kingdom"
"14366",434.810416666667,1,136,136,16,16,0,"United Kingdom",1,0,1,"United Kingdom"
"14367",47.1416666666667,10,5419.7,541.97,7.64776119402985,2562,3,"United Kingdom",0,1,3,"United Kingdom"
"14368",229.123611111111,1,155,155,4.5,36,0,"United Kingdom",1,0,3,"United Kingdom"
"14369",551.877083333333,2,469.13,234.565,9.80769230769231,255,0,"United Kingdom",1,0,1,"United Kingdom"
"14370",360.08125,6,1175.78,195.963333333333,6.04545454545455,266,1,"United Kingdom",1,0,1,"United Kingdom"
"14371",204.84375,1,100.5,100.5,8.5,34,0,"United Kingdom",1,0,3,"United Kingdom"
"14372",352.85625,2,860.08,430.04,9.94736842105263,378,0,"United Kingdom",1,0,1,"United Kingdom"
"14373",267.881944444444,1,76.55,76.55,4.25,17,0,"United Kingdom",1,0,1,"United Kingdom"
"14374",450.934027777778,1,108,108,2.85714285714286,20,0,"United Kingdom",1,0,1,"United Kingdom"
"14375",94.9625,3,1106.82,368.94,3.15609756097561,647,3,"United Kingdom",1,0,3,"United Kingdom"
"14376",592.884722222222,1,215.46,215.46,2.77777777777778,50,0,"United Kingdom",1,0,1,"United Kingdom"
"14377",100.970833333333,2,617.05,308.525,19.9090909090909,219,3,"United Kingdom",1,0,3,"United Kingdom"
"14378",531.019444444444,1,131.25,131.25,6.33333333333333,57,0,"United Kingdom",1,0,1,"United Kingdom"
"14379",204.907638888889,3,1028.04,342.68,5.53535353535354,548,0,"United Kingdom",0,0,3,"United Kingdom"
"14380",591.81875,1,48.96,48.96,1,1,0,"United Kingdom",1,0,1,"United Kingdom"
"14381",360.857638888889,1,423.26,423.26,5.41071428571429,303,0,"United Kingdom",0,0,1,"United Kingdom"
"14382",299.845833333333,1,578.14,578.14,2.84967320261438,436,1,"United Kingdom",0,0,1,"United Kingdom"
"14383",73.1055555555556,1,242.09,242.09,13.4,201,1,"United Kingdom",0,0,3,"United Kingdom"
"14384",410.122916666667,1,58.5,58.5,10,30,0,"United Kingdom",1,0,1,"United Kingdom"
"14386",206.128472222222,1,142.4,142.4,7.71428571428571,54,0,"United Kingdom",1,0,3,"United Kingdom"
"14387",18.9423611111111,1,440.76,440.76,5.225,209,0,"United Kingdom",0,0,3,"United Kingdom"
"14388",0.975,14,5453.13,389.509285714286,10.7,3638,7,"United Kingdom",0,1,3,"United Kingdom"
"14389",100.031944444444,4,1165.69,291.4225,13.9016393442623,848,2,"United Kingdom",0,0,3,"United Kingdom"
"14390",53.96875,8,3098.17,387.27125,4.52996845425868,1436,4,"United Kingdom",0,1,3,"United Kingdom"
"14391",486.130555555556,1,135.6,135.6,12,168,0,"United Kingdom",1,0,1,"United Kingdom"
"14392",341.995833333333,1,266.4,266.4,8.14285714285714,114,0,"United Kingdom",1,0,1,"United Kingdom"
"14393",127.773611111111,1,67.95,67.95,2.6,13,0,"United Kingdom",1,0,3,"United Kingdom"
"14394",474.088194444444,1,93.8,93.8,9.66666666666667,58,0,"United Kingdom",1,0,1,"United Kingdom"
"14395",87.0201388888889,17,6274.34,369.078823529412,5.11850649350649,3153,3,"United Kingdom",0,1,3,"United Kingdom"
"14396",280.896527777778,6,1591.74,265.29,3.68095238095238,773,1,"United Kingdom",0,0,1,"United Kingdom"
"14397",3.13402777777778,10,1036.12,103.612,18.1904761904762,764,9,"United Kingdom",0,0,3,"United Kingdom"
"14398",310.961111111111,2,707.79,353.895,5.0377358490566,267,0,"United Kingdom",1,0,1,"United Kingdom"
"14399",303.977083333333,8,2108.21,263.52625,5.02604166666667,965,7,"United Kingdom",1,0,1,"United Kingdom"
"14400",58.875,3,1732.47,577.49,23.3698630136986,1706,10,"United Kingdom",1,0,3,"United Kingdom"
"14401",5.04097222222222,19,5823.8,306.515789473684,24.9678899082569,5443,44,"United Kingdom",0,1,3,"United Kingdom"
"14402",561.979166666667,1,285.6,285.6,30,240,1,"United Kingdom",1,0,1,"United Kingdom"
"14403",39.9951388888889,6,1880.51,313.418333333333,29.48,737,10,"United Kingdom",1,0,3,"United Kingdom"
"14404",18.0652777777778,12,2597.33,216.444166666667,9.04166666666667,1519,10,"United Kingdom",0,0,3,"United Kingdom"
"14405",296.048611111111,1,195,195,50,100,2,"United Kingdom",1,0,1,"United Kingdom"
"14406",28.8305555555556,1,156.75,156.75,9.625,77,1,"United Kingdom",1,0,3,"United Kingdom"
"14407",16.95,6,2157.73,359.621666666667,19.3835616438356,1415,12,"United Kingdom",1,0,3,"United Kingdom"
"14408",4.05625,10,3794.05,379.405,18.9666666666667,2276,25,"United Kingdom",0,1,3,"United Kingdom"
"14409",32.0819444444444,8,3311.57,413.94625,22.53125,2163,14,"United Kingdom",0,1,3,"United Kingdom"
"14410",1.90416666666667,11,2631.9,239.263636363636,3.55584415584416,1369,2,"United Kingdom",1,1,3,"United Kingdom"
"14411",220.079166666667,1,1063,1063,14,196,1,"United Kingdom",1,0,3,"United Kingdom"
"14412",334.011805555556,1,656.16,656.16,15.6585365853659,642,2,"United Kingdom",0,0,1,"United Kingdom"
"14413",271.967361111111,4,764.52,191.13,2.88541666666667,277,0,"United Kingdom",1,0,1,"United Kingdom"
"14414",1.02847222222222,8,2399.33,299.91625,24.3813559322034,2877,24,"United Kingdom",1,0,3,"United Kingdom"
"14415",7.87083333333333,19,9890.65,520.56052631579,4.92704280155642,5065,9,"United Kingdom",0,1,2,"United Kingdom"
"14417",297.079861111111,1,524.65,524.65,4.64102564102564,543,3,"United Kingdom",1,0,1,"United Kingdom"
"14418",17.8138888888889,1,150.44,150.44,7.78947368421053,148,0,"United Kingdom",0,0,3,"United Kingdom"
"14419",162.04375,3,509.99,169.996666666667,2.875,230,0,"United Kingdom",0,0,3,"United Kingdom"
"14420",8.77986111111111,4,1639.17,409.7925,12.0430107526882,1120,4,"United Kingdom",1,0,3,"United Kingdom"
"14421",121.084027777778,5,2111.44,422.288,13.9404761904762,1171,4,"United Kingdom",0,0,3,"United Kingdom"
"14422",79.9048611111111,15,7040.03,469.335333333333,9.46803069053708,3702,6,"United Kingdom",0,1,3,"United Kingdom"
"14423",127.901388888889,3,916.61,305.536666666667,27.9333333333333,419,5,"United Kingdom",1,0,3,"United Kingdom"
"14425",344.101388888889,3,661.39,220.463333333333,8.33333333333333,325,2,"United Kingdom",1,0,1,"United Kingdom"
"14426",50.0375,13,10131.85,779.373076923077,10.6985559566787,5927,14,"United Kingdom",0,1,3,"United Kingdom"
"14427",404.059027777778,2,900.18,450.09,11.4814814814815,310,0,"United Kingdom",0,0,1,"United Kingdom"
"14428",149.129861111111,2,330.62,165.31,5.17857142857143,145,1,"United Kingdom",0,0,3,"United Kingdom"
"14429",313.1125,1,516.28,516.28,13,286,0,"United Kingdom",1,0,1,"United Kingdom"
"14430",421.052083333333,3,1220.9,406.966666666667,12.7428571428571,446,2,"United Kingdom",1,0,1,"United Kingdom"
"14431",212.090277777778,4,2614.2,653.55,14.8395061728395,1202,9,"United Kingdom",1,0,3,"United Kingdom"
"14433",375.010416666667,1,280.7,280.7,1.77027027027027,131,0,"United Kingdom",1,0,1,"United Kingdom"
"14435",411.011805555556,1,90.42,90.42,94,282,3,"United Kingdom",1,0,1,"United Kingdom"
"14436",8.10902777777778,2,271.7,135.85,27,297,1,"United Kingdom",1,0,3,"United Kingdom"
"14437",275.140972222222,5,873.34,174.668,10,420,1,"United Kingdom",1,0,1,"United Kingdom"
"14438",215.9125,1,131.9,131.9,9.11111111111111,82,0,"United Kingdom",1,0,3,"United Kingdom"
"14439",229.049305555556,5,9443.04,1888.608,17.3953488372093,2244,12,"Greece",1,1,3,"Other"
"14440",226.097222222222,10,4810.06,481.006,13.0576923076923,1358,8,"United Kingdom",0,1,3,"United Kingdom"
"14441",4.12847222222222,9,3596.2,399.577777777778,8.14285714285714,1026,1,"United Kingdom",0,1,3,"United Kingdom"
"14442",114.051388888889,7,5367.02,766.717142857143,7.81967213114754,1431,1,"Channel Islands",1,1,3,"Other"
"14443",48.0486111111111,4,1654.29,413.5725,10.3333333333333,1085,1,"United Kingdom",0,0,3,"United Kingdom"
"14444",365.745833333333,1,120.44,120.44,15.6363636363636,172,3,"United Kingdom",1,0,1,"United Kingdom"
"14445",365.070138888889,1,221.65,221.65,2.59375,83,0,"United Kingdom",1,0,1,"United Kingdom"
"14446",156.027777777778,2,492.97,246.485,3.944,493,2,"United Kingdom",0,0,3,"United Kingdom"
"14447",105.93125,3,1149.53,383.176666666667,8.73333333333333,655,0,"United Kingdom",0,0,3,"United Kingdom"
"14448",273.808333333333,1,102.35,102.35,2.44444444444444,44,0,"United Kingdom",0,0,1,"United Kingdom"
"14449",156.023611111111,6,1745.07,290.845,3.53846153846154,1196,2,"United Kingdom",0,0,3,"United Kingdom"
"14450",90.0861111111111,7,1128.44,161.205714285714,6.86842105263158,522,0,"United Kingdom",1,0,3,"United Kingdom"
"14451",104.010416666667,11,2974.78,270.434545454545,3.40522875816993,1563,0,"United Kingdom",0,1,3,"United Kingdom"
"14452",3.05416666666667,3,527.27,175.756666666667,2.17171717171717,215,0,"United Kingdom",0,0,3,"United Kingdom"
"14453",99.9409722222222,1,119.93,119.93,2.22727272727273,49,0,"United Kingdom",1,0,3,"United Kingdom"
"14454",285.975,5,977.3,195.46,3.63636363636364,400,1,"United Kingdom",1,0,1,"United Kingdom"
"14455",341.876388888889,4,617.72,154.43,9.16883116883117,706,4,"United Kingdom",1,0,1,"United Kingdom"
"14456",40.9097222222222,3,636.65,212.216666666667,2.39004149377593,576,1,"United Kingdom",0,0,3,"United Kingdom"
"14457",220.132638888889,1,113.64,113.64,22,88,1,"United Kingdom",1,0,3,"United Kingdom"
"14458",290.004861111111,1,228.07,228.07,6.74468085106383,317,3,"United Kingdom",1,0,1,"United Kingdom"
"14459",64.96875,2,5375.741,2687.8705,20.3805309734513,2303,21,"United Kingdom",1,1,3,"United Kingdom"
"14460",19.9381944444444,9,1093.5,121.5,44.7380952380952,1879,16,"United Kingdom",1,0,3,"United Kingdom"
"14461",57.81875,13,6676.91,513.608461538461,4.7248427672956,3005,10,"United Kingdom",1,1,3,"United Kingdom"
"14462",30.1201388888889,10,1772.89,177.289,3.41304347826087,785,1,"United Kingdom",0,0,3,"United Kingdom"
"14463",7.89583333333333,4,786.57,196.6425,26.25,210,3,"United Kingdom",1,0,3,"United Kingdom"
"14464",477.784722222222,2,111,55.5,15.5,62,1,"United Kingdom",1,0,1,"United Kingdom"
"14465",156.008333333333,11,3925.85,356.895454545455,13.1554404145078,2539,15,"United Kingdom",1,1,3,"United Kingdom"
"14466",25.1743055555556,11,3575.2,325.018181818182,11.5274725274725,2098,4,"United Kingdom",0,1,3,"United Kingdom"
"14467",222.010416666667,9,1738.68,193.186666666667,4.13973799126638,948,1,"United Kingdom",0,0,3,"United Kingdom"
"14468",643.020138888889,1,204.24,204.24,13.6666666666667,164,2,"United Kingdom",1,0,1,"United Kingdom"
"14469",325.930555555556,4,2093.46,523.365,6.71034482758621,973,4,"United Kingdom",1,0,1,"United Kingdom"
"14470",197.0375,2,548.49,274.245,4.36538461538461,227,1,"United Kingdom",0,0,3,"United Kingdom"
"14471",500.818055555556,2,400.95,200.475,4.5609756097561,187,0,"United Kingdom",1,0,1,"United Kingdom"
"14472",13.0756944444444,9,2118.72,235.413333333333,4.11326860841424,1271,1,"United Kingdom",1,0,3,"United Kingdom"
"14473",191.954166666667,1,85,85,10,10,0,"United Kingdom",0,0,3,"United Kingdom"
"14474",489.026388888889,1,711.23,711.23,3.14285714285714,308,0,"United Kingdom",0,0,1,"United Kingdom"
"14475",95.9888888888889,3,847.47,282.49,9.91176470588235,337,0,"United Kingdom",0,0,3,"United Kingdom"
"14476",166.882638888889,1,193,193,6.47058823529412,110,0,"United Kingdom",1,0,3,"United Kingdom"
"14477",93.9701388888889,5,1183,236.6,100,700,7,"United Kingdom",0,0,3,"United Kingdom"
"14478",291.889583333333,4,1276.66,319.165,18.0294117647059,1226,15,"United Kingdom",1,0,1,"United Kingdom"
"14479",163.154861111111,4,1124.71,281.1775,4.0431654676259,562,0,"United Kingdom",1,0,3,"United Kingdom"
"14480",312.010416666667,3,1020.47,340.156666666667,10.1346153846154,527,1,"United Kingdom",0,0,1,"United Kingdom"
"14481",74.0916666666667,5,2284.69,456.938,10.4533333333333,1568,8,"United Kingdom",1,0,3,"United Kingdom"
"14482",8.8375,8,2749.86,343.7325,11.53125,1476,18,"United Kingdom",0,1,3,"United Kingdom"
"14483",191.1,2,257.1,128.55,14.8461538461538,193,0,"United Kingdom",1,0,3,"United Kingdom"
"14484",310.958333333333,3,749.06,249.686666666667,13.6923076923077,534,3,"United Kingdom",0,0,1,"United Kingdom"
"14486",421.130555555556,2,175.5,87.75,15,90,0,"United Kingdom",1,0,1,"United Kingdom"
"14487",277.977777777778,2,225.89,112.945,2.09756097560976,86,0,"United Kingdom",0,0,1,"United Kingdom"
"14489",116.915972222222,4,1574.93,393.7325,10.11,1011,1,"United Kingdom",1,0,3,"United Kingdom"
"14490",315.906944444444,2,1273.47,636.735,11.6625,933,2,"United Kingdom",1,0,1,"United Kingdom"
"14491",84.8944444444444,2,340.93,170.465,8.17647058823529,139,0,"United Kingdom",1,0,3,"United Kingdom"
"14492",339.978472222222,7,1921.91,274.558571428571,8.16304347826087,751,4,"United Kingdom",1,0,1,"United Kingdom"
"14493",64.8270833333333,6,3315.84,552.64,8.29545454545454,2190,4,"United Kingdom",0,1,3,"United Kingdom"
"14494",310.984027777778,2,261.9,130.95,11.8,118,1,"United Kingdom",0,0,1,"United Kingdom"
"14495",30.9423611111111,2,91.6,45.8,9.33333333333333,28,0,"United Kingdom",0,0,3,"United Kingdom"
"14496",221.159027777778,7,2363.89,337.698571428571,8.5377358490566,905,3,"United Kingdom",1,0,3,"United Kingdom"
"14497",218.825694444444,2,697.06,348.53,8.3,332,0,"United Kingdom",1,0,3,"United Kingdom"
"14498",25.9444444444444,9,3225.3,358.366666666667,5.8,1711,9,"United Kingdom",0,1,3,"United Kingdom"
"14499",43.0423611111111,6,1661.16,276.86,4.45893719806763,923,0,"United Kingdom",0,0,3,"United Kingdom"
"14500",21.825,2,335.85,167.925,17.8333333333333,107,1,"United Kingdom",0,0,3,"United Kingdom"
"14501",93.0333333333333,2,251.21,125.605,16.1,161,0,"United Kingdom",1,0,3,"United Kingdom"
"14502",58.9833333333333,7,1163.22,166.174285714286,1.92057761732852,532,0,"United Kingdom",0,0,3,"United Kingdom"
"14503",88.1180555555556,1,597.07,597.07,9.525,381,0,"United Kingdom",0,0,3,"United Kingdom"
"14504",152.867361111111,3,542.71,180.903333333333,2.73958333333333,263,0,"United Kingdom",0,0,3,"United Kingdom"
"14505",18.925,17,10242.39,602.493529411765,3.45176110260337,4508,7,"United Kingdom",0,1,3,"United Kingdom"
"14506",71.7243055555556,5,1818.56,363.712,2.39108910891089,483,0,"United Kingdom",0,0,3,"United Kingdom"
"14507",10.8986111111111,9,2773.55,308.172222222222,5.63524590163934,1375,0,"United Kingdom",0,1,3,"United Kingdom"
"14508",285.978472222222,3,554.87,184.956666666667,1.78688524590164,218,0,"United Kingdom",0,0,1,"United Kingdom"
"14509",443.978472222222,1,110.95,110.95,1.52,38,0,"United Kingdom",1,0,1,"United Kingdom"
"14510",285.002777777778,3,979.85,326.616666666667,10.5733333333333,793,6,"United Kingdom",1,0,1,"United Kingdom"
"14511",1.975,2,329.89,164.945,9.0625,145,0,"United Kingdom",0,0,3,"United Kingdom"
"14512",97.0076388888889,7,1215.97,173.71,9.31645569620253,736,2,"United Kingdom",1,0,3,"United Kingdom"
"14513",10.0590277777778,6,788.01,131.335,31.2105263157895,593,6,"United Kingdom",1,0,3,"United Kingdom"
"14514",110.901388888889,8,3792.95,474.11875,6.82006920415225,1971,4,"United Kingdom",0,1,3,"United Kingdom"
"14515",100.997222222222,8,2412.82,301.6025,10.9904761904762,1154,10,"United Kingdom",0,0,3,"United Kingdom"
"14516",425.946527777778,1,151.17,151.17,1.8,63,0,"United Kingdom",1,0,1,"United Kingdom"
"14517",51.0472222222222,1,252.45,252.45,5.21428571428571,73,0,"United Kingdom",0,0,3,"United Kingdom"
"14519",593.063888888889,2,203.14,101.57,2.13157894736842,81,0,"United Kingdom",1,0,1,"United Kingdom"
"14520",200.149305555556,1,165,165,100,100,1,"United Kingdom",0,0,3,"United Kingdom"
"14521",400.84375,1,199.45,199.45,12.4117647058824,211,2,"United Kingdom",1,0,1,"United Kingdom"
"14522",1.88263888888889,6,1534.58,255.763333333333,19.7674418604651,850,12,"United Kingdom",0,0,3,"United Kingdom"
"14523",17.9840277777778,1,241.09,241.09,20.9166666666667,251,2,"United Kingdom",1,0,3,"United Kingdom"
"14524",88.0027777777778,9,2094.9,232.766666666667,3.5095785440613,916,1,"United Kingdom",0,0,3,"United Kingdom"
"14525",9.93194444444444,15,6630.93,442.062,9.60779816513761,4189,36,"United Kingdom",0,1,3,"United Kingdom"
"14526",298.970833333333,1,258.65,258.65,4.34146341463415,178,0,"United Kingdom",1,0,1,"United Kingdom"
"14527",8.00902777777778,107,24021.17,224.49691588785,2.55830082358041,5902,6,"United Kingdom",0,1,2,"United Kingdom"
"14529",19.9444444444444,1,135.24,135.24,1.68,84,0,"United Kingdom",0,0,3,"United Kingdom"
"14530",2.99652777777778,15,5709.08,380.605333333333,5.9304932735426,2645,15,"United Kingdom",0,1,3,"United Kingdom"
"14531",389.106944444444,1,376.34,376.34,8.96551724137931,260,0,"United Kingdom",1,0,1,"United Kingdom"
"14532",145.989583333333,11,3845.78,349.616363636364,3.53821656050955,1111,2,"United Kingdom",1,1,3,"United Kingdom"
"14533",22.0305555555556,6,2251.63,375.271666666667,57.4705882352941,2931,21,"United Kingdom",0,0,3,"United Kingdom"
"14534",5.02083333333333,22,4821.75,219.170454545455,3.82046979865772,2277,5,"United Kingdom",0,1,2,"United Kingdom"
"14535",36.9069444444444,8,4771.2,596.4,3.42441860465116,2356,1,"United Kingdom",0,1,3,"United Kingdom"
"14536",169.020138888889,1,170.95,170.95,2.16666666666667,39,0,"United Kingdom",1,0,3,"United Kingdom"
"14537",532.9625,1,285.84,285.84,8.30769230769231,108,0,"United Kingdom",0,0,1,"United Kingdom"
"14538",165.911805555556,4,1089.09,272.2725,4.41666666666667,159,0,"United Kingdom",0,0,3,"United Kingdom"
"14540",218.908333333333,9,2952.88,328.097777777778,6.40196078431373,1306,4,"United Kingdom",0,1,3,"United Kingdom"
"14541",78.0965277777778,13,2345.38,180.413846153846,6.27325581395349,1079,1,"United Kingdom",0,0,3,"United Kingdom"
"14542",95.1881944444444,1,103.25,103.25,3.8,19,0,"United Kingdom",1,0,3,"United Kingdom"
"14543",18.0166666666667,36,14222.64,395.073333333333,12.6059113300493,2559,17,"United Kingdom",0,1,2,"United Kingdom"
"14544",271,2,2036,1018,13.1692307692308,1712,18,"United Kingdom",0,0,1,"United Kingdom"
"14545",583.89375,1,349.25,349.25,10.2608695652174,236,0,"United Kingdom",1,0,1,"United Kingdom"
"14546",111.047916666667,8,3485.79,435.72375,3.50654205607477,1876,0,"United Kingdom",0,1,3,"United Kingdom"
"14548",60.0215277777778,9,2541.29,282.365555555556,8.96363636363636,986,9,"United Kingdom",1,0,3,"United Kingdom"
"14549",220.960416666667,4,913.6,228.4,2.75524475524476,394,1,"United Kingdom",1,0,3,"United Kingdom"
"14550",297.947916666667,2,587.69,293.845,7.64,382,1,"United Kingdom",0,0,1,"United Kingdom"
"14551",113.770138888889,6,817.29,136.215,5.86842105263158,446,2,"United Kingdom",0,0,3,"United Kingdom"
"14552",61.0006944444444,3,507.93,169.31,1.67532467532468,258,0,"United Kingdom",1,0,3,"United Kingdom"
"14553",128.070833333333,6,1271.65,211.941666666667,3.77102803738318,807,2,"United Kingdom",0,0,3,"United Kingdom"
"14555",211.813194444444,5,2177.83,435.566,7.23214285714286,810,3,"United Kingdom",0,0,3,"United Kingdom"
"14556",505.911805555556,3,815.69,271.896666666667,1.64795918367347,323,0,"United Kingdom",1,0,1,"United Kingdom"
"14558",563.999305555556,3,655.5,218.5,10.8,162,3,"United Kingdom",1,0,1,"United Kingdom"
"14559",299.864583333333,1,75.6,75.6,36,72,2,"United Kingdom",1,0,1,"United Kingdom"
"14560",4.09930555555556,37,5441.46,147.066486486486,22.9360465116279,3945,21,"United Kingdom",0,1,2,"United Kingdom"
"14561",71.9631944444444,2,566.99,283.495,10.4166666666667,375,0,"United Kingdom",0,0,3,"United Kingdom"
"14562",1.70277777777778,15,3940.76,262.717333333333,4.63492063492064,1752,0,"United Kingdom",0,1,3,"United Kingdom"
"14563",419.034027777778,2,640.54,320.27,2.63207547169811,279,3,"United Kingdom",1,0,1,"United Kingdom"
"14564",344.158333333333,2,2605.62,1302.81,12.1028037383178,1295,4,"Channel Islands",1,0,1,"Other"
"14565",5.15486111111111,5,3859.22,771.844,12.125,1940,8,"United Kingdom",1,1,3,"United Kingdom"
"14566",20.0729166666667,4,4092,1023,150,2400,16,"Channel Islands",1,1,3,"Other"
"14567",39.9597222222222,1,800.76,800.76,13.2307692307692,172,0,"United Kingdom",0,0,3,"United Kingdom"
"14568",344.815972222222,1,919.7,919.7,13.7234042553191,645,2,"Channel Islands",1,0,1,"Other"
"14569",362.082638888889,3,369.94,123.313333333333,8.09090909090909,178,2,"United Kingdom",0,0,1,"United Kingdom"
"14570",190.077777777778,3,613.75,204.583333333333,6.33823529411765,431,3,"United Kingdom",1,0,3,"United Kingdom"
"14571",334.905555555556,1,160,160,1.86666666666667,56,0,"United Kingdom",1,0,1,"United Kingdom"
"14572",19.9611111111111,9,4785.58,531.731111111111,5.8429203539823,2641,14,"United Kingdom",0,1,3,"United Kingdom"
"14573",89.0659722222222,13,2163.12,166.393846153846,2.20322580645161,683,2,"United Kingdom",1,0,3,"United Kingdom"
"14574",642.005555555556,1,143.7,143.7,5.72727272727273,63,0,"United Kingdom",1,0,1,"United Kingdom"
"14575",397.915972222222,1,420.22,420.22,2.26388888888889,163,0,"United Kingdom",1,0,1,"United Kingdom"
"14576",281.790972222222,1,35.4,35.4,12,12,0,"United Kingdom",1,0,1,"United Kingdom"
"14577",73.0444444444445,6,1151.08,191.846666666667,3.32885906040268,496,1,"United Kingdom",0,0,3,"United Kingdom"
"14579",341.926388888889,1,105.56,105.56,2.24,56,0,"United Kingdom",1,0,1,"United Kingdom"
"14580",427.895833333333,1,14.85,14.85,3,3,0,"United Kingdom",1,0,1,"United Kingdom"
"14581",453.876388888889,1,271.05,271.05,2.02325581395349,87,0,"United Kingdom",0,0,1,"United Kingdom"
"14583",53.9979166666667,7,1415.05,202.15,2.32533333333333,872,2,"United Kingdom",0,0,3,"United Kingdom"
"14584",78.7618055555556,8,1738.16,217.27,4.40366972477064,960,0,"United Kingdom",1,0,3,"United Kingdom"
"14585",292.004166666667,4,986.22,246.555,6.57317073170732,539,3,"United Kingdom",0,0,1,"United Kingdom"
"14586",186.115277777778,1,237.36,237.36,23.3684210526316,444,3,"United Kingdom",1,0,3,"United Kingdom"
"14587",93.9451388888889,8,1452.68,181.585,2.03988603988604,716,1,"United Kingdom",0,0,3,"United Kingdom"
"14588",487.904166666667,1,135.39,135.39,3.875,62,0,"United Kingdom",1,0,1,"United Kingdom"
"14589",281.047222222222,1,39.75,39.75,1.66666666666667,5,0,"United Kingdom",1,0,1,"United Kingdom"
"14590",334.030555555556,20,2993.37,149.6685,4.46039603960396,901,3,"United Kingdom",1,1,1,"United Kingdom"
"14591",122.945138888889,1,204.02,204.02,2.45945945945946,91,1,"United Kingdom",0,0,3,"United Kingdom"
"14593",108.061805555556,11,3387.97,307.997272727273,3.12213740458015,1636,6,"United Kingdom",0,1,3,"United Kingdom"
"14594",282.955555555556,1,255,255,4.70967741935484,146,0,"United Kingdom",0,0,1,"United Kingdom"
"14595",222.968055555556,3,587.65,195.883333333333,8.35897435897436,326,0,"United Kingdom",0,0,3,"United Kingdom"
"14596",536.025694444444,1,222.22,222.22,1.41509433962264,75,0,"United Kingdom",1,0,1,"United Kingdom"
"14597",101.011805555556,5,1483.49,296.698,19.3725490196078,988,14,"United Kingdom",0,0,3,"United Kingdom"
"14598",478.988194444444,1,162.07,162.07,4.125,165,0,"United Kingdom",0,0,1,"United Kingdom"
"14599",299.917361111111,2,457.89,228.945,3.69620253164557,292,0,"United Kingdom",1,0,1,"United Kingdom"
"14600",215.126388888889,2,865.17,432.585,9.01851851851852,487,1,"United Kingdom",1,0,3,"United Kingdom"
"14602",565.877083333333,1,205.36,205.36,2.58064516129032,80,0,"United Kingdom",1,0,1,"United Kingdom"
"14603",184.099305555556,1,660,660,200,400,2,"United Kingdom",1,0,3,"United Kingdom"
"14604",542.993055555556,1,143.86,143.86,3.82608695652174,88,0,"United Kingdom",1,0,1,"United Kingdom"
"14605",283.946527777778,4,921.56,230.39,3.85185185185185,416,0,"United Kingdom",1,0,1,"United Kingdom"
"14606",3.00625,170,27384.13,161.083117647059,2.43398211467649,13881,39,"United Kingdom",0,1,4,"United Kingdom"
"14607",170.894444444444,9,8048.63,894.292222222222,32.872,4109,30,"United Kingdom",0,1,3,"United Kingdom"
"14608",271.917361111111,8,1771.79,221.47375,22.4166666666667,538,8,"United Kingdom",0,0,1,"United Kingdom"
"14609",52.8236111111111,9,1371,152.333333333333,1000,12000,12,"United Kingdom",0,0,3,"United Kingdom"
"14610",305.077777777778,2,24.35,12.175,1.5,15,0,"United Kingdom",1,0,1,"United Kingdom"
"14611",353.146527777778,2,604.33,302.165,15.3157894736842,582,4,"United Kingdom",1,0,1,"United Kingdom"
"14612",324.867361111111,1,877.7,877.7,9.57142857142857,134,0,"United Kingdom",1,0,1,"United Kingdom"
"14613",589.991666666667,1,76.32,76.32,72,72,1,"United Kingdom",1,0,1,"United Kingdom"
"14614",295.990277777778,1,295.13,295.13,9.94736842105263,189,0,"United Kingdom",1,0,1,"United Kingdom"
"14615",303.968055555556,5,951.76,190.352,10.3125,495,0,"United Kingdom",1,0,1,"United Kingdom"
"14616",152.122222222222,5,527.78,105.556,34,170,3,"United Kingdom",1,0,3,"United Kingdom"
"14617",312.047916666667,2,190.47,95.235,9,81,1,"United Kingdom",1,0,1,"United Kingdom"
"14618",247.035416666667,5,1000.68,200.136,13.3,532,4,"United Kingdom",0,0,1,"United Kingdom"
"14619",155.217361111111,2,1291.24,645.62,9.9,594,1,"United Kingdom",1,0,3,"United Kingdom"
"14620",115.036111111111,2,412.78,206.39,8.23076923076923,214,1,"United Kingdom",1,0,3,"United Kingdom"
"14621",66.0131944444445,7,2215.12,316.445714285714,9.85087719298246,1123,0,"United Kingdom",0,0,3,"United Kingdom"
"14622",94.0055555555556,1,320.58,320.58,6.95238095238095,146,0,"United Kingdom",1,0,3,"United Kingdom"
"14623",25.9576388888889,8,1736.44,217.055,3.43307086614173,872,1,"United Kingdom",0,0,3,"United Kingdom"
"14624",324.898611111111,4,588.22,147.055,12.7105263157895,483,3,"United Kingdom",0,0,1,"United Kingdom"
"14625",105.8875,11,4497.88,408.898181818182,8.1015037593985,2155,6,"United Kingdom",1,1,3,"United Kingdom"
"14626",32.1041666666667,9,4190.94,465.66,14.5865921787709,2611,13,"United Kingdom",0,1,3,"United Kingdom"
"14627",288.845833333333,1,462.75,462.75,9.79310344827586,284,0,"United Kingdom",1,0,1,"United Kingdom"
"14628",0.911111111111111,5,1998,399.6,13.3372093023256,1147,2,"United Kingdom",1,0,3,"United Kingdom"
"14630",393.841666666667,1,338.65,338.65,5.28571428571429,111,0,"United Kingdom",1,0,1,"United Kingdom"
"14631",144.834027777778,5,1648.79,329.758,15.16,1137,7,"United Kingdom",0,0,3,"United Kingdom"
"14632",172.167361111111,1,114.56,114.56,12,96,1,"United Kingdom",1,0,3,"United Kingdom"
"14633",175.821527777778,1,344.9,344.9,4.8,96,0,"United Kingdom",1,0,3,"United Kingdom"
"14634",347.090277777778,4,2124.46,531.115,17.4862385321101,1906,13,"United Kingdom",1,0,1,"United Kingdom"
"14635",363.085416666667,1,215.22,215.22,7.86666666666667,118,1,"United Kingdom",1,0,1,"United Kingdom"
"14636",178.123611111111,1,300.19,300.19,7.3125,117,0,"United Kingdom",0,0,3,"United Kingdom"
"14637",586.873611111111,1,106.68,106.68,14.2857142857143,100,0,"United Kingdom",1,0,1,"United Kingdom"
"14639",29.9645833333333,7,3983.7,569.1,7.52340425531915,1768,2,"United Kingdom",0,1,3,"United Kingdom"
"14640",37.05,8,3025.34,378.1675,7.8187134502924,1337,1,"United Kingdom",0,1,3,"United Kingdom"
"14643",79.9229166666667,5,1679.89,335.978,22.2096774193548,1377,17,"United Kingdom",1,0,3,"United Kingdom"
"14644",207.941666666667,6,1604.46,267.41,13.1363636363636,578,2,"United Kingdom",0,0,3,"United Kingdom"
"14645",66.1493055555556,3,876.89,292.296666666667,12.2291666666667,587,1,"United Kingdom",1,0,3,"United Kingdom"
"14646",2.05694444444444,120,426699.12,3555.826,94.6702668360864,298022,2249,"Netherlands",0,1,4,"Other"
"14647",110.965277777778,2,506.04,253.02,3.64583333333333,175,0,"United Kingdom",1,0,3,"United Kingdom"
"14648",325.984722222222,15,4466.65,297.776666666667,7.5754060324826,3265,11,"United Kingdom",1,1,1,"United Kingdom"
"14649",121.922222222222,7,2830.72,404.388571428571,4.52442159383033,1760,10,"United Kingdom",0,1,3,"United Kingdom"
"14650",498.682638888889,1,62.5,62.5,5.5,22,0,"United Kingdom",1,0,1,"United Kingdom"
"14651",120.847916666667,8,1787.24,223.405,2.99585062240664,722,1,"United Kingdom",0,0,3,"United Kingdom"
"14653",247.964583333333,6,2011.22,335.203333333333,7.50847457627119,1329,5,"United Kingdom",0,0,1,"United Kingdom"
"14654",647.995138888889,1,246.86,246.86,10.1111111111111,273,2,"United Kingdom",1,0,1,"United Kingdom"
"14655",131.910416666667,4,2756.84,689.21,26.0882352941176,1774,19,"United Kingdom",0,1,3,"United Kingdom"
"14656",78.9576388888889,5,790,158,1.49275362318841,309,0,"United Kingdom",1,0,3,"United Kingdom"
"14657",64.7055555555555,5,1240.91,248.182,4.27272727272727,752,0,"United Kingdom",0,0,3,"United Kingdom"
"14658",26.8805555555556,1,123.14,123.14,1.64285714285714,23,0,"United Kingdom",0,0,3,"United Kingdom"
"14659",55.0131944444444,6,1641.55,273.591666666667,4.88535031847134,767,0,"United Kingdom",0,0,3,"United Kingdom"
"14660",10.0902777777778,1,128.95,128.95,7.42857142857143,104,0,"United Kingdom",0,0,3,"United Kingdom"
"14662",144.016666666667,6,1147.34,191.223333333333,3.875,651,2,"United Kingdom",0,0,3,"United Kingdom"
"14663",339.978472222222,2,490.6,245.3,5.83823529411765,397,3,"United Kingdom",1,0,1,"United Kingdom"
"14665",206.094444444444,5,1645.61,329.122,8.09638554216867,672,3,"United Kingdom",0,0,3,"United Kingdom"
"14667",4.01388888888889,47,17231.76,366.633191489362,9.04159132007233,10000,55,"United Kingdom",0,1,2,"United Kingdom"
"14668",354.907638888889,1,111.63,111.63,4.08333333333333,49,0,"United Kingdom",1,0,1,"United Kingdom"
"14669",151.046527777778,7,3216.78,459.54,5.27906976744186,2043,4,"United Kingdom",1,1,3,"United Kingdom"
"14670",189.942361111111,3,583.33,194.443333333333,2.36312849162011,423,0,"United Kingdom",1,0,3,"United Kingdom"
"14671",458.965972222222,2,1127.45,563.725,10.3818181818182,571,3,"United Kingdom",1,0,1,"United Kingdom"
"14672",144.104861111111,4,1113.14,278.285,6.09433962264151,646,5,"United Kingdom",1,0,3,"United Kingdom"
"14673",277.000694444444,3,1674.41,558.136666666667,11.5842696629213,1031,1,"United Kingdom",0,0,1,"United Kingdom"
"14674",418.934027777778,1,173.66,173.66,7.35714285714286,103,0,"United Kingdom",1,0,1,"United Kingdom"
"14675",298.019444444444,1,419.22,419.22,2.61290322580645,324,0,"United Kingdom",0,0,1,"United Kingdom"
"14676",57.0416666666667,10,7499.47,749.947,68.2016806722689,8116,87,"United Kingdom",0,1,3,"United Kingdom"
"14677",502.126388888889,1,184.91,184.91,9.92857142857143,139,0,"United Kingdom",1,0,1,"United Kingdom"
"14678",488.929166666667,1,403.39,403.39,7.45833333333333,179,0,"United Kingdom",1,0,1,"United Kingdom"
"14679",291.040972222222,3,1289.44,429.813333333333,12.6031746031746,794,5,"United Kingdom",1,0,1,"United Kingdom"
"14680",4.87569444444444,56,52356.95,934.945535714286,20.4435548438751,25534,244,"United Kingdom",0,1,2,"United Kingdom"
"14681",121.086805555556,4,770.15,192.5375,8,144,1,"United Kingdom",0,0,3,"United Kingdom"
"14682",97.0263888888889,6,1514.81,252.468333333333,11.0348837209302,949,4,"United Kingdom",1,0,3,"United Kingdom"
"14683",497.813888888889,1,146.56,146.56,18.3809523809524,386,5,"United Kingdom",1,0,1,"United Kingdom"
"14684",124.994444444444,3,721.96,240.653333333333,1.73946360153257,454,0,"United Kingdom",0,0,3,"United Kingdom"
"14685",485.9875,8,4536.64,567.08,10.5294117647059,1969,13,"United Kingdom",1,1,1,"United Kingdom"
"14686",323.763194444444,5,852.53,170.506,2.08675799086758,457,0,"United Kingdom",1,0,1,"United Kingdom"
"14687",16.0354166666667,3,1402.06,467.353333333333,21.25,850,9,"United Kingdom",1,0,3,"United Kingdom"
"14688",2.02361111111111,23,5797.77,252.076956521739,10.5,4410,23,"United Kingdom",0,1,2,"United Kingdom"
"14689",118.061111111111,1,112.8,112.8,5.84615384615385,76,0,"United Kingdom",1,0,3,"United Kingdom"
"14690",61.0361111111111,3,635.19,211.73,3.10843373493976,258,0,"United Kingdom",0,0,3,"United Kingdom"
"14691",6.06458333333333,2,1274.68,637.34,10.0869565217391,464,1,"United Kingdom",0,0,3,"United Kingdom"
"14692",46.9041666666667,12,1715.14,142.928333333333,5.59748427672956,890,4,"United Kingdom",1,0,3,"United Kingdom"
"14693",174,7,1165.36,166.48,5.17333333333333,388,0,"United Kingdom",1,0,3,"United Kingdom"
"14694",526.711111111111,1,244.31,244.31,12.8666666666667,193,1,"United Kingdom",1,0,1,"United Kingdom"
"14695",428.938888888889,3,1534.22,511.406666666667,8.0609756097561,661,4,"United Kingdom",1,0,1,"United Kingdom"
"14696",29.0090277777778,6,1852.87,308.811666666667,11.6052631578947,1323,5,"United Kingdom",0,0,3,"United Kingdom"
"14697",127.882638888889,2,188.61,94.305,8.22727272727273,181,3,"United Kingdom",1,0,3,"United Kingdom"
"14699",123.913888888889,4,702.6,175.65,9.68,484,0,"United Kingdom",1,0,3,"United Kingdom"
"14700",99.0354166666667,4,2422.06,605.515,8.70229007633588,1140,8,"United Kingdom",0,0,3,"United Kingdom"
"14701",82.0513888888889,13,3902.45,300.188461538462,2.96613545816733,1489,3,"United Kingdom",0,1,3,"United Kingdom"
"14702",26.0555555555556,21,4768.24,227.059047619048,4.052734375,2075,1,"United Kingdom",0,1,2,"United Kingdom"
"14704",52.0340277777778,4,466.46,116.615,1.80487804878049,222,0,"United Kingdom",0,0,3,"United Kingdom"
"14705",108.007638888889,1,179,179,100,100,1,"United Kingdom",1,0,3,"United Kingdom"
"14706",528.070138888889,1,367.54,367.54,9.84,246,1,"United Kingdom",1,0,1,"United Kingdom"
"14707",345.050694444444,2,139.2,69.6,48,96,2,"United Kingdom",1,0,1,"United Kingdom"
"14708",63.8625,4,1368.03,342.0075,35.1111111111111,948,7,"United Kingdom",0,0,3,"United Kingdom"
"14709",3.02013888888889,21,7918.03,377.049047619048,11.5854430379747,3661,12,"United Kingdom",0,1,2,"United Kingdom"
"14710",288.972916666667,9,1300.31,144.478888888889,2.56756756756757,760,1,"United Kingdom",0,0,1,"United Kingdom"
"14711",0.963888888888889,9,2355.63,261.736666666667,2.93357933579336,795,1,"United Kingdom",0,0,3,"United Kingdom"
"14712",21.9701388888889,2,526.72,263.36,14.1428571428571,198,1,"United Kingdom",0,0,3,"United Kingdom"
"14713",8.73541666666667,19,4483.17,235.956315789474,4.83142389525368,2952,3,"United Kingdom",0,1,3,"United Kingdom"
"14714",316.794444444444,3,746.05,248.683333333333,4.97590361445783,413,0,"United Kingdom",0,0,1,"United Kingdom"
"14715",4.03333333333333,7,1552.82,221.831428571429,7.00869565217391,806,2,"United Kingdom",0,0,3,"United Kingdom"
"14716",58.0055555555556,2,417.49,208.745,6.97014925373134,467,3,"United Kingdom",0,0,3,"United Kingdom"
"14717",642.989583333333,1,81.3,81.3,2.90909090909091,32,0,"United Kingdom",1,0,1,"United Kingdom"
"14718",319.988194444444,1,226.42,226.42,18.3636363636364,202,3,"United Kingdom",1,0,1,"United Kingdom"
"14719",88.9986111111111,2,488.12,244.06,5.16883116883117,398,0,"United Kingdom",0,0,3,"United Kingdom"
"14720",36.0305555555556,1,155.8,155.8,4.44444444444444,40,0,"United Kingdom",0,0,3,"United Kingdom"
"14721",288.9875,1,109.07,109.07,2.28,57,0,"United Kingdom",1,0,1,"United Kingdom"
"14722",56.9111111111111,3,489.52,163.173333333333,2.45977011494253,214,0,"United Kingdom",1,0,3,"United Kingdom"
"14723",267.729861111111,8,1136.35,142.04375,2.87966804979253,694,1,"United Kingdom",0,0,1,"United Kingdom"
"14724",499.975,1,341.9,341.9,4.48780487804878,184,0,"United Kingdom",1,0,1,"United Kingdom"
"14725",304.04375,3,597.16,199.053333333333,14.0943396226415,747,9,"United Kingdom",0,0,1,"United Kingdom"
"14726",564.010416666667,1,116.5,116.5,5.46666666666667,82,0,"United Kingdom",1,0,1,"United Kingdom"
"14727",183.920138888889,3,463.73,154.576666666667,9.95652173913044,458,2,"United Kingdom",1,0,3,"United Kingdom"
"14728",322.870138888889,1,190.58,190.58,4.85714285714286,68,0,"United Kingdom",1,0,1,"United Kingdom"
"14729",283.004861111111,3,586.24,195.413333333333,2.81818181818182,372,0,"United Kingdom",1,0,1,"United Kingdom"
"14730",16.9881944444444,5,872.13,174.426,2.8121546961326,509,0,"United Kingdom",0,0,3,"United Kingdom"
"14731",115.075,2,251.02,125.51,6.06666666666667,182,1,"United Kingdom",0,0,3,"United Kingdom"
"14732",53.1381944444444,16,4432.88,277.055,8.16071428571429,1828,1,"United Kingdom",0,1,3,"United Kingdom"
"14733",20.0368055555556,14,13793.44,985.245714285714,18.5016286644951,5680,74,"United Kingdom",0,1,3,"United Kingdom"
"14734",335.031944444444,4,1056.42,264.105,6,378,0,"United Kingdom",1,0,1,"United Kingdom"
"14735",8.83680555555556,47,9770.18,207.876170212766,12.3344709897611,3614,19,"United Kingdom",0,1,2,"United Kingdom"
"14736",394.895138888889,2,374.05,187.025,1.68181818181818,148,0,"United Kingdom",1,0,1,"United Kingdom"
"14737",38.1152777777778,3,3471.37,1157.12333333333,23.9302325581395,1029,10,"United Kingdom",0,1,3,"United Kingdom"
"14738",43.0944444444444,7,1265.1,180.728571428571,8.59322033898305,507,1,"United Kingdom",0,0,3,"United Kingdom"
"14739",3.94513888888889,22,9918.92,450.86,39.2385321100917,8554,79,"United Kingdom",0,1,2,"United Kingdom"
"14740",106.772916666667,11,4161.06,378.278181818182,9.00865800865801,2081,4,"United Kingdom",1,1,3,"United Kingdom"
"14741",22.9819444444444,5,1177.71,235.542,13.6415094339623,723,1,"United Kingdom",0,0,3,"United Kingdom"
"14742",344.946527777778,1,579.85,579.85,11,374,1,"United Kingdom",1,0,1,"United Kingdom"
"14743",502.1,1,50.48,50.48,13.3333333333333,40,0,"United Kingdom",1,0,1,"United Kingdom"
"14744",207.053472222222,12,3488.13,290.6775,21.0183486238532,2291,22,"United Kingdom",0,1,3,"United Kingdom"
"14745",22.1145833333333,12,2551.41,212.6175,14.0642857142857,1969,9,"United Kingdom",1,0,3,"United Kingdom"
"14746",315.920833333333,4,593.5,148.375,44.2222222222222,398,6,"United Kingdom",1,0,1,"United Kingdom"
"14747",158.945138888889,1,328.2,328.2,4.66666666666667,84,0,"United Kingdom",1,0,3,"United Kingdom"
"14748",33.0152777777778,9,2384.92,264.991111111111,15.5862068965517,2260,21,"United Kingdom",0,0,3,"United Kingdom"
"14749",389.009722222222,1,310.15,310.15,22.3888888888889,403,6,"United Kingdom",1,0,1,"United Kingdom"
"14750",645.786805555556,1,112.03,112.03,2.03125,65,0,"United Kingdom",1,0,1,"United Kingdom"
"14751",593.967361111111,2,126.45,63.225,9.28571428571429,65,0,"United Kingdom",1,0,1,"United Kingdom"
"14753",370.073611111111,1,306.36,306.36,11.1666666666667,201,1,"United Kingdom",0,0,1,"United Kingdom"
"14754",205.020138888889,5,1138.15,227.63,6.33636363636364,697,0,"United Kingdom",0,0,3,"United Kingdom"
"14755",22.0006944444444,21,7829.95,372.854761904762,8.79948586118252,3423,1,"United Kingdom",0,1,2,"United Kingdom"
"14756",292.144444444444,2,1914.8,957.4,12.4320987654321,1007,8,"United Kingdom",0,0,1,"United Kingdom"
"14758",54.1868055555556,7,2864.97,409.281428571429,6.17647058823529,840,2,"United Kingdom",1,1,3,"United Kingdom"
"14759",22.1618055555556,2,870.85,435.425,4.75,247,0,"United Kingdom",0,0,3,"United Kingdom"
"14760",206.849305555556,1,89.2,89.2,8,40,0,"United Kingdom",1,0,3,"United Kingdom"
"14761",244.032638888889,2,289.52,144.76,7.3,146,0,"United Kingdom",0,0,1,"United Kingdom"
"14762",173.1875,2,417.57,208.785,14.2666666666667,428,2,"United Kingdom",1,0,3,"United Kingdom"
"14765",21.9055555555556,2,95.5,47.75,2.75,22,0,"United Kingdom",0,0,3,"United Kingdom"
"14766",77.9097222222222,9,5433.68,603.742222222222,12.4452054794521,3634,11,"United Kingdom",0,1,3,"United Kingdom"
"14767",383.913888888889,1,382.81,382.81,6.5,117,0,"United Kingdom",1,0,1,"United Kingdom"
"14768",36.9756944444444,1,133.2,133.2,10,40,0,"United Kingdom",0,0,3,"United Kingdom"
"14769",17.8861111111111,15,11381.97,758.798,8.29735234215886,8148,22,"United Kingdom",0,1,3,"United Kingdom"
"14770",141.936805555556,8,3637.64,454.705,8.11167512690355,1598,3,"United Kingdom",1,1,3,"United Kingdom"
"14771",530.998611111111,2,594.62,297.31,13.2340425531915,622,0,"United Kingdom",1,0,1,"United Kingdom"
"14772",21.9069444444444,1,139.26,139.26,9.11111111111111,82,0,"United Kingdom",1,0,3,"United Kingdom"
"14773",502.097916666667,1,140.55,140.55,5.3,53,0,"United Kingdom",1,0,1,"United Kingdom"
"14774",438.016666666667,1,241.45,241.45,7.61538461538461,99,0,"United Kingdom",1,0,1,"United Kingdom"
"14775",47.0263888888889,2,701.46,350.73,20.05,802,2,"United Kingdom",0,0,3,"United Kingdom"
"14776",14.9354166666667,12,3032.22,252.685,23.9108280254777,3754,35,"United Kingdom",0,1,3,"United Kingdom"
"14777",313,1,307.56,307.56,13.25,212,1,"United Kingdom",1,0,1,"United Kingdom"
"14778",36.89375,2,730.86,365.43,8.74285714285714,306,0,"United Kingdom",1,0,3,"United Kingdom"
"14779",190.005555555556,3,386.15,128.716666666667,2.04878048780488,84,0,"United Kingdom",1,0,3,"United Kingdom"
"14782",229.068055555556,1,200.1,200.1,19,114,1,"United Kingdom",1,0,3,"United Kingdom"
"14783",568.856944444444,1,307.3,307.3,15.4117647058824,262,1,"United Kingdom",1,0,1,"United Kingdom"
"14784",233.142361111111,2,274.62,137.31,11.375,182,0,"United Kingdom",0,0,3,"United Kingdom"
"14786",459.963888888889,1,90.96,90.96,16,112,0,"United Kingdom",1,0,1,"United Kingdom"
"14787",380.925,1,110.65,110.65,3.93333333333333,59,0,"United Kingdom",1,0,1,"United Kingdom"
"14788",505.773611111111,1,476.88,476.88,10.6428571428571,298,1,"United Kingdom",0,0,1,"United Kingdom"
"14790",29.0243055555556,8,2145.6,268.2,18.3228346456693,2327,19,"United Kingdom",0,0,3,"United Kingdom"
"14791",516.101388888889,1,303.63,303.63,6.68421052631579,127,0,"United Kingdom",1,0,1,"United Kingdom"
"14793",444.830555555556,1,396.91,396.91,10.8,270,0,"United Kingdom",0,0,1,"United Kingdom"
"14794",113.039583333333,7,1313.53,187.647142857143,6.578125,421,0,"United Kingdom",0,0,3,"United Kingdom"
"14795",75.9902777777778,1,131.45,131.45,2.83333333333333,17,0,"United Kingdom",1,0,3,"United Kingdom"
"14796",4.08888888888889,24,8775.02,365.625833333333,4.79603174603175,6043,12,"United Kingdom",0,1,2,"United Kingdom"
"14797",416.946527777778,1,300.31,300.31,6.1875,99,0,"United Kingdom",1,0,1,"United Kingdom"
"14798",53.9236111111111,7,647.97,92.5671428571429,12.3333333333333,555,0,"United Kingdom",0,0,3,"United Kingdom"
"14799",647.063888888889,1,180.45,180.45,34.9,349,1,"United Kingdom",0,0,1,"United Kingdom"
"14800",19.0166666666667,14,6692.03,478.002142857143,11.1109057301294,6011,40,"United Kingdom",0,1,3,"United Kingdom"
"14802",347.844444444444,2,1502.98,751.49,1,2,0,"United Kingdom",1,0,1,"United Kingdom"
"14803",71.9527777777778,3,845.55,281.85,8.40909090909091,370,3,"United Kingdom",1,0,3,"United Kingdom"
"14805",223.088194444444,4,645.4,161.35,3.31,331,1,"United Kingdom",0,0,3,"United Kingdom"
"14806",348.875,1,110.04,110.04,10.3333333333333,93,1,"United Kingdom",0,0,1,"United Kingdom"
"14807",300.002083333333,2,504.14,252.07,6.15789473684211,234,0,"United Kingdom",1,0,1,"United Kingdom"
"14808",53.9701388888889,6,1833.82,305.636666666667,6.70810810810811,1241,7,"United Kingdom",0,0,3,"United Kingdom"
"14809",530.879166666667,2,686.76,343.38,12.8888888888889,232,1,"United Kingdom",1,0,1,"United Kingdom"
"14810",13.075,12,2135.48,177.956666666667,3.85090909090909,1059,0,"United Kingdom",0,0,3,"United Kingdom"
"14811",296.986805555556,1,170.5,170.5,2.64285714285714,74,0,"United Kingdom",1,0,1,"United Kingdom"
"14812",508.025694444444,1,178.85,178.85,3.75,135,0,"United Kingdom",1,0,1,"United Kingdom"
"14813",279.036805555556,4,888.91,222.2275,2.84057971014493,392,0,"United Kingdom",1,0,1,"United Kingdom"
"14814",490.944444444444,1,154.21,154.21,3.1,93,0,"United Kingdom",1,0,1,"United Kingdom"
"14816",106.981944444444,1,271.85,271.85,1.25,5,0,"United Kingdom",1,0,3,"United Kingdom"
"14817",109.96875,7,3959.86,565.694285714286,10.704347826087,2462,9,"United Kingdom",1,1,3,"United Kingdom"
"14818",78.9423611111111,5,905.39,181.078,5.19753086419753,421,2,"United Kingdom",0,0,3,"United Kingdom"
"14819",101.958333333333,3,269.06,89.6866666666667,2.47727272727273,109,1,"United Kingdom",0,0,3,"United Kingdom"
"14820",82.9125,6,907.24,151.206666666667,12.9767441860465,558,1,"United Kingdom",0,0,3,"United Kingdom"
"14821",276.171527777778,7,1230.15,175.735714285714,6.65217391304348,459,1,"United Kingdom",1,0,1,"United Kingdom"
"14822",394.998611111111,1,157.7,157.7,10.4444444444444,94,0,"United Kingdom",1,0,1,"United Kingdom"
"14823",89.9847222222222,3,321.43,107.143333333333,1.25714285714286,88,0,"United Kingdom",1,0,3,"United Kingdom"
"14824",0.943055555555556,7,3337.11,476.73,11.4305555555556,1646,5,"United Kingdom",0,1,3,"United Kingdom"
"14825",37.0652777777778,19,3847.54,202.502105263158,8.90804597701149,2325,6,"United Kingdom",0,1,3,"United Kingdom"
"14826",491.159722222222,2,385.2,192.6,15.2,152,0,"United Kingdom",1,0,1,"United Kingdom"
"14828",106.106944444444,13,9839.46,756.881538461539,96.2178217821782,9718,83,"United Kingdom",1,1,3,"United Kingdom"
"14829",93.93125,6,1289.95,214.991666666667,10.4698795180723,869,3,"United Kingdom",0,0,3,"United Kingdom"
"14831",589.929861111111,3,1676.57,558.856666666667,10.7926829268293,885,2,"United Kingdom",1,0,1,"United Kingdom"
"14832",539.9,1,322.69,322.69,1,1,0,"United Kingdom",1,0,1,"United Kingdom"
"14833",408.113888888889,1,94.8,94.8,8.28571428571429,58,0,"United Kingdom",1,0,1,"United Kingdom"
"14834",29.9263888888889,3,915.16,305.053333333333,7.75609756097561,318,0,"United Kingdom",0,0,3,"United Kingdom"
"14835",438.1125,2,297,148.5,90,180,2,"United Kingdom",1,0,1,"United Kingdom"
"14837",14.9930555555556,8,3156.38,394.5475,14.7643979057592,2820,9,"United Kingdom",0,1,3,"United Kingdom"
"14838",332.877777777778,2,769.92,384.96,5.15714285714286,361,0,"United Kingdom",1,0,1,"United Kingdom"
"14839",327.992361111111,3,915.28,305.093333333333,12.527027027027,927,7,"United Kingdom",1,0,1,"United Kingdom"
"14840",177.034722222222,2,362.71,181.355,8.13636363636364,179,0,"United Kingdom",1,0,3,"United Kingdom"
"14841",88.9131944444444,12,6242.81,520.234166666667,13.5111940298507,3621,17,"United Kingdom",0,1,3,"United Kingdom"
"14842",4.93055555555556,3,1901.52,633.84,7.9,711,1,"United Kingdom",0,0,3,"United Kingdom"
"14843",346.007638888889,1,211.8,211.8,14.6666666666667,132,0,"United Kingdom",1,0,1,"United Kingdom"
"14844",32.9694444444444,9,5770.3,641.144444444445,16.3974358974359,3837,19,"United Kingdom",0,1,3,"United Kingdom"
"14845",509.104861111111,1,150,150,600,600,1,"United Kingdom",1,0,1,"United Kingdom"
"14846",336.821527777778,1,437.4,437.4,16.0833333333333,193,1,"United Kingdom",1,0,1,"United Kingdom"
"14847",58.0819444444444,3,1348.95,449.65,8.59677419354839,533,3,"United Kingdom",1,0,3,"United Kingdom"
"14848",314.019444444444,1,310.56,310.56,23.6363636363636,260,4,"United Kingdom",1,0,1,"United Kingdom"
"14849",4.91180555555556,35,13261.6,378.902857142857,15.9376947040498,10232,35,"United Kingdom",0,1,2,"United Kingdom"
"14850",221.061805555556,7,1770.96,252.994285714286,7.14358974358974,1393,6,"United Kingdom",1,0,3,"United Kingdom"
"14851",165.910416666667,2,524.19,262.095,15.8928571428571,445,1,"United Kingdom",0,0,3,"United Kingdom"
"14852",5.95416666666667,17,5484.16,322.597647058823,14.6313868613139,4009,25,"United Kingdom",0,1,3,"United Kingdom"
"14853",120.897916666667,4,1115.57,278.8925,11.88,297,2,"United Kingdom",0,0,3,"United Kingdom"
"14854",42.8819444444444,10,3844.86,384.486,13.1776649746193,2596,10,"United Kingdom",0,1,3,"United Kingdom"
"14855",28.95,7,6520.3,931.471428571429,16.9565217391304,3510,20,"United Kingdom",1,1,3,"United Kingdom"
"14857",57.9076388888889,6,3001.251,500.2085,9.91758241758242,1805,7,"United Kingdom",0,1,3,"United Kingdom"
"14858",415.082638888889,1,180.75,180.75,9.54545454545454,105,0,"United Kingdom",1,0,1,"United Kingdom"
"14859",113.922222222222,2,648.76,324.38,22.4210526315789,426,2,"United Kingdom",0,0,3,"United Kingdom"
"14861",290.063888888889,9,1254.94,139.437777777778,11.9875,959,4,"United Kingdom",0,0,1,"United Kingdom"
"14862",58.0625,1,304.1,304.1,20.4761904761905,430,4,"United Kingdom",0,0,3,"United Kingdom"
"14865",281.76875,3,77.52,25.84,38.4,192,3,"United Kingdom",0,0,1,"United Kingdom"
"14866",15.0430555555556,11,7520.54,683.685454545454,45.140625,2889,33,"United Kingdom",0,1,3,"United Kingdom"
"14867",95.0493055555555,16,2952.06,184.50375,7.27007299270073,996,1,"United Kingdom",1,1,3,"United Kingdom"
"14868",29.9131944444444,8,2527.49,315.93625,10.8920863309353,1514,3,"United Kingdom",0,0,3,"United Kingdom"
"14869",12.8618055555556,5,2443.75,488.75,8.67713004484305,1935,5,"United Kingdom",0,0,3,"United Kingdom"
"14870",171.082638888889,6,1838.95,306.491666666667,7.43076923076923,483,1,"United Kingdom",1,0,3,"United Kingdom"
"14871",87.9902777777778,8,1062.19,132.77375,2.36477987421384,376,0,"United Kingdom",0,0,3,"United Kingdom"
"14872",393.011111111111,3,816.6,272.2,15.3953488372093,662,3,"United Kingdom",1,0,1,"United Kingdom"
"14873",119.956944444444,2,854.13,427.065,6.3469387755102,311,0,"United Kingdom",1,0,3,"United Kingdom"
"14874",444.911111111111,1,116.18,116.18,24.6666666666667,148,2,"United Kingdom",1,0,1,"United Kingdom"
"14875",17.0208333333333,3,2862.4,954.133333333333,14.9662921348315,1332,10,"United Kingdom",1,1,3,"United Kingdom"
"14876",430.911805555556,2,256.7,128.35,12.4615384615385,162,0,"United Kingdom",1,0,1,"United Kingdom"
"14877",327.986805555556,2,425.85,212.925,2.66666666666667,168,0,"United Kingdom",1,0,1,"United Kingdom"
"14878",83.0666666666667,22,3683.43,167.428636363636,6.84146341463415,2244,13,"United Kingdom",0,1,2,"United Kingdom"
"14879",594.052083333333,1,185.06,185.06,3.85185185185185,104,1,"United Kingdom",1,0,1,"United Kingdom"
"14880",94.9743055555556,2,347.67,173.835,9.48,237,0,"United Kingdom",0,0,3,"United Kingdom"
"14882",299.990277777778,12,2956.95,246.4125,26.962962962963,1456,17,"United Kingdom",0,1,1,"United Kingdom"
"14883",73.1375,2,358.48,179.24,12.88,322,0,"United Kingdom",0,0,3,"United Kingdom"
"14884",578.995833333333,1,120.6,120.6,9,72,0,"United Kingdom",1,0,1,"United Kingdom"
"14885",41.03125,3,1598.12,532.706666666667,42.1935483870968,1308,19,"United Kingdom",1,0,3,"United Kingdom"
"14886",162.1625,1,364.8,364.8,8.88888888888889,160,0,"United Kingdom",1,0,3,"United Kingdom"
"14888",116.911111111111,1,369.2,369.2,9.2,184,0,"United Kingdom",1,0,3,"United Kingdom"
"14889",245.896527777778,1,135.9,135.9,9,90,0,"United Kingdom",1,0,1,"United Kingdom"
"14890",163.036805555556,3,817.25,272.416666666667,11.1578947368421,636,1,"United Kingdom",1,0,3,"United Kingdom"
"14891",57.7791666666667,4,1106.73,276.6825,12.5079365079365,788,5,"United Kingdom",1,0,3,"United Kingdom"
"14892",600.161111111111,1,202.35,202.35,6.07692307692308,79,0,"United Kingdom",1,0,1,"United Kingdom"
"14893",527.157638888889,1,571.76,571.76,7.51515151515152,248,0,"United Kingdom",0,0,1,"United Kingdom"
"14894",352.89375,2,837.06,418.53,14.695652173913,338,1,"United Kingdom",0,0,1,"United Kingdom"
"14895",0.902083333333333,31,21955.62,708.245806451613,12.0689206762029,9281,40,"United Kingdom",0,1,2,"United Kingdom"
"14896",114.104166666667,8,1826,228.25,3.6798418972332,931,0,"United Kingdom",1,0,3,"United Kingdom"
"14897",206.175694444444,5,1949.66,389.932,9.95121951219512,816,1,"United Kingdom",0,0,3,"United Kingdom"
"14898",43.9493055555556,13,3087.82,237.524615384615,8.232,2058,8,"United Kingdom",0,1,3,"United Kingdom"
"14899",304.895833333333,1,1331.38,1331.38,4.41860465116279,570,1,"United Kingdom",1,0,1,"United Kingdom"
"14900",431.903472222222,1,13.92,13.92,48,48,1,"United Kingdom",1,0,1,"United Kingdom"
"14901",11.0347222222222,8,1319.83,164.97875,6.40816326530612,628,0,"United Kingdom",0,0,3,"United Kingdom"
"14902",305.097916666667,2,702.96,351.48,12.7692307692308,498,1,"United Kingdom",0,0,1,"United Kingdom"
"14903",34.0055555555556,4,2398.62,599.655,4.58620689655172,1330,1,"United Kingdom",0,0,3,"United Kingdom"
"14904",317.881944444444,2,605.05,302.525,7.45833333333333,537,2,"United Kingdom",0,0,1,"United Kingdom"
"14905",67.00625,8,1971.39,246.42375,12.9358974358974,1009,10,"United Kingdom",1,0,3,"United Kingdom"
"14906",354.847222222222,1,68.44,68.44,1,1,0,"United Kingdom",1,0,1,"United Kingdom"
"14907",8.83958333333333,14,4654.8,332.485714285714,9.3974358974359,2199,2,"United Kingdom",0,1,3,"United Kingdom"
"14908",372.840972222222,1,104.1,104.1,10,50,0,"United Kingdom",0,0,1,"United Kingdom"
"14909",346.829166666667,3,1404.68,468.226666666667,11.1,888,0,"United Kingdom",1,0,1,"United Kingdom"
"14911",2.94236111111111,309,229613.43,743.085533980582,13.2971777086821,111191,548,"EIRE",0,1,4,"Other"
"14912",156.072222222222,5,1504.19,300.838,25.86,1293,14,"Italy",0,0,3,"Other"
"14913",92.9416666666667,7,3762.85,537.55,16.0990990990991,3574,17,"United Kingdom",0,1,3,"United Kingdom"
"14915",0.969444444444444,11,1811.25,164.659090909091,7.85555555555556,707,0,"United Kingdom",1,0,3,"United Kingdom"
"14916",3.11319444444444,7,2741.73,391.675714285714,18.3391304347826,2109,15,"United Kingdom",0,1,3,"United Kingdom"
"14917",506.056944444444,2,1123.75,561.875,30.7241379310345,891,10,"United Kingdom",1,0,1,"United Kingdom"
"14918",25.0416666666667,9,5955.81,661.756666666667,18.0921985815603,2551,18,"United Kingdom",1,1,3,"United Kingdom"
"14919",448.988888888889,1,359.35,359.35,9.92307692307692,129,0,"United Kingdom",1,0,1,"United Kingdom"
"14920",122.095833333333,3,1607.17,535.723333333333,9.1340206185567,886,2,"United Kingdom",1,0,3,"United Kingdom"
"14921",110.999305555556,1,903.01,903.01,11.9056603773585,631,2,"United Kingdom",0,0,3,"United Kingdom"
"14922",303.066666666667,2,843.74,421.87,7.52,376,0,"United Kingdom",1,0,1,"United Kingdom"
"14924",155.142361111111,3,931.01,310.336666666667,10.0645161290323,312,1,"United Kingdom",1,0,3,"United Kingdom"
"14926",291.234027777778,2,359.4,179.7,68,204,2,"United Kingdom",1,0,1,"United Kingdom"
"14927",306.013888888889,1,308.2,308.2,9.8,196,0,"United Kingdom",1,0,1,"United Kingdom"
"14928",537.15,1,223.91,223.91,12.7619047619048,268,0,"United Kingdom",1,0,1,"United Kingdom"
"14929",331.019444444444,1,612.81,612.81,15.2608695652174,351,2,"United Kingdom",0,0,1,"United Kingdom"
"14930",18.0965277777778,6,5236.73,872.788333333333,7.88848920863309,2193,1,"Channel Islands",1,1,3,"Other"
"14931",115.818055555556,2,586,293,9.8,98,0,"Channel Islands",0,0,3,"Other"
"14932",275.043055555556,2,666.13,333.065,8.03125,257,1,"Channel Islands",1,0,1,"Other"
"14933",353.085416666667,4,1770,442.5,150,600,4,"Channel Islands",1,0,1,"Other"
"14934",192.043055555556,4,2441.4,610.35,11.0729927007299,1517,5,"Channel Islands",0,0,3,"Other"
"14935",206.920833333333,2,2849.83,1424.915,74.2692307692308,1931,26,"Channel Islands",1,1,3,"Other"
"14936",18.0138888888889,7,9346.67,1335.23857142857,11.8874345549738,4541,14,"Channel Islands",0,1,3,"Other"
"14937",39.9402777777778,1,759.56,759.56,13.2307692307692,172,0,"Channel Islands",0,0,3,"Other"
"14938",471.966666666667,2,2322.43,1161.215,19.2816901408451,1369,12,"Channel Islands",1,0,1,"Other"
"14940",327.085416666667,2,531.49,265.745,12,384,1,"United Kingdom",1,0,1,"United Kingdom"
"14941",488.055555555556,1,182.1,182.1,11.4285714285714,80,1,"United Kingdom",1,0,1,"United Kingdom"
"14942",311.082638888889,4,746.56,186.64,18.6315789473684,354,6,"United Kingdom",1,0,1,"United Kingdom"
"14943",572.865277777778,1,107.62,107.62,9.2,46,0,"United Kingdom",1,0,1,"United Kingdom"
"14944",4.14375,14,7048.61,503.472142857143,14.755905511811,3748,22,"United Kingdom",0,1,3,"United Kingdom"
"14945",323.058333333333,1,179.4,179.4,14.1818181818182,156,0,"United Kingdom",1,0,1,"United Kingdom"
"14947",40.1381944444444,5,937.47,187.494,7.1,355,0,"United Kingdom",0,0,3,"United Kingdom"
"14948",7.92430555555556,4,639.23,159.8075,11.0487804878049,453,0,"United Kingdom",0,0,3,"United Kingdom"
"14949",378.883333333333,4,515,128.75,9.25925925925926,250,0,"United Kingdom",1,0,1,"United Kingdom"
"14952",116.175,28,13064.47,466.588214285714,21.12890625,5409,46,"United Kingdom",0,1,2,"United Kingdom"
"14953",327.998611111111,3,685.65,228.55,4.13612565445026,790,5,"United Kingdom",0,0,1,"United Kingdom"
"14954",612.841666666667,1,167.27,167.27,2.24390243902439,92,1,"United Kingdom",0,0,1,"United Kingdom"
"14955",642.052083333333,1,163.77,163.77,2.38709677419355,74,0,"United Kingdom",1,0,1,"United Kingdom"
"14956",330.840277777778,1,1325,1325,625,2500,4,"United Kingdom",1,0,1,"United Kingdom"
"14957",162.785416666667,2,261.69,130.845,3.46428571428571,97,0,"United Kingdom",1,0,3,"United Kingdom"
"14958",56.9375,6,941.99,156.998333333333,3.49295774647887,248,0,"United Kingdom",1,0,3,"United Kingdom"
"14959",19.1402777777778,3,537.32,179.106666666667,7.84313725490196,400,1,"United Kingdom",0,0,3,"United Kingdom"
"14960",80.9666666666667,1,88.3,88.3,10,20,0,"United Kingdom",0,0,3,"United Kingdom"
"14961",0.967361111111111,20,14283.4,714.17,12.4499151103565,7333,24,"United Kingdom",0,1,2,"United Kingdom"
"14962",180.130555555556,4,366.91,91.7275,8.78571428571429,123,1,"United Kingdom",1,0,3,"United Kingdom"
"14963",93.0138888888889,8,1945.43,243.17875,4.02173913043478,1295,5,"United Kingdom",0,0,3,"United Kingdom"
"14964",156.942361111111,1,206.21,206.21,11,143,1,"United Kingdom",1,0,3,"United Kingdom"
"14965",5.97916666666667,2,596.09,298.045,4.48148148148148,363,0,"United Kingdom",1,0,3,"United Kingdom"
"14966",296.983333333333,5,881.24,176.248,7.66086956521739,881,7,"United Kingdom",0,0,1,"United Kingdom"
"14967",351.06875,5,1518.81,303.762,22.2608695652174,512,8,"United Kingdom",0,0,1,"United Kingdom"
"14968",367.973611111111,1,353.65,353.65,2.76595744680851,130,0,"United Kingdom",0,0,1,"United Kingdom"
"14969",613.004861111111,1,906.23,906.23,51.1538461538462,665,8,"United Kingdom",1,0,1,"United Kingdom"
"14970",46.9201388888889,11,4447.04,404.276363636364,9.34375,897,2,"United Kingdom",0,1,3,"United Kingdom"
"14972",37.9138888888889,2,145.07,72.535,2,40,0,"United Kingdom",1,0,3,"United Kingdom"
"14973",16.8743055555556,3,1314.45,438.15,11.53125,369,0,"United Kingdom",1,0,3,"United Kingdom"
"14975",330.94375,1,192.45,192.45,8.46666666666667,127,0,"United Kingdom",0,0,1,"United Kingdom"
"14976",10.8104166666667,4,559.96,139.99,3,162,0,"United Kingdom",0,0,3,"United Kingdom"
"14977",635.092361111111,1,31.93,31.93,4.25,17,0,"United Kingdom",1,0,1,"United Kingdom"
"14978",145.079861111111,9,2718.05,302.005555555556,2.49206349206349,628,0,"United Kingdom",0,1,3,"United Kingdom"
"14979",644.997222222222,1,429.66,429.66,4.26530612244898,209,1,"United Kingdom",1,0,1,"United Kingdom"
"14980",646.945138888889,1,150.68,150.68,3.29166666666667,79,1,"United Kingdom",1,0,1,"United Kingdom"
"14981",155.961805555556,2,372.92,186.46,10.9545454545455,241,0,"United Kingdom",1,0,3,"United Kingdom"
"14982",481.873611111111,1,237.78,237.78,3.20512820512821,125,0,"United Kingdom",1,0,1,"United Kingdom"
"14983",598.804166666667,1,183.2,183.2,3,90,0,"United Kingdom",1,0,1,"United Kingdom"
"14984",90.0736111111111,5,1160.37,232.074,10,310,4,"United Kingdom",0,0,3,"United Kingdom"
"14985",107.93125,2,292.01,146.005,3.08433734939759,256,1,"United Kingdom",1,0,3,"United Kingdom"
"14986",285.892361111111,2,563.1,281.55,3.44897959183673,338,0,"United Kingdom",1,0,1,"United Kingdom"
"14987",275.025694444444,7,1387.45,198.207142857143,41.7692307692308,543,10,"United Kingdom",0,0,1,"United Kingdom"
"14988",121.03125,7,2038.65,291.235714285714,5.36170212765957,1260,3,"United Kingdom",1,0,3,"United Kingdom"
"14989",571.090277777778,1,342.4,342.4,11.1111111111111,200,0,"United Kingdom",1,0,1,"United Kingdom"
"14990",521.955555555556,2,304.17,152.085,3.07142857142857,129,0,"United Kingdom",1,0,1,"United Kingdom"
"14991",339.992361111111,1,314.67,314.67,9.09523809523809,191,1,"United Kingdom",1,0,1,"United Kingdom"
"14992",351.793055555556,1,210.5,210.5,5.37037037037037,145,0,"United Kingdom",1,0,1,"United Kingdom"
"14993",473.002083333333,1,36.13,36.13,2.1,21,0,"United Kingdom",1,0,1,"United Kingdom"
"14994",291.99375,5,946.72,189.344,1.88079470198676,568,0,"United Kingdom",1,0,1,"United Kingdom"
"14995",189.983333333333,1,119.31,119.31,1.37837837837838,51,0,"United Kingdom",0,0,3,"United Kingdom"
"14996",390.9625,2,442.29,221.145,9.85365853658537,404,4,"United Kingdom",1,0,1,"United Kingdom"
"14997",87.8319444444444,2,385.68,192.84,28.5714285714286,600,7,"United Kingdom",0,0,3,"United Kingdom"
"14998",79.8055555555556,4,753.18,188.295,2.816,352,0,"United Kingdom",1,0,3,"United Kingdom"
"14999",502.085416666667,1,129.48,129.48,9.77777777777778,88,0,"United Kingdom",1,0,1,"United Kingdom"
"15001",303.957638888889,2,199.11,99.555,1.52173913043478,70,0,"United Kingdom",1,0,1,"United Kingdom"
"15002",25.0875,9,4138.08,459.786666666667,6.56973293768546,2214,4,"United Kingdom",1,1,3,"United Kingdom"
"15003",382.879166666667,6,1027.03,171.171666666667,1.59574468085106,525,1,"United Kingdom",1,0,1,"United Kingdom"
"15004",56.9479166666667,1,1220.77,1220.77,4.04545454545455,623,2,"United Kingdom",1,0,3,"United Kingdom"
"15005",5.06388888888889,48,11966.76,249.3075,3.55725190839695,7456,13,"United Kingdom",0,1,2,"United Kingdom"
"15006",362.990972222222,1,277.4,277.4,2.02,101,0,"United Kingdom",0,0,1,"United Kingdom"
"15007",68.8680555555556,1,156.91,156.91,5.75,69,0,"United Kingdom",1,0,3,"United Kingdom"
"15008",389.986805555556,2,360,180,125,1500,12,"United Kingdom",1,0,1,"United Kingdom"
"15011",305.069444444444,2,416.6,208.3,14.45,289,1,"United Kingdom",1,0,1,"United Kingdom"
"15012",283.000694444444,2,429.78,214.89,2,242,1,"United Kingdom",0,0,1,"United Kingdom"
"15013",397.03125,10,1610.82,161.082,5.04411764705882,1715,9,"United Kingdom",1,0,1,"United Kingdom"
"15014",85.7152777777778,1,117.73,117.73,22.6666666666667,68,1,"United Kingdom",0,0,3,"United Kingdom"
"15015",410.958333333333,13,2354.97,181.151538461538,5.38775510204082,1584,3,"United Kingdom",1,0,1,"United Kingdom"
"15016",82.0305555555556,5,620.89,124.178,2.31428571428571,243,0,"United Kingdom",1,0,3,"United Kingdom"
"15018",162.120833333333,2,291.34,145.67,5.52941176470588,94,0,"United Kingdom",0,0,3,"United Kingdom"
"15019",176.010416666667,1,252.81,252.81,2.27272727272727,150,0,"United Kingdom",1,0,3,"United Kingdom"
"15020",288.972916666667,1,198.47,198.47,4.11111111111111,111,0,"United Kingdom",1,0,1,"United Kingdom"
"15021",66.0402777777778,8,1709.05,213.63125,1.73863636363636,765,0,"United Kingdom",0,0,3,"United Kingdom"
"15022",586.866666666667,1,281.05,281.05,5.94736842105263,113,2,"United Kingdom",0,0,1,"United Kingdom"
"15023",25.9055555555556,17,9886.21,581.541764705882,5.01093560145808,4124,19,"United Kingdom",0,1,3,"United Kingdom"
"15024",22.7340277777778,11,2753.58,250.325454545455,5.82040816326531,1426,4,"United Kingdom",0,1,3,"United Kingdom"
"15025",477.973611111111,1,617.83,617.83,4.43055555555556,319,0,"United Kingdom",0,0,1,"United Kingdom"
"15026",149.934027777778,4,810.67,202.6675,4.37864077669903,451,0,"United Kingdom",0,0,3,"United Kingdom"
"15027",77.9284722222222,9,3096.42,344.046666666667,31.4942528735632,2740,16,"United Kingdom",0,1,3,"United Kingdom"
"15028",278.002083333333,3,521.78,173.926666666667,4.89705882352941,333,2,"United Kingdom",0,0,1,"United Kingdom"
"15029",529.023611111111,1,365.1,365.1,23.4,234,1,"United Kingdom",1,0,1,"United Kingdom"
"15030",177.886111111111,7,1614.39,230.627142857143,34.7931034482759,1009,10,"United Kingdom",0,0,3,"United Kingdom"
"15031",19.8854166666667,12,2711.54,225.961666666667,3.9359756097561,1291,1,"United Kingdom",0,1,3,"United Kingdom"
"15032",165.907638888889,8,11010.05,1376.25625,69.4842105263158,6601,51,"United Kingdom",1,1,3,"United Kingdom"
"15033",18.9652777777778,6,1608.95,268.158333333333,3.27173913043478,903,0,"United Kingdom",0,0,3,"United Kingdom"
"15034",142.074305555556,11,6597.42,599.765454545455,6.71743119266055,3661,12,"United Kingdom",0,1,3,"United Kingdom"
"15036",86.96875,2,212.49,106.245,2.69811320754717,143,1,"United Kingdom",0,0,3,"United Kingdom"
"15037",285.989583333333,2,397.76,198.88,6.62222222222222,298,2,"United Kingdom",1,0,1,"United Kingdom"
"15038",97.0666666666667,7,958.49,136.927142857143,1.35813953488372,292,0,"United Kingdom",0,0,3,"United Kingdom"
"15039",1.06597222222222,84,37759.54,449.518333333333,6.78857596191987,17114,48,"United Kingdom",0,1,2,"United Kingdom"
"15040",451.048611111111,1,7.49,7.49,1,1,0,"United Kingdom",1,0,1,"United Kingdom"
"15041",79.8569444444445,2,289.4,144.7,1.86538461538462,194,0,"United Kingdom",1,0,3,"United Kingdom"
"15042",108.850694444444,2,315.45,157.725,26.4444444444444,238,4,"United Kingdom",1,0,3,"United Kingdom"
"15043",372.903472222222,5,2333.32,466.664,14.9791666666667,719,5,"United Kingdom",0,0,1,"United Kingdom"
"15044",45.9534722222222,31,13542.1,436.841935483871,5.51795580110497,3995,2,"United Kingdom",0,1,2,"United Kingdom"
"15045",61.0534722222222,2,735.66,367.83,9.5,114,0,"United Kingdom",1,0,3,"United Kingdom"
"15046",6.03888888888889,21,6477.05,308.430952380952,10.590395480226,3749,28,"United Kingdom",0,1,2,"United Kingdom"
"15047",179.084027777778,1,343.62,343.62,10.0909090909091,222,1,"United Kingdom",1,0,3,"United Kingdom"
"15048",26.1166666666667,3,321.48,107.16,2.17948717948718,170,0,"United Kingdom",0,0,3,"United Kingdom"
"15049",183.025694444444,1,121.17,121.17,21,63,1,"United Kingdom",1,0,3,"United Kingdom"
"15050",330.938888888889,2,2349.5,1174.75,18.958904109589,1384,20,"United Kingdom",0,0,1,"United Kingdom"
"15051",59.8895833333333,7,2921.29,417.327142857143,13.2209944751381,2393,14,"United Kingdom",0,1,3,"United Kingdom"
"15052",228.873611111111,1,207.73,207.73,2.82142857142857,79,0,"United Kingdom",1,0,3,"United Kingdom"
"15053",65.9888888888889,2,478.6,239.3,12.85,514,4,"United Kingdom",0,0,3,"United Kingdom"
"15055",384.072222222222,3,549.12,183.04,2.77777777777778,225,1,"United Kingdom",1,0,1,"United Kingdom"
"15056",429.869444444444,1,113.65,113.65,11.5,69,0,"United Kingdom",1,0,1,"United Kingdom"
"15057",184.897916666667,5,3255.96,651.192,19.9142857142857,1394,10,"United Kingdom",1,1,3,"United Kingdom"
"15058",34.0881944444444,12,2519.8,209.983333333333,4.81124497991968,1198,1,"United Kingdom",0,0,3,"United Kingdom"
"15059",16.9777777777778,17,3162.08,186.004705882353,2.61682242990654,1400,2,"United Kingdom",0,1,3,"United Kingdom"
"15061",37.0868055555556,116,108429.88,934.740344827586,81.4035308953342,64553,601,"United Kingdom",0,1,4,"United Kingdom"
"15062",127.104861111111,7,2411.8,344.542857142857,11.2244897959184,1650,3,"United Kingdom",0,0,3,"United Kingdom"
"15063",122.975694444444,1,370.8,370.8,11.2,56,0,"United Kingdom",1,0,3,"United Kingdom"
"15064",319.929166666667,4,1254.41,313.6025,10,810,1,"United Kingdom",1,0,1,"United Kingdom"
"15065",74.0458333333333,4,3027.48,756.87,8.3489932885906,1244,1,"United Kingdom",0,1,3,"United Kingdom"
"15067",192.027777777778,3,2966.17,988.723333333333,11.7846153846154,1532,7,"United Kingdom",0,1,3,"United Kingdom"
"15068",165.932638888889,3,861.5,287.166666666667,3.90849673202614,598,1,"United Kingdom",0,0,3,"United Kingdom"
"15069",88.9402777777778,1,1109.53,1109.53,7.42857142857143,520,0,"United Kingdom",1,0,3,"United Kingdom"
"15070",282.060416666667,3,737.05,245.683333333333,10.59375,339,1,"United Kingdom",1,0,1,"United Kingdom"
"15071",3.04652777777778,4,1455.56,363.89,7.7037037037037,416,1,"United Kingdom",1,0,3,"United Kingdom"
"15072",388.877777777778,1,187.52,187.52,12.6153846153846,164,1,"United Kingdom",1,0,1,"United Kingdom"
"15073",95.0347222222222,7,2606.57,372.367142857143,9.04026845637584,1347,1,"United Kingdom",0,0,3,"United Kingdom"
"15074",14.9201388888889,3,1553.13,517.71,14.4305555555556,1039,5,"United Kingdom",1,0,3,"United Kingdom"
"15076",82.1854166666667,3,1447.74,482.58,10.825,866,0,"United Kingdom",1,0,3,"United Kingdom"
"15077",404.067361111111,2,2428.08,1214.04,16.5,528,4,"United Kingdom",1,0,1,"United Kingdom"
"15078",15.0631944444444,43,14246.21,331.307209302326,10.9272445820433,7059,7,"United Kingdom",0,1,2,"United Kingdom"
"15079",122.003472222222,11,3625.4,329.581818181818,10.3475177304965,1459,5,"United Kingdom",1,1,3,"United Kingdom"
"15080",337.040277777778,2,546.25,273.125,9.25806451612903,287,0,"United Kingdom",1,0,1,"United Kingdom"
"15081",117.971527777778,9,1597.82,177.535555555556,7.90588235294118,672,0,"United Kingdom",0,0,3,"United Kingdom"
"15082",578.102083333333,1,93.35,93.35,7.16666666666667,43,0,"United Kingdom",1,0,1,"United Kingdom"
"15083",166.022222222222,1,88.2,88.2,7.6,38,0,"United Kingdom",1,0,3,"United Kingdom"
"15084",289.036111111111,2,965.2,482.6,19.3548387096774,600,5,"United Kingdom",1,0,1,"United Kingdom"
"15085",639.04375,1,347.54,347.54,18.7777777777778,169,0,"United Kingdom",1,0,1,"United Kingdom"
"15086",474.015972222222,2,218.53,109.265,8.63636363636364,95,0,"United Kingdom",1,0,1,"United Kingdom"
"15087",191.094444444444,1,306.94,306.94,31.3333333333333,470,2,"United Kingdom",1,0,3,"United Kingdom"
"15089",3.86666666666667,3,2036.28,678.76,9.82644628099174,1189,1,"United Kingdom",0,0,3,"United Kingdom"
"15090",217.949305555556,1,381.32,381.32,9.04347826086956,208,1,"United Kingdom",1,0,3,"United Kingdom"
"15091",584.041666666667,2,565.9,282.95,8.74074074074074,236,1,"United Kingdom",0,0,1,"United Kingdom"
"15092",124.944444444444,3,776.46,258.82,5.11111111111111,230,0,"United Kingdom",1,0,3,"United Kingdom"
"15093",26.11875,22,13132.46,596.93,33.8717105263158,10297,76,"United Kingdom",0,1,2,"United Kingdom"
"15094",372.829861111111,2,83,41.5,5.6,28,0,"United Kingdom",1,0,1,"United Kingdom"
"15095",13.0340277777778,10,3141.64,314.164,18.008064516129,2233,22,"United Kingdom",1,1,3,"United Kingdom"
"15097",492.928472222222,2,660.27,330.135,6.19512195121951,254,1,"United Kingdom",0,0,1,"United Kingdom"
"15098",91.8868055555556,3,39916.5,13305.5,40.3333333333333,121,2,"United Kingdom",1,1,3,"United Kingdom"
"15100",243.09375,7,2193.9,313.414285714286,16.875,270,5,"United Kingdom",1,0,3,"United Kingdom"
"15101",268.997222222222,5,1262.69,252.538,8.68518518518519,469,1,"United Kingdom",0,0,1,"United Kingdom"
"15102",440.023611111111,2,554.67,277.335,12.5555555555556,339,2,"United Kingdom",1,0,1,"United Kingdom"
"15104",106.014583333333,2,993.54,496.77,9.47761194029851,635,1,"United Kingdom",1,0,3,"United Kingdom"
"15105",44.1118055555556,3,1328.96,442.986666666667,11.7391304347826,810,4,"United Kingdom",0,0,3,"United Kingdom"
"15106",50.825,3,1032.83,344.276666666667,11.4166666666667,822,4,"United Kingdom",0,0,3,"United Kingdom"
"15107",220.919444444444,9,824.35,91.5944444444444,7.85714285714286,330,3,"United Kingdom",1,0,3,"United Kingdom"
"15108",51.1013888888889,4,1300.25,325.0625,8.31666666666667,499,0,"European Community",1,0,3,"Other"
"15109",155.119444444444,3,983.1,327.7,5.375,258,0,"United Kingdom",1,0,3,"United Kingdom"
"15110",36.1423611111111,4,886.3,221.575,5.72972972972973,212,0,"United Kingdom",0,0,3,"United Kingdom"
"15111",282.045138888889,3,1163.39,387.796666666667,6.77611940298507,454,1,"United Kingdom",0,0,1,"United Kingdom"
"15112",520.939583333333,1,209.4,209.4,10.2857142857143,72,1,"United Kingdom",1,0,1,"United Kingdom"
"15114",2.97222222222222,9,2318.53,257.614444444444,14.6298701298701,2253,3,"United Kingdom",0,0,3,"United Kingdom"
"15115",642.0625,1,191.74,191.74,6.28571428571429,88,0,"United Kingdom",0,0,1,"United Kingdom"
"15116",44.1263888888889,2,790.97,395.485,11.0869565217391,255,0,"United Kingdom",0,0,3,"United Kingdom"
"15117",30.0409722222222,5,1609.92,321.984,25.632183908046,2230,5,"United Kingdom",0,0,3,"United Kingdom"
"15118",43.9138888888889,1,244.8,244.8,1440,1440,1,"United Kingdom",1,0,3,"United Kingdom"
"15119",155.154166666667,1,266.4,266.4,6.28571428571429,88,0,"United Kingdom",1,0,3,"United Kingdom"
"15120",43.1263888888889,1,358.82,358.82,14.0952380952381,296,1,"United Kingdom",1,0,3,"United Kingdom"
"15121",198.00625,1,295.15,295.15,6.94444444444444,125,0,"United Kingdom",0,0,3,"United Kingdom"
"15122",23.8347222222222,11,4487.27,407.933636363636,8.95594713656388,2033,3,"United Kingdom",1,1,3,"United Kingdom"
"15123",115.911805555556,4,3526.33,881.5825,14.1384615384615,1838,11,"United Kingdom",0,1,3,"United Kingdom"
"15124",101.155555555556,3,357.38,119.126666666667,12.72,318,2,"United Kingdom",0,0,3,"United Kingdom"
"15125",22.7916666666667,21,16291.87,775.803333333333,34.9742489270386,8149,84,"United Kingdom",0,1,2,"United Kingdom"
"15126",446.013194444444,2,449.49,224.745,10.92,273,0,"United Kingdom",1,0,1,"United Kingdom"
"15127",429.113194444444,1,304.97,304.97,17.75,213,0,"United Kingdom",0,0,1,"United Kingdom"
"15128",36.0965277777778,4,1482.92,370.73,12.2254901960784,1247,7,"United Kingdom",0,0,3,"United Kingdom"
"15129",16.0868055555556,22,6209.51,282.250454545455,19.4365482233503,3829,23,"United Kingdom",0,1,2,"United Kingdom"
"15130",79.1076388888889,1,330.11,330.11,8.95454545454546,197,0,"United Kingdom",1,0,3,"United Kingdom"
"15131",304.029861111111,1,80.28,80.28,12.5714285714286,88,1,"United Kingdom",1,0,1,"United Kingdom"
"15132",15.04375,3,842.23,280.743333333333,13.1875,633,3,"United Kingdom",0,0,3,"United Kingdom"
"15133",37.0875,5,1806.9,361.38,19.5918367346939,960,9,"United Kingdom",1,0,3,"United Kingdom"
"15134",36.8979166666667,6,823.16,137.193333333333,11.6666666666667,560,3,"United Kingdom",0,0,3,"United Kingdom"
"15135",148.731944444444,2,305.68,152.84,4.2,84,0,"United Kingdom",1,0,3,"United Kingdom"
"15136",5.86458333333333,1,582.9,582.9,12.8965517241379,374,0,"United Kingdom",0,0,3,"United Kingdom"
"15137",430.13125,2,823.4,411.7,17.5294117647059,596,4,"United Kingdom",1,0,1,"United Kingdom"
"15138",303.148611111111,1,502.52,502.52,9.67741935483871,300,1,"United Kingdom",1,0,1,"United Kingdom"
"15139",149.049305555556,2,178.96,89.48,16,208,1,"United Kingdom",1,0,3,"United Kingdom"
"15140",25.05,6,2617.55,436.258333333333,19.1460674157303,1704,9,"United Kingdom",0,0,3,"United Kingdom"
"15141",367.053472222222,7,1388.47,198.352857142857,14.9625,1197,6,"United Kingdom",1,0,1,"United Kingdom"
"15142",319.884722222222,5,2121.18,424.236,15.4310344827586,1790,11,"United Kingdom",0,0,1,"United Kingdom"
"15143",135.032638888889,2,563.63,281.815,10.3225806451613,320,0,"United Kingdom",1,0,3,"United Kingdom"
"15144",2.02083333333333,22,9140.71,415.486818181818,16.09765625,4121,26,"United Kingdom",0,1,2,"United Kingdom"
"15145",136.840277777778,2,724.03,362.015,10.6829268292683,438,1,"United Kingdom",0,0,3,"United Kingdom"
"15146",74.0284722222222,2,1327.16,663.58,16.1868131868132,1473,3,"United Kingdom",1,0,3,"United Kingdom"
"15147",149.870138888889,1,623.5,623.5,13.0714285714286,366,1,"United Kingdom",1,0,3,"United Kingdom"
"15149",43.0777777777778,5,1554.61,310.922,5.50724637681159,380,1,"United Kingdom",1,0,3,"United Kingdom"
"15150",18.90625,8,7256.23,907.02875,10.7044967880086,4999,13,"United Kingdom",0,1,3,"United Kingdom"
"15151",332.842361111111,2,2085.61,1042.805,13.9473684210526,795,3,"United Kingdom",1,0,1,"United Kingdom"
"15152",22.9979166666667,7,2901.35,414.478571428571,9.08695652173913,1463,0,"United Kingdom",0,1,3,"United Kingdom"
"15154",387.796527777778,2,1089.44,544.72,2.3921568627451,244,0,"United Kingdom",0,0,1,"United Kingdom"
"15155",292.99375,1,383.97,383.97,8,192,0,"United Kingdom",1,0,1,"United Kingdom"
"15157",63.975,4,2223.41,555.8525,25.7241379310345,2984,28,"United Kingdom",0,0,3,"United Kingdom"
"15158",310.961111111111,1,204.62,204.62,5.25,21,0,"United Kingdom",0,0,1,"United Kingdom"
"15159",22.1333333333333,22,12445.69,565.713181818182,17.0794701986755,7737,56,"United Kingdom",0,1,2,"United Kingdom"
"15160",266.940972222222,4,589.27,147.3175,13.3478260869565,307,1,"United Kingdom",1,0,1,"United Kingdom"
"15161",297.8625,1,119.92,119.92,4.36363636363636,144,0,"United Kingdom",1,0,1,"United Kingdom"
"15162",640.983333333333,1,312.9,312.9,6.16666666666667,74,0,"United Kingdom",1,0,1,"United Kingdom"
"15163",101.894444444444,1,155,155,4.8,48,0,"United Kingdom",0,0,3,"United Kingdom"
"15164",117.983333333333,8,1566.76,195.845,2.29738562091503,703,0,"United Kingdom",0,0,3,"United Kingdom"
"15165",282.949305555556,1,487.75,487.75,5.92592592592593,160,0,"United Kingdom",1,0,1,"United Kingdom"
"15166",377.013194444444,1,167.16,167.16,11.6666666666667,140,0,"United Kingdom",1,0,1,"United Kingdom"
"15167",230.00625,5,1627.62,325.524,2.83881578947368,863,3,"United Kingdom",1,0,3,"United Kingdom"
"15169",291.990277777778,2,569.22,284.61,6.03389830508475,356,1,"United Kingdom",1,0,1,"United Kingdom"
"15170",316.094444444444,1,81.15,81.15,8.25,33,0,"United Kingdom",1,0,1,"United Kingdom"
"15171",240.884722222222,1,1289.5,1289.5,58,290,5,"United Kingdom",1,0,1,"United Kingdom"
"15172",45.05625,3,886.74,295.58,13.7377049180328,838,4,"United Kingdom",0,0,3,"United Kingdom"
"15173",290.103472222222,7,1494.6,213.514285714286,9.76744186046512,840,2,"United Kingdom",1,0,1,"United Kingdom"
"15174",232.155555555556,2,481.46,240.73,11.2352941176471,382,2,"United Kingdom",1,0,3,"United Kingdom"
"15176",577.093055555556,1,988.04,988.04,8.61538461538461,448,0,"United Kingdom",1,0,1,"United Kingdom"
"15177",335.001388888889,1,948.93,948.93,18.6538461538462,485,3,"United Kingdom",1,0,1,"United Kingdom"
"15178",169.901388888889,1,40.5,40.5,10,30,0,"United Kingdom",1,0,3,"United Kingdom"
"15179",143.157638888889,11,6740.09,612.735454545455,17.87265917603,4772,31,"United Kingdom",0,1,3,"United Kingdom"
"15180",276.911805555556,3,816.93,272.31,12.5769230769231,654,4,"United Kingdom",1,0,1,"United Kingdom"
"15181",84.9534722222222,4,945.72,236.43,28.2857142857143,396,3,"United Kingdom",0,0,3,"United Kingdom"
"15182",63.9673611111111,11,2998.952,272.632,9.488,1186,3,"United Kingdom",1,1,3,"United Kingdom"
"15183",457.088194444444,3,639.93,213.31,7.81578947368421,297,0,"United Kingdom",1,0,1,"United Kingdom"
"15184",100.030555555556,3,518.42,172.806666666667,8,336,3,"United Kingdom",0,0,3,"United Kingdom"
"15186",77.9138888888889,4,1221.05,305.2625,15.4186046511628,663,5,"United Kingdom",0,0,3,"United Kingdom"
"15187",1.11458333333333,6,1883.88,313.98,20.5384615384615,801,5,"United Kingdom",0,0,3,"United Kingdom"
"15188",634.972222222222,1,310.43,310.43,10.1304347826087,233,1,"United Kingdom",1,0,1,"United Kingdom"
"15189",0.938888888888889,38,13934.76,366.704210526316,26.1165048543689,5380,54,"United Kingdom",0,1,2,"United Kingdom"
"15190",343.986805555556,1,834.44,834.44,19.75,790,5,"United Kingdom",1,0,1,"United Kingdom"
"15191",372.884027777778,3,588.05,196.016666666667,8.2,287,0,"United Kingdom",1,0,1,"United Kingdom"
"15192",29.0479166666667,5,1666.39,333.278,15.9120879120879,1448,8,"United Kingdom",1,0,3,"United Kingdom"
"15194",36.0909722222222,24,8874.53,369.772083333333,17.2010582010582,6502,42,"United Kingdom",0,1,2,"United Kingdom"
"15196",342.083333333333,2,313.7,156.85,3.0952380952381,130,0,"United Kingdom",1,0,1,"United Kingdom"
"15197",162.041666666667,5,1571.15,314.23,18.8333333333333,791,5,"United Kingdom",0,0,3,"United Kingdom"
"15198",1.92222222222222,5,571.35,114.27,10.5483870967742,327,1,"United Kingdom",1,0,3,"United Kingdom"
"15199",4.10972222222222,9,2821.45,313.494444444444,16.7291666666667,803,6,"United Kingdom",0,1,3,"United Kingdom"
"15200",404.133333333333,1,549.05,549.05,6.5,195,0,"United Kingdom",1,0,1,"United Kingdom"
"15201",35.9479166666667,6,1539.67,256.611666666667,16.433734939759,1364,3,"United Kingdom",0,0,3,"United Kingdom"
"15202",329.989583333333,3,6001.49,2000.49666666667,1,3,0,"United Kingdom",1,1,1,"United Kingdom"
"15203",15.1194444444444,13,3900.7,300.053846153846,12.3137254901961,3768,6,"United Kingdom",0,1,3,"United Kingdom"
"15204",266.959027777778,1,316.58,316.58,28.6666666666667,258,3,"United Kingdom",1,0,1,"United Kingdom"
"15205",36.8631944444444,1,476.3,476.3,8.16666666666667,196,0,"United Kingdom",0,0,3,"United Kingdom"
"15206",9.04791666666667,3,236.7,78.9,15,90,0,"United Kingdom",0,0,3,"United Kingdom"
"15207",325.972916666667,3,683.92,227.973333333333,17.8333333333333,428,2,"United Kingdom",1,0,1,"United Kingdom"
"15208",72.9576388888889,3,423.92,141.306666666667,8.81818181818182,194,0,"United Kingdom",0,0,3,"United Kingdom"
"15209",639.808333333333,1,178.98,178.98,7.23076923076923,94,0,"United Kingdom",1,0,1,"United Kingdom"
"15210",134.860416666667,3,1176.19,392.063333333333,12.5522388059701,841,6,"United Kingdom",1,0,3,"United Kingdom"
"15211",274.8625,1,383.07,383.07,5.08695652173913,117,0,"United Kingdom",0,0,1,"United Kingdom"
"15212",150.961805555556,2,208.28,104.14,8.4,84,0,"United Kingdom",1,0,3,"United Kingdom"
"15213",228.020138888889,2,328.35,164.175,11.3333333333333,272,0,"United Kingdom",1,0,3,"United Kingdom"
"15214",93.1291666666667,2,651.63,325.815,12.0869565217391,556,1,"United Kingdom",0,0,3,"United Kingdom"
"15215",6.01805555555556,5,1987.53,397.506,6.84042553191489,643,0,"United Kingdom",0,0,3,"United Kingdom"
"15216",528.123611111111,1,389.49,389.49,8.59090909090909,189,0,"United Kingdom",0,0,1,"United Kingdom"
"15217",472.957638888889,1,426.24,426.24,6.78571428571429,190,0,"United Kingdom",1,0,1,"United Kingdom"
"15218",26.0305555555556,19,9577.29,504.067894736842,15.1218836565097,5459,32,"United Kingdom",0,1,2,"United Kingdom"
"15219",85.8284722222222,2,685.45,342.725,10.4230769230769,271,0,"United Kingdom",1,0,3,"United Kingdom"
"15220",24.9319444444444,5,1284.05,256.81,12.9204545454545,1137,4,"United Kingdom",0,0,3,"United Kingdom"
"15221",275.9875,4,2062.2,515.55,8.41379310344828,244,0,"United Kingdom",1,0,1,"United Kingdom"
"15222",228.199305555556,11,3550.91,322.81,32.304347826087,4458,31,"United Kingdom",1,1,3,"United Kingdom"
"15223",135.054861111111,5,1417.95,283.59,11.3235294117647,385,0,"United Kingdom",1,0,3,"United Kingdom"
"15224",267.908333333333,5,871.36,174.272,12.6571428571429,443,1,"United Kingdom",1,0,1,"United Kingdom"
"15225",143.915972222222,1,409.4,409.4,9.82608695652174,226,0,"United Kingdom",1,0,3,"United Kingdom"
"15226",220.047916666667,1,154.41,154.41,8.875,71,0,"United Kingdom",1,0,3,"United Kingdom"
"15227",125.110416666667,7,2145.91,306.558571428571,10.0571428571429,1056,3,"United Kingdom",0,0,3,"United Kingdom"
"15228",39.0159722222222,5,4417.59,883.518,13.2575757575758,2625,11,"United Kingdom",0,1,3,"United Kingdom"
"15229",495.958333333333,1,160.5,160.5,12.6666666666667,114,0,"United Kingdom",1,0,1,"United Kingdom"
"15230",148.924305555556,2,429.6,214.8,15.2608695652174,351,0,"United Kingdom",1,0,3,"United Kingdom"
"15231",530.901388888889,1,250.26,250.26,13.5714285714286,190,1,"United Kingdom",1,0,1,"United Kingdom"
"15232",22.8493055555556,2,612.06,306.03,22.1290322580645,686,9,"United Kingdom",1,0,3,"United Kingdom"
"15233",310.968055555556,1,59.4,59.4,12,12,0,"United Kingdom",1,0,1,"United Kingdom"
"15234",186.164583333333,1,197,197,14,196,1,"United Kingdom",1,0,3,"United Kingdom"
"15235",127.129166666667,16,2772.76,173.2975,9.41573033707865,1676,0,"United Kingdom",1,1,3,"United Kingdom"
"15236",208.081944444444,1,321.05,321.05,17.9333333333333,269,0,"United Kingdom",1,0,3,"United Kingdom"
"15237",112.91875,2,1093.65,546.825,10.5,798,0,"United Kingdom",0,0,3,"United Kingdom"
"15238",4.89166666666667,2,772.78,386.39,15.5945945945946,577,2,"United Kingdom",0,0,3,"United Kingdom"
"15240",101.057638888889,10,3798.79,379.879,13.8297872340426,2600,20,"United Kingdom",0,1,3,"United Kingdom"
"15241",36.8395833333333,9,2638.58,293.175555555556,18.5939393939394,3068,16,"United Kingdom",0,1,3,"United Kingdom"
"15242",331.886805555556,1,302.04,302.04,49,196,3,"United Kingdom",1,0,1,"United Kingdom"
"15243",344.806944444444,1,610.6,610.6,9.17948717948718,358,1,"United Kingdom",0,0,1,"United Kingdom"
"15244",157.901388888889,2,578.45,289.225,10.5862068965517,307,0,"United Kingdom",0,0,3,"United Kingdom"
"15245",43.7458333333333,8,4610.84,576.355,20.4121621621622,3021,26,"United Kingdom",1,1,3,"United Kingdom"
"15246",147.920138888889,3,780.4,260.133333333333,7.03921568627451,359,1,"United Kingdom",1,0,3,"United Kingdom"
"15247",31.9986111111111,3,976.06,325.353333333333,30.2352941176471,514,8,"United Kingdom",1,0,3,"United Kingdom"
"15248",320.986805555556,3,1893.93,631.31,10.0471698113208,1065,3,"United Kingdom",1,0,1,"United Kingdom"
"15249",1.04444444444444,16,8216.88,513.555,9.98660714285714,4474,5,"United Kingdom",0,1,3,"United Kingdom"
"15250",550.21875,1,60,60,16,48,0,"United Kingdom",1,0,1,"United Kingdom"
"15251",0.872916666666667,18,19535.37,1085.29833333333,52.6742081447964,11641,128,"United Kingdom",0,1,2,"United Kingdom"
"15252",92.9409722222222,4,1663.18,415.795,11.4431818181818,1007,4,"United Kingdom",0,0,3,"United Kingdom"
"15253",79.0215277777778,4,1310.74,327.685,12.44,933,2,"United Kingdom",0,0,3,"United Kingdom"
"15254",36.9069444444444,3,1088.35,362.783333333333,10.6119402985075,711,2,"United Kingdom",1,0,3,"United Kingdom"
"15255",305.901388888889,8,2815.17,351.89625,12.2340425531915,1725,11,"United Kingdom",0,1,1,"United Kingdom"
"15256",58.04375,2,170.4,85.2,9.2,92,0,"United Kingdom",1,0,3,"United Kingdom"
"15257",192.994444444444,2,685.9,342.95,5.91666666666667,71,0,"United Kingdom",1,0,3,"United Kingdom"
"15258",78.0138888888889,2,623.16,311.58,4.17647058823529,142,0,"United Kingdom",1,0,3,"United Kingdom"
"15259",422.16875,4,1182.38,295.595,11.0701754385965,631,1,"United Kingdom",1,0,1,"United Kingdom"
"15260",9.95486111111111,25,8767.73,350.7092,11.7270341207349,4468,15,"United Kingdom",1,1,2,"United Kingdom"
"15261",44.8958333333333,4,1508,377,8.76086956521739,806,0,"United Kingdom",1,0,3,"United Kingdom"
"15262",233.023611111111,3,418.82,139.606666666667,8.38461538461539,218,0,"United Kingdom",1,0,3,"United Kingdom"
"15263",16.1,1,156.51,156.51,7.41666666666667,89,0,"United Kingdom",1,0,3,"United Kingdom"
"15264",439.972916666667,1,454.66,454.66,5.5625,178,0,"United Kingdom",0,0,1,"United Kingdom"
"15265",60.9194444444444,4,3345.64,836.41,8.13471502590674,1570,0,"United Kingdom",1,1,3,"United Kingdom"
"15266",247.965277777778,5,852.21,170.442,5.24444444444444,236,1,"United Kingdom",1,0,1,"United Kingdom"
"15267",65.0513888888889,2,1407.76,703.88,100.571428571429,704,7,"United Kingdom",0,0,3,"United Kingdom"
"15268",388.095138888889,3,961.9,320.633333333333,19.4545454545455,428,4,"United Kingdom",1,0,1,"United Kingdom"
"15269",289.8875,2,816.56,408.28,10.4848484848485,346,0,"United Kingdom",0,0,1,"United Kingdom"
"15270",27.0916666666667,19,7995.66,420.824210526316,21.641975308642,3506,24,"United Kingdom",0,1,2,"United Kingdom"
"15271",4.12569444444444,19,3627.78,190.935789473684,4.33630289532294,1947,1,"United Kingdom",0,1,3,"United Kingdom"
"15272",359.821527777778,4,1309.01,327.2525,1.59192825112108,355,0,"United Kingdom",0,0,1,"United Kingdom"
"15273",509.054861111111,1,228.96,228.96,216,216,1,"United Kingdom",1,0,1,"United Kingdom"
"15276",303.863194444444,3,491.17,163.723333333333,1.98449612403101,256,0,"United Kingdom",0,0,1,"United Kingdom"
"15277",334.866666666667,1,220.44,220.44,12,168,0,"United Kingdom",0,0,1,"United Kingdom"
"15278",471.115972222222,4,496.16,124.04,15.7931034482759,458,3,"United Kingdom",1,0,1,"United Kingdom"
"15279",264.084722222222,5,1580.54,316.108,8.53191489361702,802,2,"United Kingdom",1,0,1,"United Kingdom"
"15280",81.8166666666667,3,397.52,132.506666666667,8.45,507,3,"United Kingdom",1,0,3,"United Kingdom"
"15281",46.14375,15,8403.2,560.213333333333,10.0389863547758,5150,11,"United Kingdom",0,1,3,"United Kingdom"
"15282",479.849305555556,1,348.59,348.59,14.6296296296296,395,1,"United Kingdom",1,0,1,"United Kingdom"
"15283",299.913888888889,3,148.33,49.4433333333333,3,27,0,"United Kingdom",1,0,1,"United Kingdom"
"15284",409.975694444444,1,24.75,24.75,5,5,0,"United Kingdom",1,0,1,"United Kingdom"
"15285",317.127777777778,1,94.92,94.92,20,120,1,"United Kingdom",1,0,1,"United Kingdom"
"15287",289.097916666667,3,369.34,123.113333333333,36.0625,577,3,"United Kingdom",0,0,1,"United Kingdom"
"15288",65.0986111111111,9,3415.22,379.468888888889,8.90277777777778,1282,2,"United Kingdom",0,1,3,"United Kingdom"
"15289",47.0756944444444,4,1351.29,337.8225,15.9425287356322,1387,6,"United Kingdom",0,0,3,"United Kingdom"
"15290",13.0805555555556,20,5945.65,297.2825,18.4829268292683,3789,29,"United Kingdom",0,1,2,"United Kingdom"
"15291",4.14930555555556,37,12534.48,338.76972972973,18.6798245614035,4259,28,"United Kingdom",0,1,2,"United Kingdom"
"15292",110.909722222222,1,178.39,178.39,2.29166666666667,55,0,"United Kingdom",1,0,3,"United Kingdom"
"15293",575.038888888889,1,247.5,247.5,9.36842105263158,178,0,"United Kingdom",1,0,1,"United Kingdom"
"15294",320.045138888889,1,233.35,233.35,6.46666666666667,97,0,"United Kingdom",1,0,1,"United Kingdom"
"15295",563.990972222222,1,207.04,207.04,2.67307692307692,139,0,"United Kingdom",1,0,1,"United Kingdom"
"15296",18.9375,11,9249.66,840.878181818182,10.292531120332,4961,17,"United Kingdom",0,1,3,"United Kingdom"
"15298",2.1625,18,7620.09,423.338333333333,14.0168067226891,5004,16,"United Kingdom",0,1,3,"United Kingdom"
"15299",73.8256944444445,8,4684.53,585.56625,373.25,2986,7,"United Kingdom",0,1,3,"United Kingdom"
"15301",23.1284722222222,14,5587.12,399.08,11.0661764705882,3010,9,"United Kingdom",0,1,3,"United Kingdom"
"15302",639.985416666667,1,308,308,6.8,102,0,"United Kingdom",1,0,1,"United Kingdom"
"15303",199.952083333333,3,1224.18,408.06,7.44927536231884,514,0,"United Kingdom",1,0,3,"United Kingdom"
"15304",74.1881944444444,7,593.9,84.8428571428571,4.31578947368421,82,0,"United Kingdom",0,0,3,"United Kingdom"
"15305",464.958333333333,1,93.6,93.6,8,40,0,"United Kingdom",1,0,1,"United Kingdom"
"15306",2.00208333333333,8,2967.45,370.93125,20.7164179104478,2776,16,"United Kingdom",0,1,3,"United Kingdom"
"15307",5.05,1,205.3,205.3,3.08333333333333,37,0,"United Kingdom",1,0,3,"United Kingdom"
"15308",183.9875,1,310.47,310.47,9.21052631578947,175,1,"United Kingdom",1,0,3,"United Kingdom"
"15309",520.06875,4,797.96,199.49,8.14814814814815,440,0,"United Kingdom",1,0,1,"United Kingdom"
"15310",388.05,1,1634.64,1634.64,32.8,1476,12,"United Kingdom",1,0,1,"United Kingdom"
"15311",3.925,182,100354.42,551.397912087912,16.8261702710101,61466,531,"United Kingdom",0,1,4,"United Kingdom"
"15312",12.9513888888889,11,2800.14,254.558181818182,10.3051948051948,1587,1,"United Kingdom",0,1,3,"United Kingdom"
"15313",19.8666666666667,1,52,52,25,25,0,"United Kingdom",1,0,3,"United Kingdom"
"15314",108.924305555556,3,820.45,273.483333333333,15,750,2,"United Kingdom",1,0,3,"United Kingdom"
"15315",25.8979166666667,1,233.54,233.54,16.375,262,0,"United Kingdom",0,0,3,"United Kingdom"
"15316",236.052777777778,1,165,165,100,100,1,"United Kingdom",1,0,1,"United Kingdom"
"15317",586.871527777778,1,129.75,129.75,9,45,0,"United Kingdom",1,0,1,"United Kingdom"
"15319",193.001388888889,1,204.5,204.5,10.9375,175,0,"United Kingdom",1,0,3,"United Kingdom"
"15321",201.069444444444,10,5120.89,512.089,11.9722222222222,3017,13,"United Kingdom",0,1,3,"United Kingdom"
"15322",385.986111111111,1,711.18,711.18,13.5365853658537,555,4,"United Kingdom",0,0,1,"United Kingdom"
"15323",472.117361111111,3,434.6,144.866666666667,6.48275862068965,188,0,"United Kingdom",1,0,1,"United Kingdom"
"15324",610.925694444444,1,140.22,140.22,9.25,74,0,"United Kingdom",1,0,1,"United Kingdom"
"15325",13.0381944444444,8,1601.46,200.1825,6.16964285714286,1382,0,"United Kingdom",1,0,3,"United Kingdom"
"15326",243.05,5,1700.52,340.104,10.4728682170543,1351,2,"United Kingdom",1,0,1,"United Kingdom"
"15328",317.15625,1,107.24,107.24,11,88,1,"United Kingdom",1,0,1,"United Kingdom"
"15329",43.8881944444444,10,2663.13,266.313,8.03597122302158,1117,0,"United Kingdom",0,1,3,"United Kingdom"
"15331",409.130555555556,3,767.91,255.97,15.9318181818182,701,6,"United Kingdom",1,0,1,"United Kingdom"
"15332",275.921527777778,6,4892.68,815.446666666667,14.974025974026,2306,11,"Lithuania",1,1,1,"Other"
"15333",117.974305555556,1,1028.56,1028.56,21.5,344,5,"United Kingdom",1,0,3,"United Kingdom"
"15334",66.0611111111111,3,350.82,116.94,2.78571428571429,273,0,"United Kingdom",1,0,3,"United Kingdom"
"15336",311.007638888889,1,240.5,240.5,5.6,84,0,"United Kingdom",1,0,1,"United Kingdom"
"15337",320.889583333333,1,373.02,373.02,9.52380952380952,200,0,"United Kingdom",1,0,1,"United Kingdom"
"15338",586.934027777778,1,277.93,277.93,2.55172413793103,148,0,"United Kingdom",1,0,1,"United Kingdom"
"15339",227.982638888889,6,1504.85,250.808333333333,5.03428571428571,881,6,"United Kingdom",0,0,3,"United Kingdom"
"15340",471.099305555556,1,105.5,105.5,10.8571428571429,76,0,"United Kingdom",1,0,1,"United Kingdom"
"15341",358.839583333333,1,382.2,382.2,28,196,6,"United Kingdom",0,0,1,"United Kingdom"
"15342",39.1048611111111,1,406.09,406.09,11.7916666666667,283,0,"United Kingdom",1,0,3,"United Kingdom"
"15346",242.063888888889,3,596.12,198.706666666667,7.02702702702703,260,0,"United Kingdom",1,0,1,"United Kingdom"
"15347",275.892361111111,4,1162,290.5,15.0555555555556,542,3,"United Kingdom",1,0,1,"United Kingdom"
"15349",67.8638888888889,2,463.91,231.955,4.52112676056338,321,1,"United Kingdom",1,0,3,"United Kingdom"
"15350",282.970138888889,2,547.6,273.8,9.06666666666667,272,0,"United Kingdom",1,0,1,"United Kingdom"
"15351",279.042361111111,4,1770.23,442.5575,5.04794520547945,737,1,"United Kingdom",0,0,1,"United Kingdom"
"15352",458.056944444444,1,111.15,111.15,1.17647058823529,40,0,"United Kingdom",1,0,1,"United Kingdom"
"15353",164.024305555556,7,2794.47,399.21,3.86388888888889,1391,0,"United Kingdom",1,1,3,"United Kingdom"
"15354",512.851388888889,3,284.4,94.8,1,3,0,"United Kingdom",1,0,1,"United Kingdom"
"15356",14.9756944444444,11,2752.71,250.246363636364,2.73253833049404,1604,1,"United Kingdom",0,1,3,"United Kingdom"
"15358",30.0041666666667,35,13718.47,391.956285714286,14.0494505494505,12785,30,"United Kingdom",0,1,2,"United Kingdom"
"15359",572.085416666667,8,181.35,22.66875,9.0625,145,0,"United Kingdom",1,0,1,"United Kingdom"
"15361",271.123611111111,4,689.07,172.2675,37.3,373,2,"United Kingdom",1,0,1,"United Kingdom"
"15362",358.092361111111,2,613.08,306.54,9.2,368,3,"United Kingdom",1,0,1,"United Kingdom"
"15363",282.015277777778,2,678.11,339.055,10.9428571428571,383,0,"United Kingdom",1,0,1,"United Kingdom"
"15364",5.12777777777778,2,913.19,456.595,17,493,1,"United Kingdom",1,0,3,"United Kingdom"
"15365",5.88402777777778,8,3204.09,400.51125,9.60927152317881,1451,0,"United Kingdom",0,1,3,"United Kingdom"
"15366",267.86875,6,1892.11,315.351666666667,18.5,1887,10,"United Kingdom",0,0,1,"United Kingdom"
"15367",155.041666666667,9,4619.92,513.324444444444,10.5903614457831,2637,7,"United Kingdom",0,1,3,"United Kingdom"
"15368",303.873611111111,1,275.8,275.8,44,176,1,"United Kingdom",0,0,1,"United Kingdom"
"15369",401.955555555556,11,6251.26,568.296363636364,55.728813559322,3288,42,"United Kingdom",1,1,1,"United Kingdom"
"15370",50.7597222222222,5,2866.42,573.284,9.98305084745763,1178,0,"United Kingdom",0,1,3,"United Kingdom"
"15371",571.983333333333,1,59.4,59.4,12,12,0,"United Kingdom",1,0,1,"United Kingdom"
"15372",46.8409722222222,8,6017.06,752.1325,112.456140350877,6410,47,"United Kingdom",1,1,3,"United Kingdom"
"15373",25.1652777777778,14,2355.53,168.252142857143,3.69426751592357,580,0,"United Kingdom",0,0,3,"United Kingdom"
"15374",38.11875,2,307.32,153.66,29,290,4,"United Kingdom",1,0,3,"United Kingdom"
"15375",599.883333333333,1,60.96,60.96,14,84,1,"United Kingdom",1,0,1,"United Kingdom"
"15376",26.8826388888889,2,977.22,488.61,5.27722772277228,533,0,"United Kingdom",0,0,3,"United Kingdom"
"15377",292.163194444444,4,1211.75,302.9375,12.047619047619,253,1,"United Kingdom",1,0,1,"United Kingdom"
"15378",372.055555555556,2,246.5,123.25,10.8333333333333,130,0,"United Kingdom",1,0,1,"United Kingdom"
"15379",78.9840277777778,8,4877.84,609.73,11.4068441064639,3000,8,"United Kingdom",1,1,3,"United Kingdom"
"15380",50.8451388888889,8,2141.26,267.6575,24.0606060606061,794,10,"United Kingdom",0,0,3,"United Kingdom"
"15381",123.038194444444,5,1890.57,378.114,33.4166666666667,802,8,"United Kingdom",1,0,3,"United Kingdom"
"15382",94.0368055555556,10,9904.96,990.496,14.7695652173913,6794,25,"United Kingdom",0,1,3,"United Kingdom"
"15384",79.0784722222222,4,2027.79,506.9475,14.9745762711864,1767,4,"United Kingdom",1,0,3,"United Kingdom"
"15385",302.015277777778,2,625.2,312.6,29.6666666666667,267,3,"United Kingdom",0,0,1,"United Kingdom"
"15386",95.9604166666667,1,394.14,394.14,14.3870967741935,446,1,"United Kingdom",1,0,3,"United Kingdom"
"15387",401.864583333333,1,468.65,468.65,16.75,335,0,"United Kingdom",1,0,1,"United Kingdom"
"15388",179.95625,1,140.54,140.54,8.8,88,0,"Canada",1,0,3,"Other"
"15389",81.8555555555556,5,2733.8,546.76,656.666666666667,3940,6,"United Kingdom",1,1,3,"United Kingdom"
"15390",305.896527777778,2,1216.66,608.33,11.6103896103896,894,0,"Canada",1,0,1,"Other"
"15391",493.906944444444,1,289.87,289.87,9.08333333333333,109,1,"United Kingdom",1,0,1,"United Kingdom"
"15392",269.875,4,1715.07,428.7675,16.0632911392405,1269,6,"United Kingdom",0,0,1,"United Kingdom"
"15393",190.827777777778,4,783.58,195.895,8.05,322,0,"United Kingdom",0,0,3,"United Kingdom"
"15394",113.932638888889,9,4539.7,504.411111111111,10.2448979591837,2008,5,"United Kingdom",0,1,3,"United Kingdom"
"15395",235.006944444444,1,107.45,107.45,2.42857142857143,17,0,"United Kingdom",1,0,1,"United Kingdom"
"15396",22.0791666666667,2,796.38,398.19,17.375,278,2,"United Kingdom",1,0,3,"United Kingdom"
"15397",199.142361111111,1,94,94,3.33333333333333,20,0,"United Kingdom",1,0,3,"United Kingdom"
"15400",1.95347222222222,8,1302.3,162.7875,24.5185185185185,662,10,"United Kingdom",1,0,3,"United Kingdom"
"15401",361.963888888889,2,216.95,108.475,6.64285714285714,93,0,"United Kingdom",1,0,1,"United Kingdom"
"15402",58.0229166666667,6,1830.54,305.09,15.5267175572519,2034,9,"United Kingdom",1,0,3,"United Kingdom"
"15403",401.020138888889,2,170.88,85.44,61.5,492,7,"United Kingdom",1,0,1,"United Kingdom"
"15404",285.074305555556,1,257.06,257.06,20.875,334,2,"United Kingdom",1,0,1,"United Kingdom"
"15405",98.9208333333333,2,659.84,329.92,11.6,348,1,"United Kingdom",1,0,3,"United Kingdom"
"15406",210.854166666667,3,717.45,239.15,3.77678571428571,423,0,"United Kingdom",0,0,3,"United Kingdom"
"15407",93.0541666666667,3,740.73,246.91,5.30645161290323,329,1,"United Kingdom",0,0,3,"United Kingdom"
"15408",173.908333333333,1,267.18,267.18,3.11764705882353,106,0,"United Kingdom",1,0,3,"United Kingdom"
"15409",630.885416666667,1,131.25,131.25,6.55555555555556,59,0,"United Kingdom",1,0,1,"United Kingdom"
"15410",8.7375,9,4324.29,480.476666666667,11.9115646258503,1751,8,"United Kingdom",0,1,3,"United Kingdom"
"15411",33.9972222222222,2,382.21,191.105,7.04545454545455,155,0,"United Kingdom",0,0,3,"United Kingdom"
"15412",80.8930555555555,1,190.53,190.53,10.8,108,1,"United Kingdom",1,0,3,"United Kingdom"
"15413",601.053472222222,5,6798.72,1359.744,107.76,2694,23,"United Kingdom",1,1,1,"United Kingdom"
"15414",151.961805555556,1,36.2,36.2,2.4,12,0,"United Kingdom",0,0,3,"United Kingdom"
"15415",222.942361111111,1,559.61,559.61,11.7234042553191,551,3,"United Kingdom",1,0,3,"United Kingdom"
"15416",64.7645833333333,6,3732.83,622.138333333333,10.8449197860963,2028,5,"United Kingdom",0,1,3,"United Kingdom"
"15418",334.966666666667,2,449.42,224.71,3.88235294117647,264,0,"United Kingdom",1,0,1,"United Kingdom"
"15420",343.877777777778,6,743,123.833333333333,15.0714285714286,844,6,"United Kingdom",1,0,1,"United Kingdom"
"15421",124.95,9,3594.34,399.371111111111,5.94078947368421,1806,2,"United Kingdom",0,1,3,"United Kingdom"
"15422",232.85625,7,1619.97,231.424285714286,5.91666666666667,710,2,"United Kingdom",1,0,3,"United Kingdom"
"15423",491.145138888889,2,223.39,111.695,8.08333333333333,97,1,"United Kingdom",0,0,1,"United Kingdom"
"15424",163.991666666667,3,597.78,199.26,26.4545454545455,873,2,"United Kingdom",1,0,3,"United Kingdom"
"15425",309.775694444444,4,1941.12,485.28,7.27972027972028,1041,1,"United Kingdom",1,0,1,"United Kingdom"
"15426",166.864583333333,6,1386.41,231.068333333333,2.42424242424242,640,0,"United Kingdom",0,0,3,"United Kingdom"
"15428",296.961111111111,3,668.97,222.99,6.44736842105263,245,0,"United Kingdom",0,0,1,"United Kingdom"
"15430",377.088888888889,2,954.75,477.375,8.58333333333333,309,0,"United Kingdom",1,0,1,"United Kingdom"
"15431",412.004166666667,1,153.24,153.24,42,84,2,"United Kingdom",1,0,1,"United Kingdom"
"15432",450.927777777778,1,149.57,149.57,4.5,27,0,"United Kingdom",0,0,1,"United Kingdom"
"15433",123.086805555556,2,533.3,266.65,13.0243902439024,534,0,"United Kingdom",1,0,3,"United Kingdom"
"15434",16.8513888888889,9,2112.86,234.762222222222,11.3063063063063,1255,4,"United Kingdom",0,0,3,"United Kingdom"
"15436",143.831944444444,1,484.1,484.1,1.968,246,0,"United Kingdom",0,0,3,"United Kingdom"
"15437",171.985416666667,2,393.45,196.725,3.10526315789474,177,0,"United Kingdom",1,0,3,"United Kingdom"
"15438",40.9381944444444,1,156.58,156.58,2.36,59,0,"United Kingdom",1,0,3,"United Kingdom"
"15439",314.091666666667,4,1269.05,317.2625,10.0350877192982,572,3,"United Kingdom",1,0,1,"United Kingdom"
"15440",45.9326388888889,2,237.66,118.83,3.90625,125,0,"United Kingdom",0,0,3,"United Kingdom"
"15441",305.875,3,1254.21,418.07,10.2982456140351,587,2,"United Kingdom",1,0,1,"United Kingdom"
"15442",158.018055555556,1,594,594,60,120,2,"United Kingdom",1,0,3,"United Kingdom"
"15443",18.9986111111111,9,2585.44,287.271111111111,4.30275229357798,1407,2,"United Kingdom",0,0,3,"United Kingdom"
"15445",173.905555555556,2,284.5,142.25,8.42857142857143,118,0,"United Kingdom",1,0,3,"United Kingdom"
"15446",286.035416666667,3,399.75,133.25,2.36607142857143,265,0,"United Kingdom",1,0,1,"United Kingdom"
"15447",240.058333333333,5,492.88,98.576,7.86206896551724,228,0,"United Kingdom",1,0,3,"United Kingdom"
"15448",222.088888888889,2,788.81,394.405,9.93877551020408,487,1,"United Kingdom",1,0,3,"United Kingdom"
"15449",94.8388888888889,2,647.7,323.85,12.9,516,2,"United Kingdom",0,0,3,"United Kingdom"
"15451",343.965277777778,2,226.86,113.43,1.26666666666667,76,0,"United Kingdom",1,0,1,"United Kingdom"
"15452",173.895138888889,4,1493.63,373.4075,5.11413043478261,941,2,"United Kingdom",0,0,3,"United Kingdom"
"15453",1.90625,4,701.2,175.3,2.44520547945205,357,0,"United Kingdom",0,0,3,"United Kingdom"
"15454",271.936805555556,2,305.99,152.995,3.65,146,0,"United Kingdom",1,0,1,"United Kingdom"
"15455",507.004861111111,1,38.25,38.25,1.5,3,0,"United Kingdom",1,0,1,"United Kingdom"
"15456",192.957638888889,10,2091.52,209.152,12.0132158590308,2727,20,"United Kingdom",1,0,3,"United Kingdom"
"15457",171.888194444444,1,237.07,237.07,2.27586206896552,132,0,"United Kingdom",1,0,3,"United Kingdom"
"15458",311.708333333333,1,208.8,208.8,24,144,0,"United Kingdom",0,0,1,"United Kingdom"
"15459",326.892361111111,2,202.83,101.415,17.2857142857143,121,1,"United Kingdom",1,0,1,"United Kingdom"
"15460",263.8625,1,214.26,214.26,1.91071428571429,107,0,"United Kingdom",1,0,1,"United Kingdom"
"15461",370.013194444444,2,429.7,214.85,115,230,2,"United Kingdom",1,0,1,"United Kingdom"
"15462",3.98541666666667,4,737.05,184.2625,12.0731707317073,495,2,"United Kingdom",1,0,3,"United Kingdom"
"15464",247.870833333333,1,1044.65,1044.65,2.24516129032258,348,0,"United Kingdom",1,0,1,"United Kingdom"
"15465",48.1159722222222,29,10737.91,370.27275862069,9.81545064377682,2287,19,"United Kingdom",0,1,2,"United Kingdom"
"15466",299,3,1225.93,408.643333333333,3.39024390243902,695,0,"United Kingdom",0,0,1,"United Kingdom"
"15467",54.8930555555556,2,402.56,201.28,6.02564102564103,235,0,"United Kingdom",0,0,3,"United Kingdom"
"15468",302.132638888889,1,962.97,962.97,22.2321428571429,1245,4,"United Kingdom",0,0,1,"United Kingdom"
"15469",29.8305555555556,2,640,320,7.48571428571429,262,0,"United Kingdom",0,0,3,"United Kingdom"
"15470",485.135416666667,1,63.42,63.42,58,232,3,"United Kingdom",1,0,1,"United Kingdom"
"15471",289.924305555556,2,837.53,418.765,5.04878048780488,414,3,"United Kingdom",0,0,1,"United Kingdom"
"15472",22.8979166666667,1,371.56,371.56,3.30263157894737,251,0,"United Kingdom",1,0,3,"United Kingdom"
"15473",354.15,1,274.8,274.8,34.6666666666667,104,2,"United Kingdom",0,0,1,"United Kingdom"
"15474",505.066666666667,1,150.35,150.35,2.89473684210526,55,0,"United Kingdom",1,0,1,"United Kingdom"
"15476",289.897916666667,4,2209.98,552.495,14.8607594936709,1174,10,"United Kingdom",1,0,1,"United Kingdom"
"15477",559.092361111111,1,368.4,368.4,108,216,2,"United Kingdom",1,0,1,"United Kingdom"
"15478",484.750694444444,1,583.56,583.56,12.76,319,3,"United Kingdom",0,0,1,"United Kingdom"
"15479",642.904166666667,1,147.4,147.4,4.22222222222222,38,0,"United Kingdom",1,0,1,"United Kingdom"
"15480",25.9291666666667,5,6279,1255.8,8.61395348837209,1852,3,"Malta",1,1,3,"Other"
"15481",310.915277777778,1,1993.34,1993.34,38.1578947368421,1450,22,"Norway",1,0,1,"Other"
"15482",75.0979166666667,11,5465.9,496.9,30.375,2187,26,"United Kingdom",0,1,3,"United Kingdom"
"15483",70.9881944444444,10,817.82,81.782,3.36431226765799,905,6,"United Kingdom",1,0,3,"United Kingdom"
"15484",449.856944444444,2,1061.69,530.845,17.4339622641509,924,7,"United Kingdom",0,0,1,"United Kingdom"
"15485",245.813888888889,6,3514.55,585.758333333333,15.4255319148936,1450,9,"United Kingdom",0,1,3,"United Kingdom"
"15486",436.982638888889,1,102,102,40,40,1,"United Kingdom",1,0,1,"United Kingdom"
"15487",589.029861111111,1,231.32,231.32,10.2857142857143,144,0,"United Kingdom",1,0,1,"United Kingdom"
"15488",2.11041666666667,5,431.92,86.384,22.8181818181818,251,2,"United Kingdom",1,0,3,"United Kingdom"
"15489",120.997222222222,6,1633.59,272.265,10.0689655172414,876,1,"United Kingdom",0,0,3,"United Kingdom"
"15490",339.985416666667,1,210.85,210.85,3.28,82,0,"United Kingdom",1,0,1,"United Kingdom"
"15491",4.87083333333333,6,3100.09,516.681666666667,10.6883116883117,1646,4,"United Kingdom",1,1,3,"United Kingdom"
"15493",59.0631944444444,7,3455.22,493.602857142857,1.97081712062257,1013,0,"United Kingdom",0,1,3,"United Kingdom"
"15494",30.8895833333333,4,3541.9,885.475,8.96096096096096,2984,18,"United Kingdom",0,1,3,"United Kingdom"
"15495",288.961111111111,1,246.5,246.5,9.7,194,0,"United Kingdom",1,0,1,"United Kingdom"
"15496",540.981944444444,1,146.14,146.14,4.45454545454545,98,0,"United Kingdom",1,0,1,"United Kingdom"
"15497",229.117361111111,8,8365.79,1045.72375,24.4913793103448,2841,16,"United Kingdom",0,1,3,"United Kingdom"
"15498",30.1743055555556,36,20782.83,577.300833333333,13.0780669144981,10554,53,"United Kingdom",0,1,2,"United Kingdom"
"15499",633.022916666667,1,158.65,158.65,1.4390243902439,59,0,"United Kingdom",1,0,1,"United Kingdom"
"15501",314.065972222222,2,399.95,199.975,2.97101449275362,205,0,"United Kingdom",1,0,1,"United Kingdom"
"15502",33.0451388888889,7,8574.47,1224.92428571429,17.5916955017301,5084,28,"United Kingdom",0,1,3,"United Kingdom"
"15503",272.078472222222,2,257.3,128.65,1.11111111111111,130,0,"United Kingdom",1,0,1,"United Kingdom"
"15504",430.033333333333,3,349.87,116.623333333333,2.11764705882353,108,0,"United Kingdom",0,0,1,"United Kingdom"
"15505",23.0784722222222,3,2091.14,697.046666666667,24.1,964,9,"United Kingdom",0,0,3,"United Kingdom"
"15506",48.0451388888889,4,1267.02,316.755,5.72560975609756,939,2,"United Kingdom",0,0,3,"United Kingdom"
"15507",81.0631944444444,1,475.86,475.86,3.55555555555556,160,0,"United Kingdom",1,0,3,"United Kingdom"
"15508",98.8798611111111,6,1000.27,166.711666666667,4.78260869565217,440,2,"United Kingdom",1,0,3,"United Kingdom"
"15509",289.918055555556,1,152.41,152.41,2.23076923076923,58,0,"United Kingdom",1,0,1,"United Kingdom"
"15510",240.027777777778,1,250,250,2,2,0,"United Kingdom",1,0,1,"United Kingdom"
"15512",65.1041666666667,4,331.58,82.895,7.34375,235,2,"United Kingdom",1,0,3,"United Kingdom"
"15513",4.12291666666667,33,23030.97,697.908181818182,18.6072874493927,9192,55,"United Kingdom",0,1,2,"United Kingdom"
"15514",135.030555555556,13,4870.28,374.636923076923,12.692,3173,21,"United Kingdom",0,1,3,"United Kingdom"
"15515",296.965972222222,1,171.81,171.81,18.7142857142857,131,2,"United Kingdom",1,0,1,"United Kingdom"
"15517",142.95,1,267.03,267.03,10.8518518518519,293,1,"United Kingdom",1,0,3,"United Kingdom"
"15518",33.9875,14,3872.3,276.592857142857,6.28301886792453,2664,8,"United Kingdom",0,1,3,"United Kingdom"
"15519",292.927083333333,2,344.61,172.305,3.13513513513514,116,0,"United Kingdom",1,0,1,"United Kingdom"
"15521",4.11527777777778,15,6424.82,428.321333333333,10.9261213720317,4141,14,"United Kingdom",0,1,3,"United Kingdom"
"15523",297.890972222222,15,16847.18,1123.14533333333,76.7376237623762,15501,107,"United Kingdom",0,1,1,"United Kingdom"
"15524",516.146527777778,1,151.4,151.4,3,24,0,"United Kingdom",0,0,1,"United Kingdom"
"15525",282.98125,2,430.78,215.39,3.51388888888889,253,0,"United Kingdom",0,0,1,"United Kingdom"
"15527",54.0472222222222,20,4457.15,222.8575,6.94377510040161,1729,4,"United Kingdom",0,1,3,"United Kingdom"
"15528",163.858333333333,1,229.33,229.33,4.73076923076923,123,1,"United Kingdom",1,0,3,"United Kingdom"
"15529",52.05,9,3208.29,356.476666666667,5.60355029585799,2841,6,"United Kingdom",0,1,3,"United Kingdom"
"15530",59.0243055555556,4,1475.06,368.765,8.15625,1044,4,"United Kingdom",0,0,3,"United Kingdom"
"15532",40.9840277777778,9,3388.61,376.512222222222,2.10777385159011,1193,2,"United Kingdom",0,1,3,"United Kingdom"
"15534",635.001388888889,1,162.25,162.25,7.875,63,0,"United Kingdom",1,0,1,"United Kingdom"
"15535",82.8666666666667,6,1044.37,174.061666666667,2.41538461538462,314,0,"United Kingdom",1,0,3,"United Kingdom"
"15536",318.846527777778,1,259.09,259.09,15.125,242,1,"United Kingdom",1,0,1,"United Kingdom"
"15537",72.9861111111111,1,110.92,110.92,1.20833333333333,29,0,"United Kingdom",1,0,3,"United Kingdom"
"15538",447.084027777778,6,3358.4,559.733333333333,72.5714285714286,1016,11,"United Kingdom",1,1,1,"United Kingdom"
"15540",285.069444444444,1,247.38,247.38,15.25,244,1,"United Kingdom",0,0,1,"United Kingdom"
"15541",23.9111111111111,1,85.13,85.13,1.68965517241379,49,0,"United Kingdom",1,0,3,"United Kingdom"
"15542",421.970833333333,3,855.71,285.236666666667,1.84955752212389,418,0,"United Kingdom",1,0,1,"United Kingdom"
"15543",197.891666666667,2,242.26,121.13,2.98214285714286,167,0,"United Kingdom",1,0,3,"United Kingdom"
"15544",29.1527777777778,18,7033.55,390.752777777778,12.3898305084746,5848,11,"United Kingdom",0,1,3,"United Kingdom"
"15545",280.806944444444,1,135.33,135.33,2.41935483870968,75,0,"United Kingdom",0,0,1,"United Kingdom"
"15546",516.040972222222,2,1079.1,539.55,16.5,198,0,"United Kingdom",1,0,1,"United Kingdom"
"15547",19.8513888888889,20,7891.61,394.5805,5.14572864321608,5120,20,"United Kingdom",0,1,2,"United Kingdom"
"15548",505.020833333333,1,158.09,158.09,2.78260869565217,64,0,"United Kingdom",1,0,1,"United Kingdom"
"15549",67.0020833333333,7,2272.58,324.654285714286,5.98666666666667,898,1,"United Kingdom",0,0,3,"United Kingdom"
"15550",15.8972222222222,11,2068.7,188.063636363636,4.91479820627803,1096,2,"United Kingdom",0,0,3,"United Kingdom"
"15551",303.948611111111,6,1243.75,207.291666666667,5.07017543859649,578,0,"United Kingdom",0,0,1,"United Kingdom"
"15552",126.91875,2,252.52,126.26,5.53333333333333,166,1,"United Kingdom",1,0,3,"United Kingdom"
"15554",187.159722222222,1,217.2,217.2,5.28571428571429,74,0,"United Kingdom",1,0,3,"United Kingdom"
"15555",13.0236111111111,30,9258.68,308.622666666667,5.44481605351171,6512,18,"United Kingdom",0,1,2,"United Kingdom"
"15558",548.892361111111,1,202.68,202.68,3.17391304347826,73,0,"United Kingdom",1,0,1,"United Kingdom"
"15559",477.947222222222,1,1109.4,1109.4,8.48387096774194,526,0,"United Kingdom",1,0,1,"United Kingdom"
"15560",307.107638888889,2,153.52,76.76,7.2,72,0,"United Kingdom",1,0,1,"United Kingdom"
"15561",59.0625,7,1583.47,226.21,14.3456790123457,1162,9,"United Kingdom",0,0,3,"United Kingdom"
"15562",261.121527777778,3,671.43,223.81,16.969696969697,560,7,"United Kingdom",1,0,1,"United Kingdom"
"15563",110.045833333333,5,2194.64,438.928,10.9029126213592,2246,10,"United Kingdom",0,0,3,"United Kingdom"
"15564",372.873611111111,2,70.74,35.37,10.5,42,0,"United Kingdom",1,0,1,"United Kingdom"
"15566",302.027083333333,2,227.87,113.935,12.75,153,1,"United Kingdom",1,0,1,"United Kingdom"
"15569",13.1076388888889,10,3583.45,358.345,12.3857142857143,1734,20,"United Kingdom",1,1,3,"United Kingdom"
"15570",51.0145833333333,22,7397.65,336.256818181818,4.83282208588957,3151,10,"United Kingdom",0,1,2,"United Kingdom"
"15571",295.934027777778,10,3241.92,324.192,3.95395948434622,2147,3,"United Kingdom",0,1,1,"United Kingdom"
"15572",19.0875,7,2984.57,426.367142857143,5.96564885496183,1563,2,"United Kingdom",0,1,3,"United Kingdom"
"15573",527.965277777778,3,597.23,199.076666666667,3.64035087719298,415,1,"United Kingdom",0,0,1,"United Kingdom"
"15574",87.0340277777778,6,1101.44,183.573333333333,3.26086956521739,750,5,"United Kingdom",1,0,3,"United Kingdom"
"15575",529,1,30.1,30.1,2,6,0,"United Kingdom",1,0,1,"United Kingdom"
"15577",60.8243055555556,5,396.03,79.206,2.03389830508475,120,0,"United Kingdom",1,0,3,"United Kingdom"
"15578",71.9909722222222,1,127.1,127.1,4,52,0,"United Kingdom",1,0,3,"United Kingdom"
"15579",223.028472222222,4,1118.38,279.595,4.71739130434783,651,3,"United Kingdom",0,0,3,"United Kingdom"
"15580",286.076388888889,8,1375.39,171.92375,4.24444444444444,955,0,"United Kingdom",1,0,1,"United Kingdom"
"15581",30.1333333333333,38,7480.4,196.852631578947,4.42690058479532,3028,9,"United Kingdom",1,1,2,"United Kingdom"
"15582",9.91527777777778,2,541.51,270.755,11.3055555555556,407,0,"United Kingdom",0,0,3,"United Kingdom"
"15583",285.906944444444,1,95.96,95.96,1.43589743589744,56,0,"United Kingdom",1,0,1,"United Kingdom"
"15584",71.8409722222222,3,697.74,232.58,1.6390977443609,218,0,"United Kingdom",0,0,3,"United Kingdom"
"15585",86.175,1,455.3,455.3,10.3225806451613,320,0,"United Kingdom",1,0,3,"United Kingdom"
"15586",502.076388888889,3,1139.1,379.7,35.2105263157895,1338,11,"United Kingdom",1,0,1,"United Kingdom"
"15587",52.0763888888889,5,1065.24,213.048,37.2,372,5,"United Kingdom",0,0,3,"United Kingdom"
"15588",587.021527777778,1,579.6,579.6,24,96,0,"United Kingdom",1,0,1,"United Kingdom"
"15589",165.122222222222,3,478.53,159.51,8.37931034482759,243,0,"United Kingdom",1,0,3,"United Kingdom"
"15590",291.917361111111,5,1496.6,299.32,9.5632183908046,832,1,"United Kingdom",1,0,1,"United Kingdom"
"15591",492.14375,3,217.9,72.6333333333333,8.28571428571429,58,0,"United Kingdom",1,0,1,"United Kingdom"
"15594",3.08263888888889,2,788.22,394.11,10.3111111111111,464,0,"United Kingdom",0,0,3,"United Kingdom"
"15595",397.015972222222,1,357.6,357.6,36,144,2,"United Kingdom",1,0,1,"United Kingdom"
"15596",10.0798611111111,9,2727.72,303.08,7.79354838709677,1208,0,"United Kingdom",1,1,3,"United Kingdom"
"15597",484.986111111111,1,238.8,238.8,7.6,114,0,"United Kingdom",0,0,1,"United Kingdom"
"15598",337.145833333333,1,307.34,307.34,11.0909090909091,244,0,"United Kingdom",0,0,1,"United Kingdom"
"15599",113.989583333333,2,937.15,468.575,12.35,741,2,"United Kingdom",0,0,3,"United Kingdom"
"15600",337.930555555556,4,1199.31,299.8275,9.25352112676056,657,1,"United Kingdom",1,0,1,"United Kingdom"
"15601",32.1416666666667,27,13000.64,481.505185185185,12.5366178428762,9415,27,"United Kingdom",0,1,2,"United Kingdom"
"15602",110.010416666667,12,2383.04,198.586666666667,15.625,1500,11,"United Kingdom",0,0,3,"United Kingdom"
"15603",557.866666666667,1,40,40,16,32,0,"United Kingdom",0,0,1,"United Kingdom"
"15605",161.960416666667,7,1233.9,176.271428571429,6.56338028169014,466,0,"United Kingdom",0,0,3,"United Kingdom"
"15606",28.9097222222222,16,4750.21,296.888125,11.1654135338346,1485,3,"United Kingdom",0,1,3,"United Kingdom"
"15607",246.004166666667,9,1708.97,189.885555555556,13.4862385321101,1470,5,"United Kingdom",1,0,3,"United Kingdom"
"15608",30.1208333333333,2,977.98,488.99,12.3492063492063,778,3,"United Kingdom",0,0,3,"United Kingdom"
"15609",93.9930555555556,1,298.48,298.48,9.25,148,0,"United Kingdom",1,0,3,"United Kingdom"
"15611",13.0902777777778,21,2352.97,112.04619047619,6.66666666666667,500,1,"United Kingdom",0,0,3,"United Kingdom"
"15613",519.999305555556,1,433.72,433.72,25.9259259259259,700,3,"United Kingdom",1,0,1,"United Kingdom"
"15614",347.086111111111,4,3147.36,786.84,20.1481481481481,1632,16,"United Kingdom",1,1,1,"United Kingdom"
"15615",15.00625,43,18342.08,426.56,13.3065134099617,10419,36,"United Kingdom",0,1,2,"United Kingdom"
"15616",347.986111111111,1,317.11,317.11,10.5384615384615,137,0,"United Kingdom",1,0,1,"United Kingdom"
"15617",305.863194444444,3,828.55,276.183333333333,11.547619047619,485,5,"United Kingdom",1,0,1,"United Kingdom"
"15618",1.99513888888889,3,419.041,139.680333333333,8.95833333333333,215,0,"United Kingdom",0,0,3,"United Kingdom"
"15620",130.061111111111,3,1264.19,421.396666666667,10.4943820224719,934,3,"United Kingdom",0,0,3,"United Kingdom"
"15622",106.945138888889,13,6745.05,518.85,9.60949868073879,3642,5,"United Kingdom",0,1,3,"United Kingdom"
"15623",50.8083333333333,8,2437.05,304.63125,10.0648148148148,1087,5,"United Kingdom",1,0,3,"United Kingdom"
"15624",26.05,4,588.13,147.0325,10.5,357,2,"United Kingdom",1,0,3,"United Kingdom"
"15625",13.1034722222222,9,3236.4,359.6,17.6608187134503,3020,18,"United Kingdom",1,1,3,"United Kingdom"
"15626",239.111111111111,2,673.6,336.8,13.4117647058824,684,3,"United Kingdom",0,0,1,"United Kingdom"
"15627",366.941666666667,2,566.9,283.45,14.3333333333333,344,1,"United Kingdom",1,0,1,"United Kingdom"
"15628",7.99861111111111,13,4088.24,314.48,11.5316455696203,2733,5,"United Kingdom",0,1,3,"United Kingdom"
"15629",359.961111111111,4,2240.9,560.225,19.7142857142857,1518,16,"United Kingdom",1,0,1,"United Kingdom"
"15630",114.106944444444,2,691.91,345.955,11.390243902439,467,1,"United Kingdom",0,0,3,"United Kingdom"
"15631",551.915277777778,1,596.67,596.67,13.4615384615385,525,3,"United Kingdom",1,0,1,"United Kingdom"
"15632",31.0784722222222,6,2351.84,391.973333333333,11.4385964912281,1304,2,"United Kingdom",0,0,3,"United Kingdom"
"15633",418.955555555556,13,4335.96,333.535384615385,11.6363636363636,2048,7,"United Kingdom",1,1,1,"United Kingdom"
"15634",292.888888888889,1,311.1,311.1,6.73684210526316,128,0,"United Kingdom",0,0,1,"United Kingdom"
"15635",305.161111111111,1,100.35,100.35,2.5,5,0,"United Kingdom",1,0,1,"United Kingdom"
"15636",191.916666666667,3,1026.52,342.173333333333,8.95,358,0,"United Kingdom",0,0,3,"United Kingdom"
"15637",323.184722222222,4,574.23,143.5575,20.1153846153846,523,1,"United Kingdom",0,0,1,"United Kingdom"
"15638",288.040277777778,6,2265.2,377.533333333333,45.36,1134,13,"United Kingdom",1,0,1,"United Kingdom"
"15639",43.9305555555556,3,1065.08,355.026666666667,12.304347826087,849,0,"United Kingdom",1,0,3,"United Kingdom"
"15640",31.0868055555556,25,19914.94,796.5976,17.3527454242928,10429,72,"United Kingdom",0,1,2,"United Kingdom"
"15641",14.9486111111111,12,5345.55,445.4625,14.2186495176849,4422,26,"United Kingdom",1,1,3,"United Kingdom"
"15642",639.040972222222,1,105.78,105.78,45,270,6,"United Kingdom",1,0,1,"United Kingdom"
"15643",101.216666666667,3,664,221.333333333333,7.45454545454545,246,0,"United Kingdom",1,0,3,"United Kingdom"
"15644",75.9138888888889,4,803.54,200.885,2.37068965517241,550,0,"United Kingdom",1,0,3,"United Kingdom"
"15645",323.759722222222,2,443.16,221.58,8.75,140,1,"United Kingdom",0,0,1,"United Kingdom"
"15646",67.1229166666667,5,784.81,156.962,12.0735294117647,821,3,"United Kingdom",1,0,3,"United Kingdom"
"15647",324.903472222222,1,169,169,11.2727272727273,124,0,"United Kingdom",1,0,1,"United Kingdom"
"15648",113.872916666667,2,639.5,319.75,9.08333333333333,218,1,"United Kingdom",1,0,3,"United Kingdom"
"15649",245.969444444444,4,1660.35,415.0875,33.1818181818182,365,3,"United Kingdom",1,0,1,"United Kingdom"
"15650",431.089583333333,2,553.88,276.94,5.83333333333333,210,0,"United Kingdom",1,0,1,"United Kingdom"
"15651",170.1625,3,840.08,280.026666666667,14.3181818181818,630,2,"United Kingdom",0,0,3,"United Kingdom"
"15652",0.936111111111111,5,1405.94,281.188,6.44117647058824,657,3,"United Kingdom",1,0,3,"United Kingdom"
"15653",2.08402777777778,2,877.44,438.72,200,1200,2,"United Kingdom",1,0,3,"United Kingdom"
"15655",152.892361111111,1,560.67,560.67,9.52941176470588,324,0,"United Kingdom",1,0,3,"United Kingdom"
"15656",87.9597222222222,3,563.63,187.876666666667,5.77142857142857,202,0,"United Kingdom",0,0,3,"United Kingdom"
"15658",99.8944444444444,8,2117.27,264.65875,6.14705882352941,627,1,"United Kingdom",1,0,3,"United Kingdom"
"15659",296.082638888889,2,226.04,113.02,5,50,0,"United Kingdom",0,0,1,"United Kingdom"
"15660",45.15,12,1887.17,157.264166666667,11.6017699115044,1311,2,"United Kingdom",0,0,3,"United Kingdom"
"15661",226.954166666667,8,1215.95,151.99375,17.7045454545455,779,7,"United Kingdom",1,0,3,"United Kingdom"
"15662",570.835416666667,2,283.73,141.865,12.0833333333333,145,0,"United Kingdom",1,0,1,"United Kingdom"
"15663",15.875,1,138.14,138.14,11.7777777777778,106,1,"United Kingdom",1,0,3,"United Kingdom"
"15664",358.778472222222,3,867.6,289.2,7.0377358490566,373,0,"United Kingdom",0,0,1,"United Kingdom"
"15665",77.9118055555556,5,3987.07,797.414,9.70979020979021,2777,11,"United Kingdom",1,1,3,"United Kingdom"
"15666",381.858333333333,2,632.94,316.47,7,469,1,"United Kingdom",1,0,1,"United Kingdom"
"15668",127.090972222222,1,76.32,76.32,72,72,1,"United Kingdom",1,0,3,"United Kingdom"
"15669",13.0631944444444,3,565.54,188.513333333333,8.73333333333333,262,1,"United Kingdom",0,0,3,"United Kingdom"
"15670",206.083333333333,2,325.2,162.6,6.94736842105263,132,0,"United Kingdom",1,0,3,"United Kingdom"
"15671",4.08125,5,1972.89,394.578,18.515625,1185,7,"United Kingdom",0,0,3,"United Kingdom"
"15672",634.831944444444,1,45.3,45.3,3.33333333333333,10,0,"United Kingdom",1,0,1,"United Kingdom"
"15673",66.1076388888889,8,5492.79,686.59875,12.4086956521739,2854,13,"United Kingdom",0,1,3,"United Kingdom"
"15674",123.090972222222,12,5881.29,490.1075,10.0976430976431,2999,11,"United Kingdom",0,1,3,"United Kingdom"
"15675",64.7333333333333,3,443.74,147.913333333333,19.4,582,6,"United Kingdom",0,0,3,"United Kingdom"
"15676",193.104861111111,1,897.8,897.8,9.09836065573771,555,0,"United Kingdom",0,0,3,"United Kingdom"
"15677",330.896527777778,2,648.4,324.2,9.12820512820513,356,0,"United Kingdom",0,0,1,"United Kingdom"
"15678",304.925,2,1473.24,736.62,10.475,838,5,"United Kingdom",0,0,1,"United Kingdom"
"15679",63.9715277777778,2,260.26,130.13,18.0909090909091,398,2,"United Kingdom",0,0,3,"United Kingdom"
"15680",275.921527777778,8,3173.9,396.7375,11.2872340425532,2122,2,"United Kingdom",0,1,1,"United Kingdom"
"15681",92.8444444444444,12,2266.76,188.896666666667,15.3134328358209,1026,2,"United Kingdom",0,0,3,"United Kingdom"
"15682",508.888888888889,2,318.24,159.12,8.88,222,0,"United Kingdom",1,0,1,"United Kingdom"
"15683",26.9958333333333,2,524.54,262.27,12.7692307692308,332,2,"United Kingdom",1,0,3,"United Kingdom"
"15684",456.749305555556,3,173.95,57.9833333333333,7,77,0,"United Kingdom",1,0,1,"United Kingdom"
"15685",359.963194444444,1,55.98,55.98,2.11764705882353,36,0,"United Kingdom",1,0,1,"United Kingdom"
"15686",329.958333333333,1,90,90,72,72,1,"United Kingdom",1,0,1,"United Kingdom"
"15687",96.1506944444444,5,1679.45,335.89,6.77319587628866,657,0,"United Kingdom",0,0,3,"United Kingdom"
"15688",328.030555555556,1,190.57,190.57,3.51851851851852,95,0,"United Kingdom",1,0,1,"United Kingdom"
"15689",29.1340277777778,3,521.03,173.676666666667,8.625,207,0,"United Kingdom",1,0,3,"United Kingdom"
"15690",10.0486111111111,1,111,111,25.5,204,2,"United Kingdom",0,0,3,"United Kingdom"
"15691",161.900694444444,4,571.3,142.825,15.1428571428571,212,2,"United Kingdom",1,0,3,"United Kingdom"
"15693",568.925694444444,1,37.5,37.5,30,30,1,"United Kingdom",1,0,1,"United Kingdom"
"15694",85.8638888888889,19,6804.86,358.150526315789,14.5619047619048,1529,11,"United Kingdom",0,1,3,"United Kingdom"
"15695",176.179166666667,4,1131.04,282.76,8.20338983050847,484,1,"United Kingdom",1,0,3,"United Kingdom"
"15696",130.052777777778,11,2800.06,254.550909090909,6.97435897435897,1088,0,"United Kingdom",0,1,3,"United Kingdom"
"15697",599.152777777778,1,246.75,246.75,9.07142857142857,127,0,"United Kingdom",1,0,1,"United Kingdom"
"15698",533.8,1,46.2,46.2,30,60,1,"United Kingdom",1,0,1,"United Kingdom"
"15700",81.83125,2,696.68,348.34,4.15116279069767,357,1,"United Kingdom",1,0,3,"United Kingdom"
"15701",20.0097222222222,1,853.9,853.9,3.80645161290323,472,2,"United Kingdom",0,0,3,"United Kingdom"
"15702",385.916666666667,2,140.39,70.195,3.43333333333333,103,0,"Nigeria",1,0,1,"Other"
"15703",174.082638888889,1,211.5,211.5,13.2,66,0,"United Kingdom",1,0,3,"United Kingdom"
"15704",49.96875,6,3734.66,622.443333333333,8.37745098039216,1709,3,"United Kingdom",1,1,3,"United Kingdom"
"15705",110.884027777778,1,143.1,143.1,10.3333333333333,62,1,"United Kingdom",1,0,3,"United Kingdom"
"15706",25.9291666666667,1,450.05,450.05,5.51724137931035,160,0,"United Kingdom",0,0,3,"United Kingdom"
"15708",48.0208333333333,8,3241.24,405.155,4.34035087719298,1237,3,"United Kingdom",0,1,3,"United Kingdom"
"15709",193.091666666667,2,327.85,163.925,6.25925925925926,169,2,"United Kingdom",1,0,3,"United Kingdom"
"15710",326.822916666667,1,898.87,898.87,5.82727272727273,641,3,"United Kingdom",1,0,1,"United Kingdom"
"15711",466.025,2,420.25,210.125,7.96,199,0,"United Kingdom",1,0,1,"United Kingdom"
"15712",19.0458333333333,10,3166.36,316.636,7.54545454545455,1162,1,"United Kingdom",0,1,3,"United Kingdom"
"15713",52.9694444444444,4,839.64,209.91,8.67307692307692,451,0,"United Kingdom",1,0,3,"United Kingdom"
"15714",362.936111111111,3,453.93,151.31,12.5,175,2,"United Kingdom",0,0,1,"United Kingdom"
"15715",465.120833333333,5,658.02,131.604,6.47368421052632,246,0,"United Kingdom",1,0,1,"United Kingdom"
"15716",55.0354166666667,11,2485.26,225.932727272727,4.82167832167832,1379,4,"United Kingdom",1,0,3,"United Kingdom"
"15717",143.978472222222,5,607,121.4,9.33333333333333,224,0,"United Kingdom",1,0,3,"United Kingdom"
"15718",449.854166666667,1,293.79,293.79,5.27777777777778,95,0,"United Kingdom",1,0,1,"United Kingdom"
"15719",9.00625,29,9227.87,318.202413793103,2.97894736842105,4811,2,"United Kingdom",0,1,2,"United Kingdom"
"15720",459.881944444444,1,140.49,140.49,1.84,46,0,"United Kingdom",0,0,1,"United Kingdom"
"15722",18.0555555555556,9,4436.24,492.915555555556,11.7579617834395,1846,21,"United Kingdom",0,1,3,"United Kingdom"
"15723",274.068055555556,4,930.7,232.675,3.47154471544715,427,2,"United Kingdom",1,0,1,"United Kingdom"
"15724",110.923611111111,3,310.85,103.616666666667,6.88235294117647,117,0,"United Kingdom",1,0,3,"United Kingdom"
"15726",299.859722222222,1,321.91,321.91,5.34782608695652,123,0,"United Kingdom",1,0,1,"United Kingdom"
"15727",16.9138888888889,14,8802.04,628.717142857143,8.46749226006192,5470,24,"United Kingdom",0,1,3,"United Kingdom"
"15728",289.090972222222,2,544.6,272.3,11,132,0,"United Kingdom",1,0,1,"United Kingdom"
"15729",122.009722222222,3,192.55,64.1833333333333,4.27272727272727,47,0,"United Kingdom",1,0,3,"United Kingdom"
"15730",1.93194444444444,4,1382.92,345.73,9.78409090909091,861,1,"United Kingdom",0,0,3,"United Kingdom"
"15731",463.111111111111,1,125.3,125.3,15.25,122,0,"United Kingdom",1,0,1,"United Kingdom"
"15732",121.934722222222,10,1543.97,154.397,12.7676767676768,1264,6,"United Kingdom",1,0,3,"United Kingdom"
"15733",192.15625,1,162.3,162.3,6.2,62,0,"United Kingdom",1,0,3,"United Kingdom"
"15734",24.0833333333333,4,2263.3,565.825,12,516,4,"United Kingdom",1,0,3,"United Kingdom"
"15735",330.966666666667,1,327.68,327.68,10.8421052631579,206,0,"United Kingdom",1,0,1,"United Kingdom"
"15736",344.9375,2,1767.12,883.56,12.08,1208,6,"United Kingdom",1,0,1,"United Kingdom"
"15737",57.0118055555556,5,880.93,176.186,8.35849056603774,443,2,"United Kingdom",0,0,3,"United Kingdom"
"15738",6.03194444444444,38,12084.35,318.009210526316,18.9729119638826,8405,76,"United Kingdom",0,1,2,"United Kingdom"
"15741",367.853472222222,2,208.62,104.31,5.83333333333333,70,0,"United Kingdom",1,0,1,"United Kingdom"
"15742",528.892361111111,1,156.87,156.87,1.24390243902439,51,0,"United Kingdom",1,0,1,"United Kingdom"
"15743",23.0048611111111,2,434.05,217.025,3.5,119,0,"United Kingdom",0,0,3,"United Kingdom"
"15745",145.990277777778,1,302.85,302.85,7.05555555555556,127,0,"United Kingdom",0,0,3,"United Kingdom"
"15746",43.8951388888889,1,196.88,196.88,6.35714285714286,178,1,"United Kingdom",1,0,3,"United Kingdom"
"15747",29.9486111111111,8,2078.54,259.8175,6.85798816568047,1159,5,"United Kingdom",0,0,3,"United Kingdom"
"15748",358.829861111111,2,465.45,232.725,13.1875,211,1,"United Kingdom",0,0,1,"United Kingdom"
"15749",144.979166666667,3,44534.3,14844.7666666667,1802.8,18028,10,"United Kingdom",1,1,2,"United Kingdom"
"15750",80.0236111111111,14,5098.121,364.1515,7.57142857142857,3551,7,"United Kingdom",0,1,3,"United Kingdom"
"15751",370.004166666667,11,1380.44,125.494545454545,3.40769230769231,443,1,"United Kingdom",1,0,1,"United Kingdom"
"15752",2.87361111111111,8,3391.68,423.96,4.78653846153846,2489,5,"United Kingdom",0,1,3,"United Kingdom"
"15753",214.00625,1,79.2,79.2,144,144,1,"United Kingdom",1,0,3,"United Kingdom"
"15754",156.018055555556,7,2670.84,381.548571428571,14.6697247706422,1599,11,"United Kingdom",0,1,3,"United Kingdom"
"15755",17.8958333333333,14,4773.7,340.978571428571,10.9155405405405,3231,10,"United Kingdom",0,1,3,"United Kingdom"
"15756",62.0631944444444,3,359.89,119.963333333333,1.22962962962963,166,0,"United Kingdom",0,0,3,"United Kingdom"
"15757",127.048611111111,5,2487.3,497.46,8.73780487804878,1433,0,"United Kingdom",0,0,3,"United Kingdom"
"15759",127.900694444444,7,830.93,118.704285714286,30.7647058823529,523,2,"United Kingdom",1,0,3,"United Kingdom"
"15760",540.045138888889,2,13916.34,6958.17,1,2,0,"Norway",1,1,1,"Other"
"15761",352.136805555556,1,143.05,143.05,6.2,31,0,"United Kingdom",1,0,1,"United Kingdom"
"15764",16.9034722222222,7,4499.73,642.818571428572,11.914979757085,2943,9,"United Kingdom",0,1,3,"United Kingdom"
"15765",576.100694444444,1,370.63,370.63,13.4,335,0,"United Kingdom",1,0,1,"United Kingdom"
"15766",365.957638888889,2,516,258,10.9333333333333,164,0,"United Kingdom",0,0,1,"United Kingdom"
"15768",25.0847222222222,34,15308.89,450.261470588235,3.48923841059603,4215,3,"United Kingdom",1,1,2,"United Kingdom"
"15769",11.0506944444444,39,74223.52,1903.16717948718,232.04469273743,41536,176,"United Kingdom",0,1,2,"United Kingdom"
"15770",522.04375,1,321.45,321.45,3.72222222222222,67,0,"United Kingdom",1,0,1,"United Kingdom"
"15771",513.954166666667,3,1006.54,335.513333333333,18.2857142857143,512,3,"United Kingdom",1,0,1,"United Kingdom"
"15772",327.970138888889,1,280.88,280.88,6.875,110,0,"United Kingdom",1,0,1,"United Kingdom"
"15773",318.890972222222,1,138.84,138.84,2.67567567567568,99,0,"United Kingdom",0,0,1,"United Kingdom"
"15774",327.99375,5,1017.54,203.508,4.44705882352941,378,1,"United Kingdom",0,0,1,"United Kingdom"
"15775",154.995833333333,2,150.5,75.25,28.8888888888889,260,2,"United Kingdom",1,0,3,"United Kingdom"
"15776",42.9611111111111,1,241.62,241.62,7.66666666666667,138,1,"United Kingdom",1,0,3,"United Kingdom"
"15777",150.838194444444,7,1762.61,251.801428571429,15.3589743589744,599,6,"United Kingdom",1,0,3,"United Kingdom"
"15778",340.902777777778,1,307.95,307.95,5.94117647058824,101,0,"United Kingdom",1,0,1,"United Kingdom"
"15779",372.840277777778,2,124.08,62.04,2.5,20,0,"United Kingdom",1,0,1,"United Kingdom"
"15780",93.0340277777778,3,475.28,158.426666666667,7.58620689655172,220,0,"United Kingdom",1,0,3,"United Kingdom"
"15781",47.0173611111111,2,211.3,105.65,6,66,0,"United Kingdom",0,0,3,"United Kingdom"
"15782",339.879861111111,1,1399.36,1399.36,54.4444444444444,980,9,"United Kingdom",0,0,1,"United Kingdom"
"15784",377.091666666667,2,848.33,424.165,8.86046511627907,381,0,"United Kingdom",1,0,1,"United Kingdom"
"15785",67.1125,15,5306.79,353.786,19.6852791878173,3878,22,"United Kingdom",0,1,3,"United Kingdom"
"15786",23.9701388888889,3,6730.26,2243.42,13.4697802197802,4903,14,"United Kingdom",0,1,3,"United Kingdom"
"15788",418.001388888889,1,221.83,221.83,8.21428571428571,115,0,"United Kingdom",1,0,1,"United Kingdom"
"15789",267.927083333333,6,1962.01,327.001666666667,18.1086956521739,2499,24,"United Kingdom",1,0,1,"United Kingdom"
"15791",113.899305555556,4,3218.89,804.7225,12.3082191780822,1797,8,"United Kingdom",0,1,3,"United Kingdom"
"15792",309.186805555556,2,933.84,466.92,10.6315789473684,606,1,"United Kingdom",1,0,1,"United Kingdom"
"15793",178.086805555556,6,1740.6,290.1,63.0476190476191,1324,15,"United Kingdom",0,0,3,"United Kingdom"
"15794",645.990277777778,2,777,388.5,19.2,288,3,"United Kingdom",1,0,1,"United Kingdom"
"15795",59.0881944444444,8,1979.87,247.48375,10.7709923664122,1411,2,"United Kingdom",1,0,3,"United Kingdom"
"15796",18.9270833333333,14,4035.79,288.270714285714,5.71836734693878,1401,0,"United Kingdom",0,1,3,"United Kingdom"
"15797",22.8236111111111,6,2821.08,470.18,106.75,1281,11,"United Kingdom",1,1,3,"United Kingdom"
"15798",402.150694444444,3,1535.37,511.79,11.0240963855422,915,0,"United Kingdom",1,0,1,"United Kingdom"
"15799",94.8902777777778,3,1018.44,339.48,9.94623655913978,925,5,"United Kingdom",0,0,3,"United Kingdom"
"15800",16.9354166666667,7,1227.07,175.295714285714,2.47844827586207,575,1,"United Kingdom",1,0,3,"United Kingdom"
"15801",19.1229166666667,1,137.22,137.22,7.77777777777778,70,0,"United Kingdom",0,0,3,"United Kingdom"
"15802",52.05,1,451.42,451.42,1,1,0,"United Kingdom",1,0,3,"United Kingdom"
"15803",354.9875,3,1513.84,504.613333333333,17.2093023255814,740,5,"United Kingdom",0,0,1,"United Kingdom"
"15804",3.9,5,2554.84,510.968,9.56410256410256,1492,3,"United Kingdom",0,0,3,"United Kingdom"
"15805",15.9166666666667,24,8209.25,342.052083333333,11.9976525821596,5111,18,"United Kingdom",0,1,2,"United Kingdom"
"15806",67.0243055555556,2,521.88,260.94,17.9565217391304,413,2,"United Kingdom",0,0,3,"United Kingdom"
"15807",317.990277777778,2,913.62,456.81,27.55,1102,3,"United Kingdom",0,0,1,"United Kingdom"
"15808",215.928472222222,21,17180.25,818.107142857143,8.74740932642487,6753,26,"United Kingdom",1,1,2,"United Kingdom"
"15809",93.8881944444445,6,1157.88,192.98,13,650,2,"United Kingdom",0,0,3,"United Kingdom"
"15810",79.9506944444445,7,2968.25,424.035714285714,10.0487804878049,1648,2,"United Kingdom",0,1,3,"United Kingdom"
"15811",15.1340277777778,6,3041.33,506.888333333333,6,1470,2,"United Kingdom",0,1,3,"United Kingdom"
"15812",16.9381944444444,12,5201.47,433.455833333333,27.6,3450,26,"United Kingdom",1,1,3,"United Kingdom"
"15813",117.192361111111,2,1303.91,651.955,15.075,603,3,"United Kingdom",1,0,3,"United Kingdom"
"15814",302.788194444444,2,689.11,344.555,17.5769230769231,457,4,"United Kingdom",0,0,1,"United Kingdom"
"15815",50.0208333333333,4,1874.7,468.675,37.85,1514,19,"United Kingdom",0,0,3,"United Kingdom"
"15816",451.968055555556,2,144.15,72.075,4.90909090909091,54,0,"United Kingdom",1,0,1,"United Kingdom"
"15817",330.071527777778,3,2766.4,922.133333333333,10.5,1596,3,"United Kingdom",1,1,1,"United Kingdom"
"15818",497.994444444444,1,340.5,340.5,25.8181818181818,284,2,"United Kingdom",1,0,1,"United Kingdom"
"15819",40.8944444444444,9,3614.81,401.645555555556,11.3865546218487,2710,9,"United Kingdom",0,1,3,"United Kingdom"
"15820",229.034722222222,1,206.98,206.98,7.52941176470588,128,1,"United Kingdom",1,0,3,"United Kingdom"
"15822",268.966666666667,5,1394.79,278.958,15.3125,735,5,"United Kingdom",0,0,1,"United Kingdom"
"15823",281.904166666667,3,3882.17,1294.05666666667,11.4451612903226,1774,6,"United Kingdom",1,1,1,"United Kingdom"
"15824",362.979166666667,2,890.94,445.47,18.3846153846154,478,4,"United Kingdom",1,0,1,"United Kingdom"
"15825",81.9743055555556,1,532.94,532.94,11,220,1,"United Kingdom",1,0,3,"United Kingdom"
"15826",120.0875,2,1663.97,831.985,17.0759493670886,1349,11,"United Kingdom",0,0,3,"United Kingdom"
"15827",23.90625,27,3365.21,124.637407407407,7.87064676616915,1582,0,"United Kingdom",0,1,2,"United Kingdom"
"15828",284.839583333333,1,1108.82,1108.82,4.95945945945946,367,0,"United Kingdom",1,0,1,"United Kingdom"
"15829",8.83680555555556,2,636.14,318.07,19.5294117647059,996,9,"United Kingdom",1,0,3,"United Kingdom"
"15831",33.9555555555556,2,451.11,225.555,29.8695652173913,687,7,"United Kingdom",0,0,3,"United Kingdom"
"15832",163.889583333333,1,836.79,836.79,8.61111111111111,465,0,"United Kingdom",1,0,3,"United Kingdom"
"15833",647.035416666667,1,80.4,80.4,4.8,24,0,"United Kingdom",1,0,1,"United Kingdom"
"15834",75.1069444444445,6,3322.46,553.743333333333,5.15488215488215,1531,1,"United Kingdom",0,1,3,"United Kingdom"
"15835",47,3,675.51,225.17,9.51428571428571,333,0,"United Kingdom",0,0,3,"United Kingdom"
"15837",395.106944444444,1,385.03,385.03,7.71428571428571,216,0,"United Kingdom",0,0,1,"United Kingdom"
"15838",18.0222222222222,27,53715.92,1989.47851851852,378.478873239437,53744,135,"United Kingdom",0,1,2,"United Kingdom"
"15839",57.84375,1,299.18,299.18,11.7,234,1,"United Kingdom",0,0,3,"United Kingdom"
"15840",82.0472222222222,1,241.74,241.74,15.0588235294118,256,2,"United Kingdom",0,0,3,"United Kingdom"
"15841",127.925694444444,7,2131.61,304.515714285714,26.304347826087,1815,19,"United Kingdom",0,0,3,"United Kingdom"
"15842",302.945833333333,2,548.8,274.4,11.84,296,1,"United Kingdom",1,0,1,"United Kingdom"
"15843",213.104861111111,1,118.95,118.95,3.375,27,0,"United Kingdom",1,0,3,"United Kingdom"
"15845",54.1145833333333,8,3241.27,405.15875,12.2480620155039,1580,5,"United Kingdom",0,1,3,"United Kingdom"
"15846",294.923611111111,1,107.01,107.01,2.72413793103448,79,0,"United Kingdom",1,0,1,"United Kingdom"
"15847",197.836111111111,4,613.98,153.495,15.4857142857143,542,1,"United Kingdom",0,0,3,"United Kingdom"
"15848",531.080555555556,1,137.99,137.99,1.32352941176471,45,0,"United Kingdom",1,0,1,"United Kingdom"
"15850",77.9402777777778,5,888.03,177.606,4.86641221374046,1275,12,"United Kingdom",0,0,3,"United Kingdom"
"15851",436.011111111111,1,109.73,109.73,8.375,67,0,"United Kingdom",1,0,1,"United Kingdom"
"15852",96.0611111111111,3,257.26,85.7533333333333,1.81818181818182,60,0,"United Kingdom",1,0,3,"United Kingdom"
"15854",49.98125,18,5002.85,277.936111111111,7.01860465116279,1509,11,"United Kingdom",0,1,3,"United Kingdom"
"15855",46.1041666666667,6,1052.72,175.453333333333,7.49473684210526,712,3,"United Kingdom",1,0,3,"United Kingdom"
"15856",4.79583333333333,42,27380.24,651.910476190476,17.3387096774194,16125,126,"United Kingdom",0,1,2,"United Kingdom"
"15857",339.838194444444,1,273.48,273.48,27.6,276,2,"United Kingdom",0,0,1,"United Kingdom"
"15858",198.978472222222,10,2941.06,294.106,6.5243553008596,2277,7,"United Kingdom",0,1,3,"United Kingdom"
"15859",341.998611111111,1,438.46,438.46,7.90909090909091,174,0,"United Kingdom",1,0,1,"United Kingdom"
"15860",8.09444444444444,15,2163.28,144.218666666667,3.7047619047619,1167,7,"United Kingdom",0,0,3,"United Kingdom"
"15861",44.05625,7,2346.04,335.148571428571,4.84222222222222,2179,11,"United Kingdom",0,0,3,"United Kingdom"
"15862",21.8444444444444,12,2339.14,194.928333333333,3.17960088691796,1434,5,"United Kingdom",0,0,3,"United Kingdom"
"15863",102.051388888889,4,295.46,73.865,2.37704918032787,145,1,"United Kingdom",0,0,3,"United Kingdom"
"15864",8.09652777777778,4,1202.3,300.575,56.8,852,7,"United Kingdom",0,0,3,"United Kingdom"
"15865",123.045833333333,3,1660.22,553.406666666667,9.32352941176471,951,2,"United Kingdom",0,0,3,"United Kingdom"
"15866",10.9451388888889,1,211.89,211.89,2.88372093023256,124,0,"United Kingdom",1,0,3,"United Kingdom"
"15867",22.8513888888889,28,8060.57,287.8775,4.88599348534202,4500,16,"United Kingdom",0,1,2,"United Kingdom"
"15868",492.94375,1,94.53,94.53,14.25,57,0,"United Kingdom",1,0,1,"United Kingdom"
"15869",186.810416666667,3,321.11,107.036666666667,8.02941176470588,273,1,"United Kingdom",1,0,3,"United Kingdom"
"15870",306.078472222222,3,506.02,168.673333333333,2.47826086956522,171,0,"United Kingdom",0,0,1,"United Kingdom"
"15871",346.940277777778,1,33.1,33.1,1,5,0,"United Kingdom",1,0,1,"United Kingdom"
"15872",288.03125,2,413,206.5,3.5,280,0,"United Kingdom",0,0,1,"United Kingdom"
"15873",409.00625,4,313.92,78.48,192,1152,6,"United Kingdom",1,0,1,"United Kingdom"
"15874",87.0756944444445,20,9086.63,454.3315,11.7572815533981,3633,26,"United Kingdom",0,1,2,"United Kingdom"
"15875",555.832638888889,1,108.52,108.52,3.21739130434783,74,0,"United Kingdom",1,0,1,"United Kingdom"
"15876",318.744444444444,2,1449.14,724.57,80.5454545454545,886,7,"United Kingdom",1,0,1,"United Kingdom"
"15878",471.022916666667,2,330.77,165.385,4.76470588235294,243,1,"United Kingdom",1,0,1,"United Kingdom"
"15879",313.853472222222,4,1137.8,284.45,3.56983240223464,639,2,"United Kingdom",1,0,1,"United Kingdom"
"15880",278.993055555556,1,329.03,329.03,2.10416666666667,202,0,"United Kingdom",1,0,1,"United Kingdom"
"15881",221.827083333333,5,501.39,100.278,8.96551724137931,260,4,"United Kingdom",1,0,3,"United Kingdom"
"15882",108.052083333333,8,1124.66,140.5825,11.0169491525424,650,3,"United Kingdom",1,0,3,"United Kingdom"
"15884",341.871527777778,2,244.6,122.3,10.8571428571429,152,2,"United Kingdom",1,0,1,"United Kingdom"
"15885",2.08819444444444,15,1951.82,130.121333333333,5.40869565217391,622,0,"United Kingdom",1,0,3,"United Kingdom"
"15886",326.034027777778,3,871.78,290.593333333333,10.4,520,6,"United Kingdom",0,0,1,"United Kingdom"
"15887",316.176388888889,3,1027.15,342.383333333333,16.3513513513514,605,7,"United Kingdom",1,0,1,"United Kingdom"
"15888",310.11875,2,260.85,130.425,2.33333333333333,63,0,"United Kingdom",0,0,1,"United Kingdom"
"15889",66.0694444444444,8,1427.6,178.45,2.6578073089701,800,2,"United Kingdom",1,0,3,"United Kingdom"
"15890",304.002777777778,5,535.65,107.13,11.9,119,2,"United Kingdom",1,0,1,"United Kingdom"
"15891",136.010416666667,1,511.68,511.68,6.96666666666667,418,2,"United Kingdom",1,0,3,"United Kingdom"
"15892",578.852083333333,1,128.2,128.2,1.21052631578947,46,0,"United Kingdom",1,0,1,"United Kingdom"
"15893",391.068055555556,1,305.28,305.28,288,288,1,"United Kingdom",1,0,1,"United Kingdom"
"15894",162.958333333333,2,258.25,129.125,4.43243243243243,164,0,"United Kingdom",1,0,3,"United Kingdom"
"15895",59.0993055555556,1,179.17,179.17,8.54545454545454,94,2,"United Kingdom",1,0,3,"United Kingdom"
"15897",103.958333333333,2,208.59,104.295,10.1363636363636,223,2,"United Kingdom",1,0,3,"United Kingdom"
"15898",136.115972222222,24,4610.56,192.106666666667,3.31795716639209,2014,3,"United Kingdom",0,1,2,"United Kingdom"
"15899",278.093055555556,1,56.25,56.25,9.75,39,0,"United Kingdom",1,0,1,"United Kingdom"
"15900",323.0875,3,549.29,183.096666666667,5.56962025316456,440,5,"United Kingdom",0,0,1,"United Kingdom"
"15901",64.0222222222222,5,446.48,89.296,6.81818181818182,525,2,"United Kingdom",0,0,3,"United Kingdom"
"15902",289.828472222222,1,145.01,145.01,6.88888888888889,124,1,"United Kingdom",1,0,1,"United Kingdom"
"15903",137.040972222222,7,4454.72,636.388571428571,32.2352941176471,2192,24,"United Kingdom",0,1,3,"United Kingdom"
"15905",452.868055555556,1,114.69,114.69,3.72727272727273,82,0,"United Kingdom",1,0,1,"United Kingdom"
"15906",54.0506944444444,7,1760.21,251.458571428571,3.69421487603306,447,0,"United Kingdom",0,0,3,"United Kingdom"
"15907",86.0034722222222,2,477.59,238.795,2.1743119266055,237,0,"United Kingdom",0,0,3,"United Kingdom"
"15908",400.0375,2,758.62,379.31,4.325,173,1,"United Kingdom",1,0,1,"United Kingdom"
"15909",83.0916666666667,1,191.94,191.94,14,98,0,"United Kingdom",1,0,3,"United Kingdom"
"15910",8.82708333333333,12,2095.65,174.6375,3.1888246628131,1655,1,"United Kingdom",0,0,3,"United Kingdom"
"15911",533.030555555556,8,1700.24,212.53,3.13953488372093,810,1,"United Kingdom",1,0,1,"United Kingdom"
"15912",87.93125,9,1074.7,119.411111111111,7.98947368421053,759,4,"United Kingdom",1,0,3,"United Kingdom"
"15913",443.846527777778,1,6.3,6.3,3,3,0,"United Kingdom",1,0,1,"United Kingdom"
"15914",287.861111111111,2,205.99,102.995,11.4615384615385,149,1,"United Kingdom",1,0,1,"United Kingdom"
"15915",311.067361111111,1,364.45,364.45,3.66371681415929,414,3,"United Kingdom",1,0,1,"United Kingdom"
"15916",101.040277777778,10,2489.33,248.933,5.62053571428571,1259,2,"United Kingdom",0,0,3,"United Kingdom"
"15917",157.090277777778,5,530.17,106.034,1.74647887323944,248,0,"United Kingdom",1,0,3,"United Kingdom"
"15918",100.047222222222,3,582.88,194.293333333333,3.9344262295082,240,0,"United Kingdom",1,0,3,"United Kingdom"
"15919",278.058333333333,1,214.08,214.08,4.48717948717949,175,0,"United Kingdom",0,0,1,"United Kingdom"
"15920",63.8881944444444,9,569.14,63.2377777777778,2.22429906542056,238,0,"United Kingdom",1,0,3,"United Kingdom"
"15921",82.0743055555556,4,775.26,193.815,4.24050632911392,335,1,"United Kingdom",1,0,3,"United Kingdom"
"15922",282.957638888889,1,369.5,369.5,12.5454545454545,138,2,"United Kingdom",1,0,1,"United Kingdom"
"15923",282.023611111111,1,127.08,127.08,5.80952380952381,122,2,"United Kingdom",1,0,1,"United Kingdom"
"15924",640.909722222222,1,102.82,102.82,6.86666666666667,103,1,"United Kingdom",1,0,1,"United Kingdom"
"15925",103.885416666667,1,207.15,207.15,7.75,93,0,"United Kingdom",1,0,3,"United Kingdom"
"15926",451.89375,1,134.44,134.44,22.1428571428571,155,2,"United Kingdom",1,0,1,"United Kingdom"
"15927",556.975694444444,1,106.54,106.54,4.4,66,1,"United Kingdom",1,0,1,"United Kingdom"
"15928",565.898611111111,1,293.53,293.53,14.9090909090909,164,0,"United Kingdom",1,0,1,"United Kingdom"
"15929",553.9125,1,594,594,120,120,1,"United Kingdom",1,0,1,"United Kingdom"
"15931",337.836111111111,1,239.9,239.9,8.42857142857143,118,0,"United Kingdom",1,0,1,"United Kingdom"
"15932",17.0347222222222,6,1885.95,314.325,19.5974025974026,1509,15,"United Kingdom",0,0,3,"United Kingdom"
"15934",327.109027777778,2,2190.66,1095.33,74.6896551724138,2166,20,"United Kingdom",1,0,1,"United Kingdom"
"15935",148.974305555556,2,416.86,208.43,9.58333333333333,115,0,"United Kingdom",1,0,3,"United Kingdom"
"15936",288.840972222222,2,282.79,141.395,11.1052631578947,211,0,"United Kingdom",1,0,1,"United Kingdom"
"15938",21.9958333333333,9,734.81,81.6455555555555,11.5128205128205,449,2,"United Kingdom",1,0,3,"United Kingdom"
"15939",16.9194444444444,15,8805.63,587.042,38.3899371069182,6104,57,"United Kingdom",0,1,3,"United Kingdom"
"15940",220.855555555556,1,35.8,35.8,4,4,0,"United Kingdom",1,0,3,"United Kingdom"
"15941",546.920138888889,1,405,405,10,60,0,"United Kingdom",1,0,1,"United Kingdom"
"15942",43.1590277777778,1,337.44,337.44,16.5714285714286,232,1,"United Kingdom",1,0,3,"United Kingdom"
"15943",559.000694444444,2,271.29,135.645,15.25,183,0,"United Kingdom",1,0,1,"United Kingdom"
"15944",186.095138888889,4,2164.24,541.06,22.6052631578947,859,4,"United Kingdom",1,0,3,"United Kingdom"
"15945",274.983333333333,4,646.27,161.5675,12.3214285714286,345,3,"United Kingdom",1,0,1,"United Kingdom"
"15946",412.022222222222,3,2304.18,768.06,62.0769230769231,1614,20,"United Kingdom",1,0,1,"United Kingdom"
"15948",334.023611111111,1,553.85,553.85,8.14285714285714,285,1,"United Kingdom",0,0,1,"United Kingdom"
"15950",15.9423611111111,8,6467.58,808.4475,8.46153846153846,3080,15,"United Kingdom",0,1,3,"United Kingdom"
"15951",195.036805555556,2,680.12,340.06,7.025,281,0,"United Kingdom",0,0,3,"United Kingdom"
"15952",68.9701388888889,2,309.2,154.6,5.38461538461539,140,0,"United Kingdom",0,0,3,"United Kingdom"
"15953",121.045833333333,14,2607.1,186.221428571429,12.037037037037,1300,13,"United Kingdom",0,0,3,"United Kingdom"
"15954",498.96875,1,190.75,190.75,5.95,119,0,"United Kingdom",1,0,1,"United Kingdom"
"15955",16.0513888888889,16,6133.37,383.335625,11.8346774193548,2935,7,"United Kingdom",0,1,3,"United Kingdom"
"15956",460.988888888889,2,617.6,308.8,15.4444444444444,278,1,"United Kingdom",1,0,1,"United Kingdom"
"15957",330.019444444444,2,492.36,246.18,2.32692307692308,242,0,"United Kingdom",0,0,1,"United Kingdom"
"15958",313.019444444444,3,357.77,119.256666666667,2.08620689655172,121,0,"United Kingdom",0,0,1,"United Kingdom"
"15959",591.841666666667,3,542.89,180.963333333333,3.7887323943662,269,1,"United Kingdom",1,0,1,"United Kingdom"
"15960",283.870138888889,4,410.95,102.7375,9.92307692307692,258,0,"United Kingdom",1,0,1,"United Kingdom"
"15961",288.86875,1,451.29,451.29,3.66666666666667,154,1,"United Kingdom",1,0,1,"United Kingdom"
"15962",358.959722222222,1,289.48,289.48,4.14545454545455,228,0,"United Kingdom",1,0,1,"United Kingdom"
"15964",572.888888888889,1,269.21,269.21,4.65,93,0,"United Kingdom",1,0,1,"United Kingdom"
"15965",276.980555555556,10,2119.26,211.926,4.0210970464135,953,2,"United Kingdom",0,0,1,"United Kingdom"
"15966",360.0875,1,426.53,426.53,10.1851851851852,275,0,"United Kingdom",1,0,1,"United Kingdom"
"15967",228.036805555556,11,2730.22,248.201818181818,2.3972286374134,1038,0,"United Kingdom",0,1,3,"United Kingdom"
"15968",297.990277777778,1,404.55,404.55,3.0875,247,1,"United Kingdom",1,0,1,"United Kingdom"
"15969",95.0215277777778,3,769.65,256.55,5.72,143,0,"United Kingdom",0,0,3,"United Kingdom"
"15970",213.029166666667,2,1017.32,508.66,20.75,498,3,"United Kingdom",1,0,3,"United Kingdom"
"15971",18.1229166666667,13,3812.43,293.263846153846,53.5555555555556,1446,19,"United Kingdom",0,1,3,"United Kingdom"
"15972",365.979166666667,5,1769.33,353.866,3.36690647482014,468,1,"United Kingdom",1,0,1,"United Kingdom"
"15973",276.047222222222,3,680.62,226.873333333333,17.7272727272727,195,1,"United Kingdom",1,0,1,"United Kingdom"
"15974",4.88194444444444,6,2895.01,482.501666666667,12.510067114094,1864,3,"United Kingdom",0,1,3,"United Kingdom"
"15976",74.9930555555556,6,1694.41,282.401666666667,2.78571428571429,1053,5,"United Kingdom",1,0,3,"United Kingdom"
"15978",341.945833333333,2,2180.64,1090.32,19.45,1556,12,"United Kingdom",0,0,1,"United Kingdom"
"15979",512.052083333333,1,329.22,329.22,20.4545454545455,450,3,"United Kingdom",1,0,1,"United Kingdom"
"15980",163.90625,5,4905,981,41.8913043478261,3854,42,"United Kingdom",0,1,3,"United Kingdom"
"15981",47.0854166666667,19,8412.49,442.762631578947,16.8260869565217,4257,31,"United Kingdom",0,1,2,"United Kingdom"
"15982",514.877083333333,1,324.51,324.51,2.91111111111111,131,0,"United Kingdom",1,0,1,"United Kingdom"
"15983",270.013888888889,7,2783.62,397.66,7.43362831858407,1680,13,"United Kingdom",0,1,1,"United Kingdom"
"15984",10.0270833333333,27,7419.9,274.811111111111,7.52012383900929,4858,36,"United Kingdom",0,1,2,"United Kingdom"
"15985",32.8465277777778,7,2715.28,387.897142857143,26.4423076923077,2750,18,"United Kingdom",1,1,3,"United Kingdom"
"15986",291.116666666667,1,186.3,186.3,9.09090909090909,100,0,"United Kingdom",0,0,1,"United Kingdom"
"15987",30.1284722222222,7,1296.85,185.264285714286,12.1271186440678,1431,4,"United Kingdom",0,0,3,"United Kingdom"
"15988",461.003472222222,2,582.11,291.055,3.14893617021277,296,0,"United Kingdom",0,0,1,"United Kingdom"
"15989",285.032638888889,2,368.31,184.155,1.96511627906977,169,0,"United Kingdom",1,0,1,"United Kingdom"
"15990",196.885416666667,6,1607.01,267.835,5.5,814,2,"United Kingdom",0,0,3,"United Kingdom"
"15991",443.875,1,150.55,150.55,6.83333333333333,41,0,"United Kingdom",1,0,1,"United Kingdom"
"15992",305.915972222222,2,854.61,427.305,9.74509803921569,497,0,"United Kingdom",0,0,1,"United Kingdom"
"15994",321.025,2,761.41,380.705,3.80263157894737,289,0,"United Kingdom",0,0,1,"United Kingdom"
"15995",323.953472222222,1,694.54,694.54,3.2,352,1,"United Kingdom",1,0,1,"United Kingdom"
"15996",25.9868055555556,6,1233.58,205.596666666667,3.86451612903226,599,1,"United Kingdom",0,0,3,"United Kingdom"
"15998",81.0847222222222,14,7299.18,521.37,3.71473851030111,4688,6,"United Kingdom",0,1,3,"United Kingdom"
"15999",645.013194444444,1,20.4,20.4,24,24,0,"United Kingdom",1,0,1,"United Kingdom"
"16001",290.819444444444,1,583.39,583.39,11.6206896551724,337,0,"United Kingdom",1,0,1,"United Kingdom"
"16002",534.9875,1,169.21,169.21,1.66666666666667,70,0,"United Kingdom",1,0,1,"United Kingdom"
"16003",44.0625,8,4672.36,584.045,10.253164556962,1620,1,"United Kingdom",0,1,3,"United Kingdom"
"16004",384.043055555556,5,2146.39,429.278,11.9555555555556,1076,2,"United Kingdom",1,0,1,"United Kingdom"
"16005",92.0340277777778,8,2062.19,257.77375,3.02185792349727,1106,0,"United Kingdom",0,0,3,"United Kingdom"
"16006",120.984722222222,2,332.82,166.41,2.62820512820513,205,0,"United Kingdom",1,0,3,"United Kingdom"
"16007",90.0340277777778,5,2086.92,417.384,4.19310344827586,1824,5,"United Kingdom",0,0,3,"United Kingdom"
"16008",114.080555555556,13,4999.5,384.576923076923,13.2256637168142,2989,14,"United Kingdom",0,1,3,"United Kingdom"
"16009",69.0583333333333,1,441.59,441.59,3.37931034482759,196,0,"United Kingdom",0,0,3,"United Kingdom"
"16010",155.108333333333,11,1694.86,154.078181818182,3.17993079584775,919,0,"United Kingdom",1,0,3,"United Kingdom"
"16011",1.88125,25,4433.71,177.3484,7.19946808510638,2707,2,"United Kingdom",0,1,2,"United Kingdom"
"16012",38.0458333333333,4,2695.42,673.855,7.6751269035533,1512,2,"United Kingdom",0,1,3,"United Kingdom"
"16013",8.05277777777778,72,42357.18,588.294166666667,129.191780821918,18862,116,"United Kingdom",0,1,2,"United Kingdom"
"16014",61.8479166666667,4,967.83,241.9575,1.59550561797753,426,0,"United Kingdom",0,0,3,"United Kingdom"
"16016",105.95625,7,1408.96,201.28,2.98453608247423,579,1,"United Kingdom",0,0,3,"United Kingdom"
"16017",326.994444444444,4,1333.7,333.425,5.43877551020408,533,0,"United Kingdom",0,0,1,"United Kingdom"
"16018",89.9569444444444,3,451.13,150.376666666667,8.30232558139535,357,4,"United Kingdom",0,0,3,"United Kingdom"
"16019",45.9493055555556,25,16495.17,659.8068,18.34,6419,53,"United Kingdom",0,1,2,"United Kingdom"
"16021",304.918055555556,2,487.03,243.515,2.19047619047619,276,0,"United Kingdom",1,0,1,"United Kingdom"
"16022",169.981944444444,1,602.63,602.63,3.59154929577465,255,0,"United Kingdom",1,0,3,"United Kingdom"
"16023",101.938194444444,2,500.69,250.345,3.49230769230769,227,0,"United Kingdom",0,0,3,"United Kingdom"
"16024",321.047222222222,2,232.96,116.48,4.86363636363636,107,1,"United Kingdom",0,0,1,"United Kingdom"
"16027",1.08541666666667,15,2048.36,136.557333333333,59.9714285714286,2099,18,"United Kingdom",1,0,3,"United Kingdom"
"16028",505.045138888889,1,82.2,82.2,3.6,18,0,"United Kingdom",1,0,1,"United Kingdom"
"16029",3.12847222222222,96,91042.92,948.36375,126.247619047619,39768,258,"United Kingdom",0,1,4,"United Kingdom"
"16030",219.056944444444,1,331.24,331.24,9.75862068965517,283,1,"United Kingdom",1,0,3,"United Kingdom"
"16031",1.98819444444444,2,547.9,273.95,4.29591836734694,421,0,"United Kingdom",1,0,3,"United Kingdom"
"16032",365.784722222222,6,1965.72,327.62,6.98571428571429,1467,5,"United Kingdom",1,0,1,"United Kingdom"
"16033",17.9381944444444,23,7694.54,334.545217391304,2.98097251585624,2820,1,"United Kingdom",0,1,2,"United Kingdom"
"16034",105.85625,6,911.32,151.886666666667,10.4464285714286,585,3,"United Kingdom",1,0,3,"United Kingdom"
"16035",469.903472222222,1,217.73,217.73,1.57142857142857,33,0,"United Kingdom",1,0,1,"United Kingdom"
"16036",172.992361111111,3,1986.65,662.216666666667,8.125,780,2,"United Kingdom",0,0,3,"United Kingdom"
"16037",179.150694444444,5,1509.34,301.868,10.7887323943662,766,0,"United Kingdom",1,0,3,"United Kingdom"
"16038",86.9583333333333,2,393.33,196.665,9.95652173913044,229,0,"United Kingdom",0,0,3,"United Kingdom"
"16039",333.0875,2,456.4,228.2,12.78125,409,0,"United Kingdom",1,0,1,"United Kingdom"
"16040",57.8597222222222,6,1979.53,329.921666666667,9.52830188679245,1010,3,"United Kingdom",0,0,3,"United Kingdom"
"16041",50.8486111111111,2,2739.8,1369.9,208.8,1044,5,"United Kingdom",0,1,3,"United Kingdom"
"16042",17.0319444444444,5,1508.33,301.666,11.1411764705882,947,4,"United Kingdom",0,0,3,"United Kingdom"
"16043",120.963194444444,7,1759.09,251.298571428571,13.0769230769231,850,8,"United Kingdom",0,0,3,"United Kingdom"
"16044",344.776388888889,1,340.84,340.84,8.94736842105263,170,0,"United Kingdom",1,0,1,"United Kingdom"
"16045",29.00625,8,3434.93,429.36625,14.2432432432432,2108,10,"United Kingdom",1,1,3,"United Kingdom"
"16046",471.980555555556,1,235.78,235.78,11.2727272727273,248,3,"United Kingdom",1,0,1,"United Kingdom"
"16047",591.844444444444,1,107.14,107.14,1,1,0,"EIRE",1,0,1,"Other"
"16048",282.890277777778,4,818.79,204.6975,11.8055555555556,425,0,"United Kingdom",1,0,1,"United Kingdom"
"16049",284.926388888889,3,777.34,259.113333333333,1.98387096774194,369,0,"United Kingdom",0,0,1,"United Kingdom"
"16050",83.0458333333333,3,300.7,100.233333333333,18.4761904761905,388,4,"United Kingdom",1,0,3,"United Kingdom"
"16051",591.133333333333,1,188.44,188.44,6.66666666666667,80,0,"United Kingdom",1,0,1,"United Kingdom"
"16053",31.9118055555556,5,3247.08,649.416,13.2383720930233,2277,5,"United Kingdom",0,1,3,"United Kingdom"
"16054",54.9875,4,2111.88,527.97,6.48360655737705,791,3,"United Kingdom",1,0,3,"United Kingdom"
"16055",130.141666666667,1,134.8,134.8,2.75,22,0,"United Kingdom",1,0,3,"United Kingdom"
"16057",5.89513888888889,9,3135.96,348.44,8.04444444444444,1448,0,"United Kingdom",0,1,3,"United Kingdom"
"16058",315.834722222222,1,62.7,62.7,9,18,0,"United Kingdom",1,0,1,"United Kingdom"
"16059",73.0833333333333,10,2545.01,254.501,3.42028985507246,1180,0,"United Kingdom",0,0,3,"United Kingdom"
"16060",310.027777777778,3,541.95,180.65,10.125,243,0,"United Kingdom",1,0,1,"United Kingdom"
"16061",340.889583333333,1,89.65,89.65,6.33333333333333,19,0,"United Kingdom",1,0,1,"United Kingdom"
"16062",43,7,2487.97,355.424285714286,11.1538461538462,1885,4,"United Kingdom",0,0,3,"United Kingdom"
"16063",169.9125,1,335.32,335.32,11.3913043478261,262,0,"United Kingdom",1,0,3,"United Kingdom"
"16064",634.860416666667,1,109.31,109.31,3.23529411764706,55,0,"United Kingdom",1,0,1,"United Kingdom"
"16065",274.990972222222,8,1992.13,249.01625,3.41926345609065,1207,1,"United Kingdom",1,0,1,"United Kingdom"
"16066",33.9284722222222,1,316.38,316.38,31,186,1,"United Kingdom",0,0,3,"United Kingdom"
"16067",472.011805555556,3,3269.11,1089.70333333333,18.1764705882353,1236,5,"United Kingdom",1,1,1,"United Kingdom"
"16068",503.040277777778,1,115.73,115.73,1.37142857142857,48,0,"United Kingdom",1,0,1,"United Kingdom"
"16069",327.095833333333,1,457.7,457.7,5.52,138,0,"United Kingdom",1,0,1,"United Kingdom"
"16071",436.964583333333,3,750.56,250.186666666667,9.94230769230769,517,0,"United Kingdom",0,0,1,"United Kingdom"
"16072",197.929166666667,4,4180.09,1045.0225,2.97551789077213,1580,5,"United Kingdom",1,1,3,"United Kingdom"
"16073",206.88125,1,122.4,122.4,48,48,1,"United Kingdom",1,0,3,"United Kingdom"
"16074",299.979861111111,1,252.5,252.5,1.52,38,0,"United Kingdom",1,0,1,"United Kingdom"
"16075",412.054861111111,2,736.93,368.465,6.60975609756098,271,0,"United Kingdom",1,0,1,"United Kingdom"
"16076",2.03194444444444,5,1357.98,271.596,11.1208791208791,1012,5,"United Kingdom",0,0,3,"United Kingdom"
"16077",535.088888888889,1,2300.4,2300.4,105,840,7,"United Kingdom",1,0,1,"United Kingdom"
"16078",193.127083333333,2,362.99,181.495,5.12820512820513,200,1,"United Kingdom",1,0,3,"United Kingdom"
"16080",183.920833333333,3,515.66,171.886666666667,9.44,236,0,"United Kingdom",0,0,3,"United Kingdom"
"16081",94.9715277777778,6,2471.91,411.985,5.67307692307692,1180,2,"United Kingdom",0,0,3,"United Kingdom"
"16082",579.898611111111,1,106.75,106.75,2.4375,39,0,"United Kingdom",1,0,1,"United Kingdom"
"16083",10.0854166666667,4,2351.42,587.855,21.3239436619718,1514,13,"United Kingdom",1,0,3,"United Kingdom"
"16084",208.864583333333,1,436.18,436.18,5.68421052631579,216,0,"United Kingdom",1,0,3,"United Kingdom"
"16085",146.017361111111,9,1684.56,187.173333333333,3.66037735849057,970,4,"United Kingdom",0,0,3,"United Kingdom"
"16086",7.97777777777778,9,2466.04,274.004444444444,10.9669421487603,1327,4,"United Kingdom",0,0,3,"United Kingdom"
"16087",298.8375,5,1739.92,347.984,66.4,664,8,"United Kingdom",1,0,1,"United Kingdom"
"16088",485.106944444444,2,1437.43,718.715,62.1666666666667,373,4,"United Kingdom",1,0,1,"United Kingdom"
"16089",295.957638888889,2,263.49,131.745,2.53191489361702,119,0,"United Kingdom",1,0,1,"United Kingdom"
"16090",533.989583333333,1,180.56,180.56,3.22222222222222,58,0,"United Kingdom",1,0,1,"United Kingdom"
"16091",64.1701388888889,2,315.06,157.53,8.55555555555556,154,0,"United Kingdom",1,0,3,"United Kingdom"
"16092",24.0861111111111,6,1587.94,264.656666666667,13.2,1188,4,"United Kingdom",1,0,3,"United Kingdom"
"16093",16.0701388888889,1,17,17,20,20,0,"United Kingdom",1,0,3,"United Kingdom"
"16094",128.953472222222,8,2869.43,358.67875,10.3154362416107,1537,3,"United Kingdom",0,1,3,"United Kingdom"
"16095",365.830555555556,1,447.05,447.05,8.83333333333333,265,0,"United Kingdom",1,0,1,"United Kingdom"
"16096",173.966666666667,4,1584.97,396.2425,10.6060606060606,700,0,"United Kingdom",1,0,3,"United Kingdom"
"16097",149.960416666667,1,185.05,185.05,8.7,87,0,"United Kingdom",1,0,3,"United Kingdom"
"16098",37.8229166666667,13,3717.56,285.966153846154,13.8394160583942,1896,12,"United Kingdom",0,1,3,"United Kingdom"
"16099",47.0986111111111,6,1433.4,238.9,14.3225806451613,888,6,"United Kingdom",0,0,3,"United Kingdom"
"16100",372.049305555556,1,582.64,582.64,11.8378378378378,438,0,"United Kingdom",1,0,1,"United Kingdom"
"16101",344.086805555556,3,1938.46,646.153333333333,9.37068965517241,1087,4,"United Kingdom",0,0,1,"United Kingdom"
"16102",8.03888888888889,2,1392.84,696.42,15.8367346938776,776,1,"United Kingdom",0,0,3,"United Kingdom"
"16103",67.0805555555555,20,5918.47,295.9235,13.0634920634921,2469,17,"United Kingdom",0,1,3,"United Kingdom"
"16104",328.094444444444,8,2476.25,309.53125,4.5343137254902,925,2,"United Kingdom",0,0,1,"United Kingdom"
"16105",158.109027777778,5,2386.19,477.238,19.3181818181818,2125,14,"United Kingdom",1,0,3,"United Kingdom"
"16107",12.9145833333333,3,1494.12,498.04,27.7777777777778,500,6,"United Kingdom",0,0,3,"United Kingdom"
"16108",343.902777777778,3,1393.42,464.473333333333,9.86206896551724,858,0,"United Kingdom",0,0,1,"United Kingdom"
"16109",128.147916666667,3,939.48,313.16,35.2258064516129,1092,12,"United Kingdom",1,0,3,"United Kingdom"
"16110",171.955555555556,3,1138.82,379.606666666667,1.81227436823105,502,0,"United Kingdom",0,0,3,"United Kingdom"
"16111",337.707638888889,1,549.33,549.33,3.19178082191781,233,0,"United Kingdom",1,0,1,"United Kingdom"
"16112",52.9319444444444,4,195.74,48.935,35.875,574,4,"United Kingdom",1,0,3,"United Kingdom"
"16113",92.8569444444445,1,161.38,161.38,5.86666666666667,176,2,"United Kingdom",1,0,3,"United Kingdom"
"16114",80.1090277777778,1,135.75,135.75,5.375,43,0,"United Kingdom",1,0,3,"United Kingdom"
"16115",26.9965277777778,9,1817.51,201.945555555556,3.87908496732026,1187,1,"United Kingdom",0,0,3,"United Kingdom"
"16116",121.034027777778,1,612.78,612.78,7.29411764705882,248,0,"United Kingdom",1,0,3,"United Kingdom"
"16117",99.0472222222222,3,654.4,218.133333333333,3.60674157303371,321,0,"United Kingdom",1,0,3,"United Kingdom"
"16118",562.131944444444,1,4376.25,4376.25,69.5365853658537,2851,33,"United Kingdom",1,1,1,"United Kingdom"
"16119",303.965277777778,6,1297.45,216.241666666667,15.0263157894737,571,6,"United Kingdom",0,0,1,"United Kingdom"
"16120",331.894444444444,2,1658.37,829.185,20.6935483870968,1283,18,"United Kingdom",0,0,1,"United Kingdom"
"16121",125.040277777778,4,881.32,220.33,2.09478672985782,442,0,"United Kingdom",0,0,3,"United Kingdom"
"16122",22.1055555555556,5,761.46,152.292,20.4615384615385,1064,15,"United Kingdom",0,0,3,"United Kingdom"
"16124",226.920138888889,4,1772.49,443.1225,9.71951219512195,797,2,"United Kingdom",1,0,3,"United Kingdom"
"16125",276.876388888889,14,4292.35,306.596428571429,6.33797909407665,1819,4,"United Kingdom",1,1,1,"United Kingdom"
"16126",11.1131944444444,14,12063.53,861.680714285714,15.1305637982196,5099,40,"United Kingdom",0,1,3,"United Kingdom"
"16127",636.021527777778,1,145.06,145.06,1.94285714285714,68,0,"United Kingdom",0,0,1,"United Kingdom"
"16128",53.0215277777778,8,2615.53,326.94125,13.9160305343511,1823,4,"United Kingdom",0,0,3,"United Kingdom"
"16129",316.93125,3,1396.05,465.35,13.1354166666667,1261,5,"United Kingdom",1,0,1,"United Kingdom"
"16130",331.9,4,987.48,246.87,5.38181818181818,296,0,"United Kingdom",1,0,1,"United Kingdom"
"16131",25.0125,10,8729.38,872.938,21.5897435897436,4210,40,"United Kingdom",0,1,3,"United Kingdom"
"16132",453.959027777778,2,664.2,332.1,16.4705882352941,280,4,"United Kingdom",1,0,1,"United Kingdom"
"16133",10.9604166666667,46,19022.49,413.532391304348,26.6723300970874,10989,87,"United Kingdom",0,1,2,"United Kingdom"
"16134",268.951388888889,4,1810.78,452.695,14.680412371134,1424,1,"United Kingdom",0,0,1,"United Kingdom"
"16135",172.013888888889,2,819.45,409.725,10.1282051282051,395,0,"United Kingdom",1,0,3,"United Kingdom"
"16136",187.123611111111,2,396.72,198.36,17.6470588235294,300,3,"United Kingdom",0,0,3,"United Kingdom"
"16137",589.906944444444,1,422.7,422.7,7.5,210,0,"United Kingdom",1,0,1,"United Kingdom"
"16138",288.025694444444,3,910.35,303.45,20.9189189189189,774,5,"United Kingdom",1,0,1,"United Kingdom"
"16139",21.9173611111111,4,782.11,195.5275,10.4146341463415,427,1,"United Kingdom",0,0,3,"United Kingdom"
"16140",280.923611111111,2,832.42,416.21,17.9444444444444,646,4,"United Kingdom",0,0,1,"United Kingdom"
"16141",326.943055555556,1,335.54,335.54,8.6,172,0,"United Kingdom",0,0,1,"United Kingdom"
"16142",159.106944444444,1,535.34,535.34,11.4054054054054,422,1,"United Kingdom",1,0,3,"United Kingdom"
"16143",17.8673611111111,11,4079.5,370.863636363636,8.31,1662,1,"United Kingdom",0,1,3,"United Kingdom"
"16144",156.111805555556,1,175.2,175.2,16,16,0,"United Kingdom",1,0,3,"United Kingdom"
"16145",9.11041666666667,16,5606.26,350.39125,13.3993902439024,4395,23,"United Kingdom",0,1,3,"United Kingdom"
"16146",66.9375,4,946.38,236.595,13.2682926829268,544,2,"United Kingdom",1,0,3,"United Kingdom"
"16147",43.1201388888889,5,2398.91,479.782,10.2573529411765,1395,2,"United Kingdom",1,0,3,"United Kingdom"
"16148",205.950694444444,2,386.62,193.31,27.7777777777778,250,4,"United Kingdom",1,0,3,"United Kingdom"
"16149",51.9138888888889,2,305.38,152.69,19.9130434782609,458,3,"United Kingdom",0,0,3,"United Kingdom"
"16150",38.1548611111111,8,3357.85,419.73125,9.59217877094972,1717,3,"United Kingdom",0,1,3,"United Kingdom"
"16152",178.127083333333,1,1829.04,1829.04,22.1379310344828,642,7,"United Kingdom",1,0,3,"United Kingdom"
"16153",25.1361111111111,10,4332.8,433.28,16.3212435233161,3150,14,"United Kingdom",0,1,3,"United Kingdom"
"16155",291.032638888889,5,796.9,159.38,10.3125,495,0,"United Kingdom",1,0,1,"United Kingdom"
"16156",61.1013888888889,16,4511.31,281.956875,12.93,2586,10,"United Kingdom",0,1,3,"United Kingdom"
"16158",431.954861111111,9,628.32,69.8133333333333,5.2,182,1,"United Kingdom",1,0,1,"United Kingdom"
"16159",191.015972222222,4,1232.79,308.1975,12.2115384615385,635,1,"United Kingdom",1,0,3,"United Kingdom"
"16161",49.9083333333333,36,10083.05,280.084722222222,5.47553191489362,5147,6,"United Kingdom",0,1,2,"United Kingdom"
"16162",161.907638888889,1,37.4,37.4,2,4,0,"United Kingdom",1,0,3,"United Kingdom"
"16163",141.899305555556,6,2407.98,401.33,9.94117647058824,676,4,"United Kingdom",1,0,3,"United Kingdom"
"16165",414.939583333333,1,79.9,79.9,2,2,0,"United Kingdom",1,0,1,"United Kingdom"
"16166",337.879166666667,2,435.83,217.915,7.86363636363636,173,0,"United Kingdom",1,0,1,"United Kingdom"
"16167",323.886805555556,5,1386.12,277.224,23.7142857142857,1494,3,"United Kingdom",1,0,1,"United Kingdom"
"16168",4.03958333333333,57,9205.19,161.494561403509,16.0394265232975,4475,39,"United Kingdom",0,1,2,"United Kingdom"
"16170",22.1138888888889,19,6544.61,344.453157894737,13.8345323741007,5769,35,"United Kingdom",0,1,3,"United Kingdom"
"16172",4.97777777777778,8,1884.55,235.56875,12.5575221238938,1419,4,"United Kingdom",1,0,3,"United Kingdom"
"16173",1.15763888888889,2,635.05,317.525,6.20512820512821,242,0,"United Kingdom",0,0,3,"United Kingdom"
"16174",35.975,7,2246.75,320.964285714286,22.0153846153846,1431,11,"United Kingdom",1,0,3,"United Kingdom"
"16175",3.92916666666667,7,1836.44,262.348571428571,9.51020408163265,932,0,"United Kingdom",1,0,3,"United Kingdom"
"16176",330.955555555556,4,2052.69,513.1725,13.2222222222222,952,5,"United Kingdom",1,0,1,"United Kingdom"
"16177",346.109722222222,7,1915.36,273.622857142857,8.99029126213592,926,0,"United Kingdom",0,0,1,"United Kingdom"
"16178",47.8645833333333,2,612.6,306.3,12.16,304,1,"United Kingdom",1,0,3,"United Kingdom"
"16180",9.84861111111111,13,16249.87,1249.99,30.0091743119266,9813,89,"United Kingdom",1,1,3,"United Kingdom"
"16182",39.8395833333333,8,8198,1024.75,122.4,4896,38,"United Kingdom",0,1,3,"United Kingdom"
"16183",304.068055555556,3,739.1,246.366666666667,9.15384615384615,238,1,"United Kingdom",0,0,1,"United Kingdom"
"16184",15.1215277777778,5,985.8,197.16,12.7027027027027,470,4,"United Kingdom",0,0,3,"United Kingdom"
"16185",142.035416666667,2,450.31,225.155,7.64285714285714,214,0,"United Kingdom",0,0,3,"United Kingdom"
"16186",12.9951388888889,23,7408.02,322.087826086957,13.2785388127854,5816,12,"United Kingdom",0,1,2,"United Kingdom"
"16187",8.95625,12,5395.7,449.641666666667,16.9181034482759,3925,25,"United Kingdom",0,1,3,"United Kingdom"
"16188",50.8541666666667,4,860.83,215.2075,11.8813559322034,701,1,"United Kingdom",0,0,3,"United Kingdom"
"16190",304.129861111111,7,2508.47,358.352857142857,10.1150442477876,1143,2,"United Kingdom",0,0,1,"United Kingdom"
"16191",172.163888888889,19,13112.98,690.156842105263,52.4758620689655,7609,70,"United Kingdom",0,1,2,"United Kingdom"
"16192",645.015277777778,1,351.3,351.3,18.9090909090909,208,2,"United Kingdom",1,0,1,"United Kingdom"
"16193",146.045138888889,2,630.43,315.215,9.97368421052632,379,1,"United Kingdom",1,0,3,"United Kingdom"
"16194",284.973611111111,1,308.6,308.6,17.5,140,1,"United Kingdom",1,0,1,"United Kingdom"
"16195",632.945138888889,1,323.25,323.25,7.6875,123,0,"United Kingdom",1,0,1,"United Kingdom"
"16196",398.048611111111,1,93.3,93.3,6.5,26,0,"United Kingdom",1,0,1,"United Kingdom"
"16197",378.995833333333,9,2016.71,224.078888888889,15.2688172043011,1420,7,"United Kingdom",1,0,1,"United Kingdom"
"16198",346.952083333333,1,629.36,629.36,14.1666666666667,255,0,"United Kingdom",0,0,1,"United Kingdom"
"16199",301.996527777778,7,942.75,134.678571428571,32.1,321,1,"United Kingdom",1,0,1,"United Kingdom"
"16200",73.8770833333333,11,5089.8,462.709090909091,5.57715430861723,2783,10,"United Kingdom",0,1,3,"United Kingdom"
"16201",19.0854166666667,2,552.45,276.225,10.71875,343,0,"United Kingdom",0,0,3,"United Kingdom"
"16202",270.088194444444,9,2501.99,277.998888888889,10.5403225806452,1307,4,"United Kingdom",1,0,1,"United Kingdom"
"16203",57.0034722222222,5,729.24,145.848,7.87272727272727,433,2,"United Kingdom",0,0,3,"United Kingdom"
"16204",289.907638888889,2,534.53,267.265,8.88235294117647,453,2,"United Kingdom",0,0,1,"United Kingdom"
"16205",89.0534722222222,4,1174.83,293.7075,7.8740157480315,1000,8,"United Kingdom",0,0,3,"United Kingdom"
"16206",34.0868055555556,12,2462.67,205.2225,5.64655172413793,1310,3,"United Kingdom",0,0,3,"United Kingdom"
"16208",198.967361111111,9,3273.78,363.753333333333,6.3920704845815,1451,3,"United Kingdom",0,1,3,"United Kingdom"
"16209",28.9340277777778,8,4001.06,500.1325,29.3387096774194,1819,13,"United Kingdom",0,1,3,"United Kingdom"
"16210",8.01180555555556,28,23913.63,854.058214285714,44.9707317073171,9219,62,"United Kingdom",0,1,2,"United Kingdom"
"16211",330.979166666667,2,543.57,271.785,28.0769230769231,365,1,"United Kingdom",0,0,1,"United Kingdom"
"16212",192.999305555556,3,1101.52,367.173333333333,7.13432835820895,478,1,"United Kingdom",0,0,3,"United Kingdom"
"16214",80.0555555555556,4,2038.25,509.5625,13.3469387755102,1308,5,"United Kingdom",1,0,3,"United Kingdom"
"16216",176.886111111111,1,914.93,914.93,6.86486486486486,254,0,"United Kingdom",1,0,3,"United Kingdom"
"16217",144.971527777778,2,304.25,152.125,6.06666666666667,91,0,"United Kingdom",1,0,3,"United Kingdom"
"16218",24.1486111111111,12,3519.47,293.289166666667,19.8629032258065,2463,23,"United Kingdom",0,1,3,"United Kingdom"
"16219",410.045833333333,1,40.8,40.8,48,48,1,"United Kingdom",1,0,1,"United Kingdom"
"16221",185.082638888889,8,1474.43,184.30375,5.69318181818182,1002,6,"United Kingdom",0,0,3,"United Kingdom"
"16222",227.966666666667,2,1272.05,636.025,3.19310344827586,463,0,"United Kingdom",1,0,3,"United Kingdom"
"16223",284.041666666667,2,1087.05,543.525,5.22764227642276,643,1,"United Kingdom",1,0,1,"United Kingdom"
"16224",50.73125,4,1187.12,296.78,14.3837209302326,1237,6,"United Kingdom",0,0,3,"United Kingdom"
"16225",59.0222222222222,14,2716.63,194.045,4.2,1239,0,"United Kingdom",0,1,3,"United Kingdom"
"16226",112.922916666667,5,672.17,134.434,16.8064516129032,521,2,"United Kingdom",1,0,3,"United Kingdom"
"16227",134.970138888889,3,1027.22,342.406666666667,12.8235294117647,436,1,"United Kingdom",1,0,3,"United Kingdom"
"16228",294.9375,3,885.71,295.236666666667,10.2777777777778,555,5,"United Kingdom",1,0,1,"United Kingdom"
"16229",122.105555555556,5,2215.46,443.092,7.56028368794326,1066,0,"United Kingdom",0,0,3,"United Kingdom"
"16230",99.1138888888889,2,542.03,271.015,10.4285714285714,365,0,"United Kingdom",1,0,3,"United Kingdom"
"16231",288.909722222222,4,1074.47,268.6175,5.63,563,1,"United Kingdom",1,0,1,"United Kingdom"
"16232",52.9923611111111,6,2447.13,407.855,17.5454545454545,1737,17,"United Kingdom",0,0,3,"United Kingdom"
"16233",239.096527777778,8,1608.13,201.01625,9.88333333333333,593,1,"United Kingdom",0,0,3,"United Kingdom"
"16234",385.928472222222,3,333.18,111.06,11.3333333333333,170,0,"United Kingdom",1,0,1,"United Kingdom"
"16235",96.0583333333333,7,1851.69,264.527142857143,6.75238095238095,709,0,"United Kingdom",0,0,3,"United Kingdom"
"16237",346.825,1,136.65,136.65,8.14285714285714,57,0,"United Kingdom",1,0,1,"United Kingdom"
"16238",332.009722222222,1,63.66,63.66,14.1666666666667,85,0,"United Kingdom",1,0,1,"United Kingdom"
"16239",99.1388888888889,5,1425.9,285.18,20.8387096774194,646,8,"United Kingdom",0,0,3,"United Kingdom"
"16241",5.96666666666667,13,3180.98,244.690769230769,2.19378881987578,1766,2,"United Kingdom",0,1,3,"United Kingdom"
"16242",74.9229166666667,10,4671.38,467.138,5.05869565217391,2327,7,"United Kingdom",0,1,3,"United Kingdom"
"16244",121.105555555556,2,1522.75,761.375,9.3956043956044,855,0,"United Kingdom",1,0,3,"United Kingdom"
"16245",31.1361111111111,2,769.7,384.85,8.43137254901961,430,0,"United Kingdom",0,0,3,"United Kingdom"
"16246",369.031944444444,2,821.35,410.675,3.81818181818182,336,1,"United Kingdom",1,0,1,"United Kingdom"
"16247",79.9354166666667,1,114.56,114.56,11.375,182,3,"United Kingdom",1,0,3,"United Kingdom"
"16249",22.04375,4,1440.77,360.1925,15.5510204081633,762,6,"United Kingdom",0,0,3,"United Kingdom"
"16250",170.904861111111,3,565.24,188.413333333333,7.65714285714286,268,0,"United Kingdom",1,0,3,"United Kingdom"
"16251",421.913194444444,1,128.31,128.31,2.2,44,0,"United Kingdom",1,0,1,"United Kingdom"
"16252",292.036805555556,1,295.09,295.09,7.52380952380952,158,0,"United Kingdom",1,0,1,"United Kingdom"
"16253",164.970138888889,6,5288.74,881.456666666667,18.2246696035242,4137,41,"United Kingdom",0,1,3,"United Kingdom"
"16254",287.977777777778,3,967.44,322.48,7.33783783783784,543,3,"United Kingdom",1,0,1,"United Kingdom"
"16255",5.10763888888889,14,4092.88,292.348571428571,5.46808510638298,2570,6,"United Kingdom",0,1,3,"United Kingdom"
"16256",176.022222222222,3,1629.37,543.123333333333,54.8275862068966,1590,16,"United Kingdom",1,0,3,"United Kingdom"
"16257",86.1104166666667,1,46.95,46.95,1,2,0,"United Kingdom",1,0,3,"United Kingdom"
"16258",36.9284722222222,14,10480.07,748.576428571429,21.9832214765101,6551,28,"United Kingdom",0,1,3,"United Kingdom"
"16259",319.932638888889,3,340.94,113.646666666667,1.68235294117647,143,0,"United Kingdom",1,0,1,"United Kingdom"
"16261",22.7493055555556,4,722.61,180.6525,2.96581196581197,347,0,"United Kingdom",0,0,3,"United Kingdom"
"16262",287.977777777778,1,755.15,755.15,9.69565217391304,446,0,"United Kingdom",1,0,1,"United Kingdom"
"16263",332.915277777778,1,348.16,348.16,9.38095238095238,197,2,"United Kingdom",1,0,1,"United Kingdom"
"16264",347.909722222222,2,823.53,411.765,9.77777777777778,616,2,"United Kingdom",1,0,1,"United Kingdom"
"16265",20.0076388888889,10,5550.19,555.019,8.93406593406593,2439,0,"United Kingdom",0,1,3,"United Kingdom"
"16266",25.0347222222222,13,1657.18,127.475384615385,7.61224489795918,746,2,"United Kingdom",0,0,3,"United Kingdom"
"16267",500.944444444444,1,186.66,186.66,28.2857142857143,198,3,"United Kingdom",1,0,1,"United Kingdom"
"16269",347.041666666667,1,717.57,717.57,10.9245283018868,579,1,"United Kingdom",1,0,1,"United Kingdom"
"16270",262.933333333333,1,1141.24,1141.24,12.7407407407407,688,3,"United Kingdom",1,0,1,"United Kingdom"
"16271",35.7965277777778,8,2861.61,357.70125,8.22540983606557,2007,5,"United Kingdom",0,1,3,"United Kingdom"
"16272",26.0805555555556,1,411.7,411.7,8.96,224,0,"United Kingdom",1,0,3,"United Kingdom"
"16273",557.976388888889,2,318.34,159.17,2.66666666666667,40,0,"United Kingdom",1,0,1,"United Kingdom"
"16274",282.885416666667,1,351.75,351.75,2.35384615384615,153,0,"United Kingdom",1,0,1,"United Kingdom"
"16275",106.00625,3,2151.11,717.036666666667,11.4234234234234,1268,4,"United Kingdom",1,0,3,"United Kingdom"
"16276",86.1361111111111,3,2629.39,876.463333333333,56.4230769230769,1467,9,"United Kingdom",1,1,3,"United Kingdom"
"16277",643.057638888889,1,188.69,188.69,1.43478260869565,33,0,"United Kingdom",1,0,1,"United Kingdom"
"16278",9.81805555555556,3,1117.84,372.613333333333,6.21818181818182,342,0,"United Kingdom",1,0,3,"United Kingdom"
"16279",86.0416666666667,7,4554.58,650.654285714286,10.8255813953488,2793,7,"United Kingdom",0,1,3,"United Kingdom"
"16280",634.875694444444,1,238.05,238.05,6.3125,101,0,"United Kingdom",1,0,1,"United Kingdom"
"16281",333.159027777778,2,1361.96,680.98,28.9090909090909,636,10,"United Kingdom",0,0,1,"United Kingdom"
"16282",249.047222222222,3,1307.58,435.86,23.9393939393939,790,7,"United Kingdom",1,0,1,"United Kingdom"
"16283",30.0347222222222,6,3365.86,560.976666666667,4.22857142857143,2072,0,"United Kingdom",0,1,3,"United Kingdom"
"16284",302.974305555556,1,205.8,205.8,4.63333333333333,139,0,"United Kingdom",0,0,1,"United Kingdom"
"16285",555.865972222222,1,176.9,176.9,1.93548387096774,60,0,"United Kingdom",1,0,1,"United Kingdom"
"16286",386.918055555556,2,328.95,164.475,5.94117647058824,101,0,"United Kingdom",1,0,1,"United Kingdom"
"16287",79.1541666666667,5,1006.98,201.396,33.9523809523809,1426,15,"United Kingdom",1,0,3,"United Kingdom"
"16288",379.920138888889,1,129.85,129.85,2.71428571428571,19,0,"United Kingdom",1,0,1,"United Kingdom"
"16289",371.95,1,136.31,136.31,4.61904761904762,97,0,"United Kingdom",1,0,1,"United Kingdom"
"16290",374.040277777778,4,1957.7,489.425,7.71774193548387,957,6,"United Kingdom",1,0,1,"United Kingdom"
"16291",591.85,1,117.72,117.72,1,1,0,"Portugal",1,0,1,"Other"
"16292",31.0180555555556,5,1253.76,250.752,11.0967741935484,688,3,"United Kingdom",1,0,3,"United Kingdom"
"16293",1.11180555555556,11,3484.54,316.776363636364,7.98930481283422,1494,1,"United Kingdom",0,1,3,"United Kingdom"
"16294",386.034027777778,1,126.05,126.05,6.75,54,0,"United Kingdom",1,0,1,"United Kingdom"
"16296",535.985416666667,4,1313.67,328.4175,8.71621621621622,645,0,"United Kingdom",1,0,1,"United Kingdom"
"16297",178.18125,1,301.9,301.9,10.3,206,1,"United Kingdom",1,0,3,"United Kingdom"
"16298",96.1138888888889,5,601.8,120.36,5.92592592592593,160,0,"United Kingdom",0,0,3,"United Kingdom"
"16299",386.794444444444,1,193.65,193.65,8.91666666666667,107,0,"United Kingdom",1,0,1,"United Kingdom"
"16300",339.983333333333,3,1367.32,455.773333333333,2.70168067226891,643,0,"United Kingdom",1,0,1,"United Kingdom"
"16301",646.104166666667,1,107.33,107.33,6.83333333333333,41,0,"United Kingdom",1,0,1,"United Kingdom"
"16302",36.1291666666667,1,233.22,233.22,14.3636363636364,158,0,"United Kingdom",1,0,3,"United Kingdom"
"16303",25.0736111111111,6,6603.97,1100.66166666667,12.7470355731225,3225,18,"United Kingdom",0,1,3,"United Kingdom"
"16304",604.180555555556,1,381.66,381.66,9.12,228,1,"United Kingdom",1,0,1,"United Kingdom"
"16305",48.0222222222222,1,361.22,361.22,11.6363636363636,256,0,"United Kingdom",1,0,3,"United Kingdom"
"16306",123.026388888889,7,1124.72,160.674285714286,10.6268656716418,712,2,"United Kingdom",1,0,3,"United Kingdom"
"16307",338.929861111111,3,1194.92,398.306666666667,14.9733333333333,1123,6,"United Kingdom",1,0,1,"United Kingdom"
"16308",17.0819444444444,6,4160,693.333333333333,2166.66666666667,13000,6,"United Kingdom",0,1,3,"United Kingdom"
"16309",15.8854166666667,2,706.57,353.285,11.1190476190476,467,0,"United Kingdom",1,0,3,"United Kingdom"
"16310",323.91875,2,460.08,230.04,9.64285714285714,270,0,"United Kingdom",1,0,1,"United Kingdom"
"16312",341.940972222222,1,171.15,171.15,5.3,53,0,"United Kingdom",1,0,1,"United Kingdom"
"16314",299.030555555556,3,1491.4,497.133333333333,10.258064516129,636,1,"United Kingdom",1,0,1,"United Kingdom"
"16315",240.036805555556,2,402.71,201.355,6.21739130434783,143,0,"United Kingdom",1,0,1,"United Kingdom"
"16316",66.9222222222222,12,5018.81,418.234166666667,10.5670498084291,2758,7,"United Kingdom",0,1,3,"United Kingdom"
"16317",29.0027777777778,5,2192.51,438.502,10.5641025641026,1236,2,"United Kingdom",1,0,3,"United Kingdom"
"16319",127.057638888889,1,404.4,404.4,24,72,0,"United Kingdom",1,0,3,"United Kingdom"
"16320",81.8923611111111,6,5628.99,938.165,13.7717842323651,3319,10,"Unspecified",1,1,3,"Other"
"16321",214.902777777778,5,454.55,90.91,9.8421052631579,187,0,"Australia",0,0,3,"Other"
"16323",105.918055555556,2,353.66,176.83,36.5,146,3,"United Kingdom",1,0,3,"United Kingdom"
"16324",37.9944444444444,3,408.59,136.196666666667,2.43243243243243,270,0,"United Kingdom",1,0,3,"United Kingdom"
"16325",64.9625,11,3419.28,310.843636363636,17.9699248120301,2390,21,"United Kingdom",0,1,3,"United Kingdom"
"16326",6.02847222222222,18,3206.7,178.15,2.32362459546926,718,0,"United Kingdom",0,1,3,"United Kingdom"
"16327",108.951388888889,14,8809.01,629.215,9.32727272727273,7182,13,"United Kingdom",0,1,3,"United Kingdom"
"16328",472.95,1,310.83,310.83,8.8125,141,0,"United Kingdom",1,0,1,"United Kingdom"
"16329",337.004166666667,4,1664.92,416.23,7.66346153846154,797,4,"United Kingdom",1,0,1,"United Kingdom"
"16330",21.8194444444444,6,422.43,70.405,2.12631578947368,202,0,"United Kingdom",0,0,3,"United Kingdom"
"16331",341.960416666667,6,2037.7,339.616666666667,22.2352941176471,756,7,"United Kingdom",1,0,1,"United Kingdom"
"16332",39.9729166666667,7,1068.98,152.711428571429,6.06060606060606,600,3,"United Kingdom",0,0,3,"United Kingdom"
"16333",8.15347222222222,18,15619.6,867.755555555556,658.162162162162,24352,37,"United Kingdom",0,1,2,"United Kingdom"
"16334",401.841666666667,1,263.73,263.73,3.81481481481481,206,2,"United Kingdom",1,0,1,"United Kingdom"
"16335",461.052083333333,7,2753.52,393.36,2.78116343490305,1004,0,"United Kingdom",1,1,1,"United Kingdom"
"16336",330.0125,4,3517.69,879.4225,21.6617647058824,1473,19,"United Kingdom",1,1,1,"United Kingdom"
"16338",66.9541666666667,1,214.8,214.8,8.54545454545454,94,0,"United Kingdom",1,0,3,"United Kingdom"
"16339",193.964583333333,1,94.05,94.05,1.16666666666667,21,0,"United Kingdom",1,0,3,"United Kingdom"
"16340",16.9145833333333,3,1496.24,498.746666666667,3.69467787114846,1319,1,"United Kingdom",1,0,3,"United Kingdom"
"16341",110.979166666667,4,2676.57,669.1425,19.6181818181818,2158,21,"United Kingdom",0,1,3,"United Kingdom"
"16342",17.1826388888889,3,283.71,94.57,11.1538461538462,145,1,"United Kingdom",0,0,3,"United Kingdom"
"16343",316.940972222222,1,285.54,285.54,4.85714285714286,170,1,"United Kingdom",0,0,1,"United Kingdom"
"16344",67.875,4,842.42,210.605,15.3478260869565,706,0,"United Kingdom",1,0,3,"United Kingdom"
"16345",392.817361111111,1,613.33,613.33,4.54929577464789,323,0,"United Kingdom",0,0,1,"United Kingdom"
"16346",294.871527777778,1,224.51,224.51,19.2666666666667,289,1,"United Kingdom",1,0,1,"United Kingdom"
"16347",297.940972222222,9,2595.51,288.39,5.34630350194552,1374,8,"United Kingdom",0,0,1,"United Kingdom"
"16348",37.8902777777778,5,1067.06,213.412,4.125,759,2,"United Kingdom",0,0,3,"United Kingdom"
"16349",200.006944444444,1,53.5,53.5,1,9,0,"United Kingdom",1,0,3,"United Kingdom"
"16350",243.129166666667,6,1514.12,252.353333333333,8.36781609195402,728,2,"United Kingdom",0,0,3,"United Kingdom"
"16351",242.1,13,3330.03,256.156153846154,11.5775401069519,2165,6,"United Kingdom",1,1,3,"United Kingdom"
"16353",1.00625,29,6587.56,227.15724137931,18.3691275167785,2737,18,"United Kingdom",0,1,2,"United Kingdom"
"16354",289.022222222222,3,723.66,241.22,4.37623762376238,442,1,"United Kingdom",0,0,1,"United Kingdom"
"16355",284.936805555556,1,416.35,416.35,3.72916666666667,179,1,"United Kingdom",1,0,1,"United Kingdom"
"16356",107.040972222222,6,415.87,69.3116666666667,3.22033898305085,190,0,"United Kingdom",1,0,3,"United Kingdom"
"16357",71.8326388888889,3,467.44,155.813333333333,7.92,198,0,"United Kingdom",0,0,3,"United Kingdom"
"16358",93.90625,2,1354.3,677.15,14.6865671641791,984,2,"United Kingdom",0,0,3,"United Kingdom"
"16359",4.02708333333333,14,2358.06,168.432857142857,12.780701754386,1457,11,"United Kingdom",0,0,3,"United Kingdom"
"16362",0.907638888888889,4,572.82,143.205,5.23076923076923,272,0,"United Kingdom",0,0,3,"United Kingdom"
"16364",46.9270833333333,1,346.3,346.3,4.07142857142857,114,0,"United Kingdom",0,0,3,"United Kingdom"
"16365",32.8576388888889,13,2489.48,191.498461538462,7.84403669724771,855,7,"United Kingdom",0,0,3,"United Kingdom"
"16366",491.973611111111,3,1220.83,406.943333333333,10.4333333333333,626,1,"United Kingdom",0,0,1,"United Kingdom"
"16367",272.034027777778,2,716.9,358.45,4.20769230769231,547,1,"United Kingdom",0,0,1,"United Kingdom"
"16368",345.055555555556,1,141.53,141.53,2.66666666666667,56,0,"United Kingdom",0,0,1,"United Kingdom"
"16369",106.132638888889,5,1465.6,293.12,11.3134328358209,758,0,"United Kingdom",0,0,3,"United Kingdom"
"16370",26.9958333333333,3,944.49,314.83,2.96571428571429,519,0,"United Kingdom",0,0,3,"United Kingdom"
"16371",358.028472222222,1,157.2,157.2,9.81818181818182,108,0,"United Kingdom",1,0,1,"United Kingdom"
"16372",318.997222222222,3,934.58,311.526666666667,2.52914798206278,564,0,"United Kingdom",0,0,1,"United Kingdom"
"16373",291.875,2,309.49,154.745,4.10344827586207,119,0,"United Kingdom",1,0,1,"United Kingdom"
"16374",171.961111111111,4,1410.87,352.7175,2.22433460076046,585,0,"United Kingdom",0,0,3,"United Kingdom"
"16375",379.934027777778,2,104,52,5.69230769230769,74,0,"United Kingdom",1,0,1,"United Kingdom"
"16377",176.88125,2,1308.48,654.24,292.8,2928,10,"United Kingdom",1,0,3,"United Kingdom"
"16378",156.904861111111,3,362.95,120.983333333333,11.6086956521739,267,0,"United Kingdom",1,0,3,"United Kingdom"
"16381",305.120833333333,2,247.85,123.925,1.77049180327869,108,0,"United Kingdom",1,0,1,"United Kingdom"
"16382",317.852083333333,2,353.1,176.55,3.79545454545455,167,1,"United Kingdom",1,0,1,"United Kingdom"
"16383",177.993055555556,6,2562.39,427.065,4.01971830985916,1427,2,"United Kingdom",0,0,3,"United Kingdom"
"16384",173.109027777778,3,1183.55,394.516666666667,11.125,801,2,"United Kingdom",0,0,3,"United Kingdom"
"16385",67.95625,4,600.31,150.0775,3.93617021276596,370,0,"United Kingdom",0,0,3,"United Kingdom"
"16386",163.021527777778,2,826.69,413.345,8.40322580645161,521,4,"United Kingdom",0,0,3,"United Kingdom"
"16387",232.052777777778,5,882.46,176.492,5.14942528735632,448,1,"United Kingdom",1,0,3,"United Kingdom"
"16388",563.104166666667,1,186.05,186.05,6.38461538461539,83,0,"United Kingdom",1,0,1,"United Kingdom"
"16389",114.954861111111,2,670.17,335.085,19.1875,307,1,"United Kingdom",0,0,3,"United Kingdom"
"16390",446.110416666667,3,467.5,155.833333333333,5.80952380952381,122,0,"United Kingdom",1,0,1,"United Kingdom"
"16391",310.015972222222,4,1052.26,263.065,2.35197368421053,715,0,"United Kingdom",1,0,1,"United Kingdom"
"16392",179.027083333333,3,756.7,252.233333333333,4.19444444444444,604,0,"United Kingdom",1,0,3,"United Kingdom"
"16393",3.99583333333333,19,4018.78,211.514736842105,3.8623417721519,2441,3,"United Kingdom",0,1,3,"United Kingdom"
"16394",80.9777777777778,3,933.1,311.033333333333,23.4,1404,11,"United Kingdom",0,0,3,"United Kingdom"
"16395",77.8902777777778,12,3000.65,250.054166666667,4.33768656716418,2325,7,"United Kingdom",0,1,3,"United Kingdom"
"16396",385.939583333333,1,137.8,137.8,10,80,0,"United Kingdom",1,0,1,"United Kingdom"
"16397",537.884722222222,1,123.13,123.13,4.77777777777778,43,0,"United Kingdom",1,0,1,"United Kingdom"
"16398",63.8986111111111,2,1705.8,852.9,9.24390243902439,758,3,"United Kingdom",1,0,3,"United Kingdom"
"16399",144.961111111111,2,400.61,200.305,5.04347826086957,348,2,"United Kingdom",0,0,3,"United Kingdom"
"16400",4.01597222222222,9,3059.85,339.983333333333,7.73782771535581,2066,21,"United Kingdom",1,1,3,"United Kingdom"
"16401",41.0236111111111,18,5206.25,289.236111111111,15.75,4473,26,"United Kingdom",0,1,3,"United Kingdom"
"16402",174.017361111111,2,293.45,146.725,2.56140350877193,146,1,"United Kingdom",1,0,3,"United Kingdom"
"16403",221.965972222222,1,177.5,177.5,11.4,114,0,"United Kingdom",1,0,3,"United Kingdom"
"16405",211.893055555556,2,167.25,83.625,37.4,187,1,"United Kingdom",1,0,3,"United Kingdom"
"16406",360.039583333333,2,374.01,187.005,1.56666666666667,141,0,"United Kingdom",0,0,1,"United Kingdom"
"16407",19.9513888888889,12,2164.34,180.361666666667,6.22033898305085,1101,3,"United Kingdom",0,0,3,"United Kingdom"
"16408",500.945833333333,1,231.93,231.93,5.04444444444444,227,0,"United Kingdom",1,0,1,"United Kingdom"
"16409",59.9118055555556,10,4663.13,466.313,4.3172119487909,3035,13,"United Kingdom",0,1,3,"United Kingdom"
"16410",643.915972222222,1,130.32,130.32,69.6,348,4,"United Kingdom",1,0,1,"United Kingdom"
"16411",278.975,3,673.24,224.413333333333,2.54140127388535,399,0,"United Kingdom",0,0,1,"United Kingdom"
"16412",303.040277777778,4,457.2,114.3,2.44565217391304,225,1,"United Kingdom",0,0,1,"United Kingdom"
"16413",285.000694444444,1,259.83,259.83,3.64864864864865,135,0,"United Kingdom",0,0,1,"United Kingdom"
"16414",189.974305555556,4,475.76,118.94,3.22033898305085,190,0,"United Kingdom",0,0,3,"United Kingdom"
"16415",493.040972222222,2,496.49,248.245,3.36734693877551,330,1,"United Kingdom",0,0,1,"United Kingdom"
"16416",299.976388888889,6,1906.48,317.746666666667,13.2695652173913,1526,18,"United Kingdom",0,0,1,"United Kingdom"
"16417",402.154166666667,1,35.7,35.7,6,6,0,"United Kingdom",1,0,1,"United Kingdom"
"16418",2.09375,4,765.98,191.495,4.08928571428571,458,1,"United Kingdom",0,0,3,"United Kingdom"
"16419",22.0118055555556,8,1463.7,182.9625,7.78888888888889,701,4,"United Kingdom",1,0,3,"United Kingdom"
"16420",305.899305555556,1,75,75,60,120,1,"United Kingdom",1,0,1,"United Kingdom"
"16421",285.971527777778,3,526.27,175.423333333333,3.23684210526316,123,0,"United Kingdom",1,0,1,"United Kingdom"
"16422",9,97,56354.17,580.970824742268,93.7532258064516,58127,402,"United Kingdom",0,1,2,"United Kingdom"
"16424",100.965277777778,2,443.06,221.53,16.3076923076923,212,2,"United Kingdom",1,0,3,"United Kingdom"
"16425",211.930555555556,1,302.7,302.7,9.47619047619048,199,0,"United Kingdom",1,0,3,"United Kingdom"
"16426",2.02152777777778,4,689.83,172.4575,5.24050632911392,414,2,"United Kingdom",0,0,3,"United Kingdom"
"16427",172.819444444444,2,241.06,120.53,17.3333333333333,156,2,"United Kingdom",1,0,3,"United Kingdom"
"16428",323.019444444444,3,638.49,212.83,4.52755905511811,575,3,"United Kingdom",1,0,1,"United Kingdom"
"16429",15.9555555555556,1,284.55,284.55,4.5,9,0,"United Kingdom",1,0,3,"United Kingdom"
"16430",290.914583333333,6,817.09,136.181666666667,9.27272727272727,204,0,"United Kingdom",0,0,1,"United Kingdom"
"16431",122.945138888889,3,623.28,207.76,5.81578947368421,442,2,"United Kingdom",1,0,3,"United Kingdom"
"16433",318.016666666667,1,200.26,200.26,6.35294117647059,108,0,"United Kingdom",0,0,1,"United Kingdom"
"16434",5.99722222222222,9,2060.73,228.97,7.81102362204724,992,4,"United Kingdom",0,0,3,"United Kingdom"
"16435",421.769444444444,3,1003.07,334.356666666667,4.864,608,4,"United Kingdom",1,0,1,"United Kingdom"
"16436",577.979861111111,3,319.14,106.38,5.675,227,0,"United Kingdom",1,0,1,"United Kingdom"
"16437",290.827083333333,2,301.25,150.625,9.38095238095238,197,0,"United Kingdom",1,0,1,"United Kingdom"
"16439",631.936111111111,1,310.7,310.7,8.22222222222222,74,0,"United Kingdom",1,0,1,"United Kingdom"
"16440",124.017361111111,2,488.76,244.38,3.41666666666667,205,0,"United Kingdom",0,0,3,"United Kingdom"
"16441",200.802083333333,4,848.93,212.2325,5.60810810810811,415,0,"United Kingdom",0,0,3,"United Kingdom"
"16442",137.040972222222,4,715.11,178.7775,2.77840909090909,489,2,"United Kingdom",0,0,3,"United Kingdom"
"16443",430.036805555556,1,162.24,162.24,96,96,1,"United Kingdom",1,0,1,"United Kingdom"
"16444",4.93263888888889,16,3512.61,219.538125,5.25210084033613,1875,7,"United Kingdom",0,1,3,"United Kingdom"
"16445",296.050694444444,3,352.65,117.55,1.5042735042735,176,0,"United Kingdom",0,0,1,"United Kingdom"
"16446",115.123611111111,1,2.9,2.9,1,2,0,"United Kingdom",0,0,3,"United Kingdom"
"16447",45.0034722222222,3,727.1,242.366666666667,4.63235294117647,315,3,"United Kingdom",1,0,3,"United Kingdom"
"16448",107.848611111111,2,361.12,180.56,3.52,176,0,"United Kingdom",1,0,3,"United Kingdom"
"16449",107.100694444444,2,707.69,353.845,9.175,367,0,"United Kingdom",1,0,3,"United Kingdom"
"16450",59.04375,3,1505.73,501.91,15.8372093023256,681,5,"United Kingdom",1,0,3,"United Kingdom"
"16451",470.7875,2,746.18,373.09,7.92156862745098,404,0,"United Kingdom",0,0,1,"United Kingdom"
"16452",540.007638888889,2,332.17,166.085,11.0555555555556,199,0,"United Kingdom",1,0,1,"United Kingdom"
"16453",440.002777777778,2,251.71,125.855,9.26666666666667,139,0,"United Kingdom",1,0,1,"United Kingdom"
"16454",516.123611111111,2,24.05,12.025,3,6,0,"United Kingdom",0,0,1,"United Kingdom"
"16455",4.08611111111111,10,3477.77,347.777,14.7966101694915,2619,5,"United Kingdom",0,1,3,"United Kingdom"
"16456",8.95833333333333,13,6000.94,461.610769230769,8.42966751918159,3296,21,"United Kingdom",1,1,3,"United Kingdom"
"16457",127.979861111111,1,208.36,208.36,15.5555555555556,140,1,"United Kingdom",1,0,3,"United Kingdom"
"16458",15.8770833333333,23,4359.65,189.55,8.33653846153846,2601,2,"United Kingdom",0,1,2,"United Kingdom"
"16459",639.005555555556,1,71.79,71.79,11.8,59,1,"United Kingdom",1,0,1,"United Kingdom"
"16461",87.0298611111111,3,1545.83,515.276666666667,3.70238095238095,933,2,"United Kingdom",1,0,3,"United Kingdom"
"16462",95.0715277777778,2,68,34,4,8,0,"United Kingdom",0,0,3,"United Kingdom"
"16463",113.920138888889,1,319.37,319.37,9.42105263157895,179,0,"United Kingdom",0,0,3,"United Kingdom"
"16464",51.95625,1,380.33,380.33,3.33333333333333,310,2,"United Kingdom",0,0,3,"United Kingdom"
"16465",330.140972222222,2,746.24,373.12,10.5,504,1,"United Kingdom",1,0,1,"United Kingdom"
"16466",12.9875,13,3170.76,243.904615384615,5.43214285714286,1521,7,"United Kingdom",0,1,3,"United Kingdom"
"16467",418.042361111111,7,2869.16,409.88,307.666666666667,7384,24,"United Kingdom",1,1,1,"United Kingdom"
"16468",379.843055555556,2,712.62,356.31,7.90697674418605,340,0,"United Kingdom",0,0,1,"United Kingdom"
"16469",155.981944444444,3,446.78,148.926666666667,2.0561797752809,183,0,"United Kingdom",0,0,3,"United Kingdom"
"16470",25.0486111111111,10,2203.21,220.321,2.93483709273183,1171,2,"United Kingdom",0,0,3,"United Kingdom"
"16471",184.13125,4,1189.98,297.495,10.8064516129032,670,2,"United Kingdom",1,0,3,"United Kingdom"
"16472",343.954166666667,2,789.6,394.8,6.46153846153846,252,0,"United Kingdom",1,0,1,"United Kingdom"
"16473",74.1527777777778,4,470.83,117.7075,10.5714285714286,296,0,"United Kingdom",1,0,3,"United Kingdom"
"16474",54.9159722222222,1,341.35,341.35,2.0531914893617,193,0,"United Kingdom",0,0,3,"United Kingdom"
"16475",53.0708333333333,3,459.3,153.1,11.7777777777778,318,1,"United Kingdom",0,0,3,"United Kingdom"
"16476",341.097916666667,1,350.35,350.35,7.79166666666667,187,0,"United Kingdom",1,0,1,"United Kingdom"
"16477",41.0020833333333,10,3599.17,359.917,9.91402714932127,2191,3,"United Kingdom",0,1,3,"United Kingdom"
"16481",591.986805555556,1,453.38,453.38,12.5625,201,2,"United Kingdom",1,0,1,"United Kingdom"
"16483",101.9875,1,139.35,139.35,2.31578947368421,44,0,"United Kingdom",1,0,3,"United Kingdom"
"16484",83.0305555555556,2,404.3,202.15,8,200,0,"United Kingdom",1,0,3,"United Kingdom"
"16485",341.888888888889,4,1923.54,480.885,9,918,6,"United Kingdom",0,0,1,"United Kingdom"
"16486",447.023611111111,1,134.36,134.36,3.42857142857143,24,0,"United Kingdom",1,0,1,"United Kingdom"
"16487",486.966666666667,2,209.4,104.7,4.65714285714286,163,1,"United Kingdom",1,0,1,"United Kingdom"
"16488",24.15625,2,354.57,177.285,28.1363636363636,619,4,"United Kingdom",0,0,3,"United Kingdom"
"16489",289.923611111111,2,303.7,151.85,6.33333333333333,38,0,"United Kingdom",1,0,1,"United Kingdom"
"16490",345.847222222222,1,205.41,205.41,8.69230769230769,113,0,"United Kingdom",1,0,1,"United Kingdom"
"16491",322.880555555556,1,801.66,801.66,12.125,582,2,"United Kingdom",0,0,1,"United Kingdom"
"16492",450.1875,1,385.56,385.56,10.2173913043478,235,0,"United Kingdom",1,0,1,"United Kingdom"
"16493",82.8993055555556,6,1562.75,260.458333333333,17.1910112359551,1530,16,"United Kingdom",0,0,3,"United Kingdom"
"16494",206.000694444444,1,826.53,826.53,13.5,675,3,"United Kingdom",1,0,3,"United Kingdom"
"16495",185.840972222222,2,246.51,123.255,5.03030303030303,166,1,"United Kingdom",0,0,3,"United Kingdom"
"16496",117.084722222222,5,1916.29,383.258,12.6052631578947,1437,7,"United Kingdom",0,0,3,"United Kingdom"
"16497",112.952777777778,22,5280.29,240.013181818182,8.48263888888889,2443,1,"United Kingdom",0,1,2,"United Kingdom"
"16498",70.9048611111111,2,100.97,50.485,3,45,0,"United Kingdom",1,0,3,"United Kingdom"
"16499",269.971527777778,8,2578.34,322.2925,9.47222222222222,1364,3,"United Kingdom",1,0,1,"United Kingdom"
"16500",240.098611111111,4,608.05,152.0125,11,264,1,"United Kingdom",0,0,1,"United Kingdom"
"16501",292.944444444444,1,1191.23,1191.23,3.15577889447236,628,3,"United Kingdom",1,0,1,"United Kingdom"
"16502",529.9625,2,258.55,129.275,5.36585365853659,220,3,"United Kingdom",1,0,1,"United Kingdom"
"16503",16.0444444444444,11,3614.34,328.576363636364,7.20657276995305,1535,1,"United Kingdom",1,1,3,"United Kingdom"
"16507",481.995833333333,1,142.71,142.71,2.92105263157895,111,0,"United Kingdom",1,0,1,"United Kingdom"
"16508",539.964583333333,1,240.95,240.95,2.3953488372093,103,0,"United Kingdom",1,0,1,"United Kingdom"
"16509",206.142361111111,1,363.7,363.7,4.92307692307692,64,0,"United Kingdom",1,0,3,"United Kingdom"
"16510",281.965972222222,6,1777.5,296.25,8.30357142857143,930,0,"United Kingdom",1,0,1,"United Kingdom"
"16511",54.0840277777778,5,1407.86,281.572,2.60743801652893,631,1,"United Kingdom",0,0,3,"United Kingdom"
"16515",1.06597222222222,9,2802.28,311.364444444444,6.55251141552511,1435,4,"United Kingdom",0,1,3,"United Kingdom"
"16517",186.958333333333,1,162.7,162.7,5.64705882352941,96,0,"United Kingdom",1,0,3,"United Kingdom"
"16518",193.843055555556,3,665.75,221.916666666667,8.23076923076923,321,1,"United Kingdom",0,0,3,"United Kingdom"
"16519",274.945833333333,3,327.68,109.226666666667,4.28571428571429,120,0,"United Kingdom",0,0,1,"United Kingdom"
"16520",95.9763888888889,6,2148.38,358.063333333333,2.96875,1045,0,"United Kingdom",1,0,3,"United Kingdom"
"16521",324.986805555556,3,1140.11,380.036666666667,4.27848101265823,1014,2,"United Kingdom",1,0,1,"United Kingdom"
"16522",345.080555555556,2,433.36,216.68,11.7777777777778,212,1,"United Kingdom",1,0,1,"United Kingdom"
"16523",5.14861111111111,20,7743.81,387.1905,12.2540322580645,3039,23,"United Kingdom",0,1,2,"United Kingdom"
"16524",355.967361111111,2,306.19,153.095,4.88679245283019,259,0,"United Kingdom",1,0,1,"United Kingdom"
"16525",8.75069444444444,43,21496.2,499.911627906977,40.6898734177215,12858,117,"United Kingdom",0,1,2,"United Kingdom"
"16526",81.0333333333333,2,717.21,358.605,7.97142857142857,279,1,"United Kingdom",1,0,3,"United Kingdom"
"16527",333.975694444444,1,1004.88,1004.88,10.2033898305085,602,2,"United Kingdom",0,0,1,"United Kingdom"
"16529",99.8104166666667,4,1986.8,496.7,5.7734375,739,0,"United Kingdom",1,0,3,"United Kingdom"
"16530",577.888888888889,1,48.35,48.35,5.66666666666667,17,0,"United Kingdom",1,0,1,"United Kingdom"
"16531",36.8715277777778,8,1738.27,217.28375,14.2924528301887,1515,7,"United Kingdom",0,0,3,"United Kingdom"
"16532",45.0895833333333,4,6524.64,1631.16,412.8,2064,5,"United Kingdom",0,1,3,"United Kingdom"
"16534",551.877083333333,1,635.9,635.9,4.66666666666667,168,0,"United Kingdom",1,0,1,"United Kingdom"
"16535",294.992361111111,2,378.29,189.145,7.7,308,1,"United Kingdom",0,0,1,"United Kingdom"
"16536",19.8722222222222,1,548.12,548.12,4.62962962962963,250,0,"United Kingdom",1,0,3,"United Kingdom"
"16537",550.964583333333,1,23.35,23.35,14.75,59,0,"United Kingdom",1,0,1,"United Kingdom"
"16538",450.827083333333,3,395.07,131.69,6.19512195121951,254,1,"United Kingdom",1,0,1,"United Kingdom"
"16539",129.123611111111,9,2954.46,328.273333333333,7.7258064516129,958,0,"United Kingdom",0,1,3,"United Kingdom"
"16540",323.811111111111,1,205.75,205.75,3.62068965517241,105,0,"United Kingdom",1,0,1,"United Kingdom"
"16541",644.977777777778,1,424.03,424.03,4.55263157894737,173,1,"United Kingdom",1,0,1,"United Kingdom"
"16542",310.920833333333,1,137.7,137.7,10.6666666666667,96,0,"United Kingdom",0,0,1,"United Kingdom"
"16543",501.05,1,292.21,292.21,17.6111111111111,317,3,"United Kingdom",1,0,1,"United Kingdom"
"16544",429.06875,4,376.7,94.175,13.6363636363636,150,1,"United Kingdom",1,0,1,"United Kingdom"
"16545",74.0923611111111,2,689.82,344.91,40.25,322,4,"United Kingdom",1,0,3,"United Kingdom"
"16546",200.0625,5,5307.07,1061.414,47.8522727272727,4211,39,"United Kingdom",1,1,3,"United Kingdom"
"16547",455.991666666667,1,104.26,104.26,4.32,108,2,"United Kingdom",1,0,1,"United Kingdom"
"16548",508.857638888889,1,30.15,30.15,1,6,0,"United Kingdom",1,0,1,"United Kingdom"
"16549",33.8798611111111,26,9527.26,366.433076923077,2.2969696969697,5306,2,"United Kingdom",0,1,2,"United Kingdom"
"16550",18.0680555555556,18,8813.58,489.643333333333,7.15894039735099,5405,5,"United Kingdom",1,1,3,"United Kingdom"
"16551",5.13333333333333,7,2237.12,319.588571428571,23.5909090909091,2076,19,"United Kingdom",1,0,3,"United Kingdom"
"16552",152.115277777778,2,379.73,189.865,12.8823529411765,219,2,"United Kingdom",1,0,3,"United Kingdom"
"16553",72.8805555555556,33,16584.01,502.545757575758,56.2568493150685,16427,157,"United Kingdom",1,1,2,"United Kingdom"
"16554",131.939583333333,7,2318.73,331.247142857143,7.88970588235294,1073,0,"United Kingdom",0,0,3,"United Kingdom"
"16555",19.0125,5,1781.77,356.354,29.8448275862069,1731,19,"United Kingdom",0,0,3,"United Kingdom"
"16556",15.0361111111111,16,7255.16,453.4475,8.74712643678161,3805,2,"United Kingdom",0,1,3,"United Kingdom"
"16557",46.9736111111111,1,101.15,101.15,2.16666666666667,13,0,"United Kingdom",0,0,3,"United Kingdom"
"16558",1.93680555555556,32,9650.79,301.5871875,9.73972602739726,5688,18,"United Kingdom",0,1,2,"United Kingdom"
"16559",306.956944444444,1,175,175,3.58823529411765,61,0,"United Kingdom",1,0,1,"United Kingdom"
"16560",267.926388888889,7,2539.15,362.735714285714,7.85185185185185,1272,1,"United Kingdom",0,0,1,"United Kingdom"
"16562",386.045138888889,1,223.86,223.86,7.76470588235294,264,0,"United Kingdom",1,0,1,"United Kingdom"
"16563",309.94375,5,3334.82,666.964,29.9714285714286,2098,20,"United Kingdom",0,1,1,"United Kingdom"
"16564",478.922916666667,1,87.8,87.8,8,40,0,"United Kingdom",1,0,1,"United Kingdom"
"16565",273.895138888889,4,773.05,193.2625,19.1818181818182,211,3,"United Kingdom",1,0,1,"United Kingdom"
"16566",79.9347222222222,3,463.88,154.626666666667,24,216,2,"United Kingdom",0,0,3,"United Kingdom"
"16567",103.953472222222,2,865.6,432.8,28.4571428571429,996,7,"United Kingdom",1,0,3,"United Kingdom"
"16568",337.080555555556,2,1020.9,510.45,73.2,366,2,"United Kingdom",1,0,1,"United Kingdom"
"16569",540.896527777778,4,1331.03,332.7575,29.8333333333333,895,11,"United Kingdom",0,0,1,"United Kingdom"
"16570",36.9472222222222,16,5829.98,364.37375,18.6891191709845,3607,30,"United Kingdom",0,1,3,"United Kingdom"
"16571",85.9833333333333,9,3723.84,413.76,14.7797356828194,3355,23,"United Kingdom",0,1,3,"United Kingdom"
"16572",36.8444444444444,3,1009.6,336.533333333333,9.33333333333333,532,0,"United Kingdom",1,0,3,"United Kingdom"
"16573",199.9,1,292.63,292.63,6.9375,111,0,"United Kingdom",0,0,3,"United Kingdom"
"16574",333.142361111111,2,850.34,425.17,10.1034482758621,586,0,"United Kingdom",0,0,1,"United Kingdom"
"16576",329.967361111111,2,540.87,270.435,9.78787878787879,323,0,"United Kingdom",1,0,1,"United Kingdom"
"16577",576.128472222222,1,380,380,6.17391304347826,142,0,"United Kingdom",1,0,1,"United Kingdom"
"16578",535.902083333333,1,156.6,156.6,12,108,0,"United Kingdom",1,0,1,"United Kingdom"
"16579",335.036111111111,1,295.05,295.05,8.5,119,0,"United Kingdom",1,0,1,"United Kingdom"
"16581",92.1145833333333,1,105.84,105.84,14.8888888888889,134,0,"United Kingdom",1,0,3,"United Kingdom"
"16582",22.825,1,313.62,313.62,27.3333333333333,164,2,"United Kingdom",1,0,3,"United Kingdom"
"16583",283.032638888889,2,297.95,148.975,8.5,153,0,"United Kingdom",1,0,1,"United Kingdom"
"16584",163.983333333333,4,2832.03,708.0075,25.8088235294118,1755,15,"United Kingdom",0,1,3,"United Kingdom"
"16585",503.094444444444,2,341.59,170.795,8.38888888888889,151,0,"United Kingdom",1,0,1,"United Kingdom"
"16586",158.1375,3,1462.78,487.593333333333,12.4285714285714,348,2,"United Kingdom",1,0,3,"United Kingdom"
"16587",141.874305555556,1,225.15,225.15,5.46153846153846,71,0,"United Kingdom",1,0,3,"United Kingdom"
"16588",295.7875,4,1361.28,340.32,12.4225352112676,882,0,"United Kingdom",1,0,1,"United Kingdom"
"16589",16.1180555555556,3,367.8,122.6,12.4615384615385,324,0,"United Kingdom",0,0,3,"United Kingdom"
"16590",310.155555555556,2,605.9,302.95,8.27586206896552,240,0,"United Kingdom",1,0,1,"United Kingdom"
"16592",46.0493055555556,22,5908.56,268.570909090909,12.8294117647059,4362,7,"United Kingdom",0,1,2,"United Kingdom"
"16593",99.0229166666667,7,996.61,142.372857142857,4.80555555555556,346,2,"United Kingdom",0,0,3,"United Kingdom"
"16595",285.940972222222,4,1397.59,349.3975,2.71389645776567,996,2,"United Kingdom",0,0,1,"United Kingdom"
"16596",275.855555555556,3,329.48,109.826666666667,7.22222222222222,130,0,"United Kingdom",0,0,1,"United Kingdom"
"16598",195.047222222222,1,145.05,145.05,7.3,73,0,"United Kingdom",1,0,3,"United Kingdom"
"16599",295.003472222222,1,172.8,172.8,13.25,159,0,"United Kingdom",1,0,1,"United Kingdom"
"16600",162.729166666667,9,1577.35,175.261111111111,16.5959595959596,1643,13,"United Kingdom",0,0,3,"United Kingdom"
"16601",300.055555555556,2,434.3,217.15,6.61538461538461,258,1,"United Kingdom",0,0,1,"United Kingdom"
"16602",298.150694444444,1,235.25,235.25,8.45454545454546,93,0,"United Kingdom",0,0,1,"United Kingdom"
"16603",0.991666666666667,1,296.62,296.62,15.7826086956522,363,1,"United Kingdom",0,0,3,"United Kingdom"
"16604",472.152777777778,2,432.45,216.225,14.5833333333333,175,1,"United Kingdom",1,0,1,"United Kingdom"
"16605",633.740972222222,1,60.48,60.48,144,144,1,"United Kingdom",1,0,1,"United Kingdom"
"16606",313.953472222222,2,357.66,178.83,6.72727272727273,148,0,"United Kingdom",1,0,1,"United Kingdom"
"16607",37.9083333333333,21,4626.74,220.320952380952,15.3881856540084,3647,21,"United Kingdom",0,1,2,"United Kingdom"
"16608",363.045833333333,2,1286.62,643.31,5.05785123966942,612,3,"United Kingdom",1,0,1,"United Kingdom"
"16609",44.9576388888889,5,2710.04,542.008,8.08441558441558,1245,1,"United Kingdom",0,1,3,"United Kingdom"
"16610",128.984027777778,1,75.66,75.66,11,66,0,"United Kingdom",1,0,3,"United Kingdom"
"16611",95.8777777777778,6,1785.13,297.521666666667,7.94545454545455,874,2,"United Kingdom",1,0,3,"United Kingdom"
"16612",28.9291666666667,8,2928.07,366.00875,8.59868421052632,1307,1,"United Kingdom",0,1,3,"United Kingdom"
"16614",92.0513888888889,3,1179.79,393.263333333333,7.12244897959184,349,0,"United Kingdom",1,0,3,"United Kingdom"
"16615",535.900694444444,1,291.5,291.5,11.1052631578947,211,0,"United Kingdom",1,0,1,"United Kingdom"
"16616",66.9666666666667,1,210.1,210.1,10,110,0,"United Kingdom",0,0,3,"United Kingdom"
"16617",145.09375,1,151.85,151.85,18.2,91,1,"United Kingdom",1,0,3,"United Kingdom"
"16618",120.092361111111,4,1441.29,360.3225,14.2777777777778,771,8,"United Kingdom",0,0,3,"United Kingdom"
"16619",173.188888888889,4,1938.33,484.5825,9.0948275862069,1055,2,"United Kingdom",1,0,3,"United Kingdom"
"16620",170.092361111111,5,1675.73,335.146,12.2888888888889,1106,4,"United Kingdom",0,0,3,"United Kingdom"
"16621",57.0451388888889,3,609.41,203.136666666667,8.5,187,0,"United Kingdom",0,0,3,"United Kingdom"
"16622",453.0875,1,225.4,225.4,3.66666666666667,44,0,"United Kingdom",1,0,1,"United Kingdom"
"16623",155.111805555556,4,1015.24,253.81,8.66666666666667,442,1,"United Kingdom",1,0,3,"United Kingdom"
"16624",106.9375,1,426.43,426.43,9.33333333333333,196,2,"United Kingdom",0,0,3,"United Kingdom"
"16625",184,5,1654.03,330.806,10.6767676767677,1057,5,"United Kingdom",1,0,3,"United Kingdom"
"16626",22.9145833333333,7,2165.34,309.334285714286,10.8627450980392,1108,6,"United Kingdom",0,0,3,"United Kingdom"
"16628",16.0270833333333,6,1749.89,291.648333333333,9.46315789473684,899,0,"United Kingdom",0,0,3,"United Kingdom"
"16629",5.85972222222222,1,227.68,227.68,4.60869565217391,212,2,"United Kingdom",0,0,3,"United Kingdom"
"16630",316.930555555556,1,106.8,106.8,18,72,0,"United Kingdom",1,0,1,"United Kingdom"
"16631",391.0625,7,1892.52,270.36,9.6875,775,4,"United Kingdom",1,0,1,"United Kingdom"
"16632",395.049305555556,2,406.4,203.2,9.48148148148148,256,0,"United Kingdom",1,0,1,"United Kingdom"
"16633",23.94375,3,1168.26,389.42,7.46774193548387,463,1,"United Kingdom",0,0,3,"United Kingdom"
"16634",132.028472222222,6,1649.81,274.968333333333,15.144578313253,1257,3,"United Kingdom",1,0,3,"United Kingdom"
"16635",316.13125,1,473,473,11.08,277,0,"United Kingdom",1,0,1,"United Kingdom"
"16636",347.984027777778,4,3802.04,950.51,29.9452054794521,2186,22,"United Kingdom",1,1,1,"United Kingdom"
"16637",33.0347222222222,2,530.55,265.275,10.96875,351,2,"United Kingdom",0,0,3,"United Kingdom"
"16638",8.81666666666667,14,2250.35,160.739285714286,11.9923664122137,1571,11,"United Kingdom",0,0,3,"United Kingdom"
"16639",116.111111111111,3,961.62,320.54,7.84313725490196,400,0,"United Kingdom",0,0,3,"United Kingdom"
"16640",307.084722222222,1,179.4,179.4,11.2307692307692,146,0,"United Kingdom",1,0,1,"United Kingdom"
"16641",15.0006944444444,2,554.5,277.25,12.6111111111111,454,4,"United Kingdom",1,0,3,"United Kingdom"
"16642",117.010416666667,2,696.85,348.425,12.2,427,5,"United Kingdom",0,0,3,"United Kingdom"
"16643",155.184722222222,2,923.11,461.555,10.0545454545455,553,1,"United Kingdom",1,0,3,"United Kingdom"
"16644",87.0076388888889,2,833.78,416.89,13.3225806451613,826,0,"United Kingdom",1,0,3,"United Kingdom"
"16645",645.125694444444,1,160.39,160.39,8.35714285714286,117,0,"United Kingdom",1,0,1,"United Kingdom"
"16646",358.973611111111,1,678.8,678.8,36.9655172413793,1072,4,"United Kingdom",1,0,1,"United Kingdom"
"16647",79.04375,4,541.9,135.475,12,396,4,"United Kingdom",1,0,3,"United Kingdom"
"16648",365.035416666667,2,382.14,191.07,12.3333333333333,222,0,"United Kingdom",0,0,1,"United Kingdom"
"16649",429.88125,1,306.58,306.58,4.1,82,0,"United Kingdom",1,0,1,"United Kingdom"
"16650",329.890277777778,6,1397.69,232.948333333333,15.3918918918919,1139,5,"United Kingdom",0,0,1,"United Kingdom"
"16651",496.044444444444,1,136.2,136.2,10,60,0,"United Kingdom",1,0,1,"United Kingdom"
"16652",19.0763888888889,14,15302.29,1093.02071428571,26.4599156118143,6271,69,"United Kingdom",0,1,3,"United Kingdom"
"16654",50.89375,8,1484.07,185.50875,8.64864864864865,640,3,"United Kingdom",1,0,3,"United Kingdom"
"16655",40.8881944444444,10,4500.93,450.093,5.56076759061834,2608,6,"United Kingdom",0,1,3,"United Kingdom"
"16656",5.14583333333333,26,15324.05,589.386538461539,109.448,13681,79,"United Kingdom",0,1,2,"United Kingdom"
"16657",58.0451388888889,2,414.79,207.395,4.81451612903226,597,2,"United Kingdom",0,0,3,"United Kingdom"
"16658",277.960416666667,6,690.83,115.138333333333,4.328125,277,0,"United Kingdom",1,0,1,"United Kingdom"
"16659",98.9076388888889,1,39.12,39.12,36,72,1,"United Kingdom",1,0,3,"United Kingdom"
"16660",120.0875,5,996.26,199.252,49.8461538461538,648,5,"United Kingdom",0,0,3,"United Kingdom"
"16661",449.893055555556,4,932.76,233.19,5.87096774193548,364,1,"United Kingdom",1,0,1,"United Kingdom"
"16662",303.829166666667,1,151.05,151.05,1.25,35,0,"United Kingdom",1,0,1,"United Kingdom"
"16663",638.984722222222,1,165,165,100,100,1,"United Kingdom",1,0,1,"United Kingdom"
"16664",478.81875,1,109.2,109.2,3,24,0,"United Kingdom",1,0,1,"United Kingdom"
"16665",271.949305555556,1,135.4,135.4,6.55555555555556,59,1,"United Kingdom",1,0,1,"United Kingdom"
"16666",530.900694444444,1,98.73,98.73,7.5625,121,1,"United Kingdom",0,0,1,"United Kingdom"
"16667",193.995138888889,1,200.4,200.4,3.85,77,0,"United Kingdom",0,0,3,"United Kingdom"
"16668",26.0194444444444,12,822.22,68.5183333333333,14.26,713,4,"United Kingdom",0,0,3,"United Kingdom"
"16670",15.8111111111111,17,7174.22,422.012941176471,9.45080091533181,4130,8,"United Kingdom",0,1,3,"United Kingdom"
"16671",74.0625,1,1382.88,1382.88,218.666666666667,656,3,"United Kingdom",0,0,3,"United Kingdom"
"16672",8.91111111111111,17,6911.84,406.578823529412,24.74,2474,22,"United Kingdom",0,1,3,"United Kingdom"
"16673",588.936111111111,1,171.13,171.13,5,95,0,"United Kingdom",1,0,1,"United Kingdom"
"16674",7.95208333333333,1,115.1,115.1,1.84848484848485,61,0,"United Kingdom",0,0,3,"United Kingdom"
"16675",351.024305555556,2,608.86,304.43,12.8695652173913,296,2,"United Kingdom",1,0,1,"United Kingdom"
"16676",122.902777777778,5,1868.28,373.656,6.50925925925926,703,1,"United Kingdom",0,0,3,"United Kingdom"
"16677",320.914583333333,2,880.62,440.31,9.72340425531915,457,0,"United Kingdom",1,0,1,"United Kingdom"
"16678",8.10138888888889,8,2137.3,267.1625,14.3684210526316,1638,11,"United Kingdom",0,0,3,"United Kingdom"
"16679",275.957638888889,3,663.31,221.103333333333,13.7222222222222,247,1,"United Kingdom",1,0,1,"United Kingdom"
"16680",437.915277777778,2,637.75,318.875,14.8947368421053,283,3,"United Kingdom",0,0,1,"United Kingdom"
"16681",54.1034722222222,5,1484.18,296.836,29.1025641025641,1135,11,"United Kingdom",0,0,3,"United Kingdom"
"16682",1.89861111111111,3,810.22,270.073333333333,38.1,762,8,"United Kingdom",0,0,3,"United Kingdom"
"16683",443.093055555556,1,320.25,320.25,10.5555555555556,190,0,"United Kingdom",1,0,1,"United Kingdom"
"16684",42.9013888888889,45,114372.71,2541.61577777778,129.786535303777,79040,412,"United Kingdom",0,1,2,"United Kingdom"
"16686",7.8,15,4321.13,288.075333333333,3.40994475138122,3086,11,"United Kingdom",0,1,3,"United Kingdom"
"16687",300.044444444444,1,157.63,157.63,17.625,141,1,"United Kingdom",1,0,1,"United Kingdom"
"16690",111.08125,3,213.95,71.3166666666667,9.75,117,0,"United Kingdom",0,0,3,"United Kingdom"
"16691",327.907638888889,2,178.83,89.415,8.36363636363636,92,0,"United Kingdom",1,0,1,"United Kingdom"
"16692",165.919444444444,4,1914.7,478.675,175.6,878,3,"United Kingdom",1,0,3,"United Kingdom"
"16693",181.072222222222,4,855.03,213.7575,3.88461538461538,505,2,"United Kingdom",0,0,3,"United Kingdom"
"16694",632.878472222222,1,98.3,98.3,8.66666666666667,26,0,"United Kingdom",1,0,1,"United Kingdom"
"16695",471.009722222222,2,191.9,95.95,5.25714285714286,184,2,"United Kingdom",1,0,1,"United Kingdom"
"16696",44.9354166666667,4,657.9,164.475,14.6,146,0,"United Kingdom",1,0,3,"United Kingdom"
"16697",150.818055555556,1,112.75,112.75,1.28571428571429,27,0,"United Kingdom",1,0,3,"United Kingdom"
"16698",136.081944444444,2,1998,999,168,840,5,"United Kingdom",1,0,3,"United Kingdom"
"16699",289.925,7,994.6,142.085714285714,10.3225806451613,640,5,"United Kingdom",1,0,1,"United Kingdom"
"16700",31.1236111111111,22,7850.17,356.825909090909,12.6839826839827,5860,12,"United Kingdom",0,1,2,"United Kingdom"
"16701",39.0270833333333,23,8568.85,372.558695652174,39.8796680497925,9611,98,"United Kingdom",0,1,2,"United Kingdom"
"16702",324.944444444444,4,1110.83,277.7075,7.6043956043956,692,6,"United Kingdom",1,0,1,"United Kingdom"
"16704",527.95,2,664.16,332.08,8.01851851851852,433,0,"United Kingdom",1,0,1,"United Kingdom"
"16705",8.14305555555556,32,39260.411,1226.88784375,35.1133671742809,20752,200,"United Kingdom",0,1,2,"United Kingdom"
"16706",7.96458333333333,2,411.55,205.775,2.11538461538462,220,0,"United Kingdom",0,0,3,"United Kingdom"
"16707",309.924305555556,4,533.41,133.3525,6.09230769230769,396,1,"United Kingdom",1,0,1,"United Kingdom"
"16709",109.044444444444,13,8010.73,616.21,10.7362637362637,2931,13,"United Kingdom",0,1,3,"United Kingdom"
"16710",47.9368055555556,19,5288.44,278.338947368421,4.5840490797546,3736,8,"United Kingdom",0,1,3,"United Kingdom"
"16711",49.9354166666667,7,2127.32,303.902857142857,30.0952380952381,632,7,"United Kingdom",0,0,3,"United Kingdom"
"16712",4.84930555555556,10,3111.37,311.137,3.98143236074271,1501,3,"United Kingdom",0,1,3,"United Kingdom"
"16713",25.0263888888889,28,11175.55,399.126785714286,6.0755258126195,6355,25,"United Kingdom",0,1,2,"United Kingdom"
"16714",128.070138888889,4,1497.33,374.3325,7.52727272727273,828,0,"United Kingdom",1,0,3,"United Kingdom"
"16715",472.010416666667,1,323.8,323.8,59.1111111111111,532,5,"United Kingdom",0,0,1,"United Kingdom"
"16716",176.115972222222,3,2149.68,716.56,114,912,7,"United Kingdom",1,0,3,"United Kingdom"
"16717",5.09930555555556,12,4380.26,365.021666666667,8.43388429752066,2041,2,"United Kingdom",0,1,3,"United Kingdom"
"16718",278.990972222222,5,3006.08,601.216,10.8700564971751,1924,9,"United Kingdom",1,1,1,"United Kingdom"
"16719",58.1222222222222,12,3027.28,252.273333333333,5.74251497005988,1918,6,"United Kingdom",0,1,3,"United Kingdom"
"16720",285.917361111111,2,605.79,302.895,2.43478260869565,280,1,"United Kingdom",0,0,1,"United Kingdom"
"16721",171.8625,1,292.47,292.47,4.64864864864865,172,0,"United Kingdom",1,0,3,"United Kingdom"
"16722",9.05,19,7115.33,374.491052631579,20.9003115264798,6709,49,"United Kingdom",0,1,3,"United Kingdom"
"16723",0.992361111111111,4,1231.36,307.84,7.7258064516129,958,8,"United Kingdom",1,0,3,"United Kingdom"
"16724",314.048611111111,1,147.35,147.35,4.05882352941176,69,0,"United Kingdom",1,0,1,"United Kingdom"
"16725",211.831944444444,14,1688.26,120.59,2.01149425287356,700,1,"United Kingdom",1,0,3,"United Kingdom"
"16726",105.993055555556,6,1482.3,247.05,4.9171270718232,890,1,"United Kingdom",0,0,3,"United Kingdom"
"16727",273.959722222222,4,1377.77,344.4425,5.2,1066,2,"United Kingdom",1,0,1,"United Kingdom"
"16728",76.0354166666667,3,548.31,182.77,2.25352112676056,320,0,"United Kingdom",0,0,3,"United Kingdom"
"16729",8.85555555555556,17,5343.27,314.31,9.08656036446469,3989,15,"United Kingdom",0,1,3,"United Kingdom"
"16730",144.00625,2,480.94,240.47,20.2702702702703,750,6,"United Kingdom",0,0,3,"United Kingdom"
"16731",557.90625,1,170.3,170.3,2.95238095238095,124,0,"United Kingdom",1,0,1,"United Kingdom"
"16732",312.970138888889,3,3783.89,1261.29666666667,10.8652849740933,2097,7,"United Kingdom",0,1,1,"United Kingdom"
"16733",439.109722222222,1,259.68,259.68,9.33333333333333,112,0,"United Kingdom",1,0,1,"United Kingdom"
"16734",23.9083333333333,2,302.41,151.205,3.375,108,1,"United Kingdom",0,0,3,"United Kingdom"
"16735",8.10347222222222,13,5911.15,454.703846153846,14.5631768953069,4034,20,"United Kingdom",0,1,3,"United Kingdom"
"16736",415.111805555556,5,2956.56,591.312,7.34265734265734,1050,3,"United Kingdom",1,1,1,"United Kingdom"
"16737",487.122916666667,1,417.6,417.6,288,288,1,"United Kingdom",0,0,1,"United Kingdom"
"16738",207.127777777778,1,3.75,3.75,3,3,0,"United Kingdom",1,0,3,"United Kingdom"
"16739",86.1479166666667,2,786.43,393.215,10.2894736842105,391,2,"United Kingdom",1,0,3,"United Kingdom"
"16740",304.969444444444,1,226.91,226.91,3.4375,110,0,"United Kingdom",1,0,1,"United Kingdom"
"16741",534.899305555556,1,173.06,173.06,7.36363636363636,81,0,"United Kingdom",1,0,1,"United Kingdom"
"16742",402.081944444444,13,2334.97,179.613076923077,24.8252427184466,2557,28,"United Kingdom",0,0,1,"United Kingdom"
"16743",22.7743055555556,13,3859.92,296.916923076923,9.61959654178674,3338,14,"United Kingdom",0,1,3,"United Kingdom"
"16744",6.02777777777778,3,399.11,133.036666666667,2.58064516129032,240,0,"United Kingdom",0,0,3,"United Kingdom"
"16745",7.98611111111111,16,6359.1,397.44375,17.3825301204819,5771,42,"United Kingdom",0,1,3,"United Kingdom"
"16746",10.1527777777778,36,15770.17,438.060277777778,11.4795321637427,9815,48,"United Kingdom",0,1,2,"United Kingdom"
"16748",127.058333333333,12,3031.63,252.635833333333,13.3769230769231,1739,0,"United Kingdom",0,1,3,"United Kingdom"
"16749",500.988888888889,2,4157.88,2078.94,26.5277777777778,1910,18,"United Kingdom",1,1,1,"United Kingdom"
"16750",30.9173611111111,3,416.12,138.706666666667,2.93617021276596,138,0,"United Kingdom",0,0,3,"United Kingdom"
"16752",282.022222222222,1,207.5,207.5,6,54,0,"United Kingdom",1,0,1,"United Kingdom"
"16754",281.8,29,65500.07,2258.62310344828,453.935714285714,63551,128,"United Kingdom",1,1,2,"United Kingdom"
"16755",23.9784722222222,7,2864.68,409.24,6.22257053291536,1985,7,"United Kingdom",1,1,3,"United Kingdom"
"16756",124.136805555556,7,1312.37,187.481428571429,8.94936708860759,707,0,"United Kingdom",1,0,3,"United Kingdom"
"16757",228.035416666667,2,270.48,135.24,12,180,1,"United Kingdom",1,0,3,"United Kingdom"
"16760",339.871527777778,1,228,228,9.88235294117647,168,0,"United Kingdom",1,0,1,"United Kingdom"
"16761",6.06597222222222,1,316.62,316.62,26.2307692307692,341,3,"United Kingdom",1,0,3,"United Kingdom"
"16762",53.9986111111111,1,314.15,314.15,11,143,0,"United Kingdom",0,0,3,"United Kingdom"
"16763",108.040277777778,2,964.7,482.35,11.1818181818182,492,1,"United Kingdom",1,0,3,"United Kingdom"
"16764",8.83611111111111,4,782.55,195.6375,1.85204081632653,363,0,"United Kingdom",0,0,3,"United Kingdom"
"16765",203.88125,2,454.75,227.375,5.98076923076923,311,2,"United Kingdom",1,0,3,"United Kingdom"
"16766",182.894444444444,2,1145.6,572.8,15.7647058823529,536,2,"United Kingdom",1,0,3,"United Kingdom"
"16767",3.14930555555556,11,7301.66,663.787272727273,22.9686411149826,6592,43,"United Kingdom",0,1,3,"United Kingdom"
"16768",13.0881944444444,8,1506.97,188.37125,4.44,666,4,"United Kingdom",0,0,3,"United Kingdom"
"16769",169.964583333333,4,1117.05,279.2625,3.04123711340206,295,0,"United Kingdom",1,0,3,"United Kingdom"
"16770",146.000694444444,8,1671.21,208.90125,3.21404682274247,961,0,"United Kingdom",0,0,3,"United Kingdom"
"16771",184.954166666667,8,3358.74,419.8425,5.68693009118541,1871,4,"United Kingdom",0,1,3,"United Kingdom"
"16772",332.979861111111,3,3698.05,1232.68333333333,10.1029411764706,687,4,"United Kingdom",1,1,1,"United Kingdom"
"16773",345.877083333333,2,249.65,124.825,2.07692307692308,81,0,"United Kingdom",0,0,1,"United Kingdom"
"16774",25.9951388888889,7,1448.16,206.88,5.89565217391304,678,3,"United Kingdom",0,0,3,"United Kingdom"
"16775",31.9013888888889,13,2303.88,177.221538461538,3.92647058823529,801,1,"United Kingdom",0,0,3,"United Kingdom"
"16776",325.025694444444,1,220.97,220.97,3.29090909090909,181,0,"United Kingdom",0,0,1,"United Kingdom"
"16777",166.927777777778,4,1243.08,310.77,3.48091603053435,456,0,"United Kingdom",0,0,3,"United Kingdom"
"16778",183.895138888889,1,93.18,93.18,13.2,66,0,"United Kingdom",0,0,3,"United Kingdom"
"16779",16.0958333333333,46,28574.04,621.174782608696,18.8297872340426,17700,118,"United Kingdom",0,1,2,"United Kingdom"
"16780",9.86180555555556,3,596.4,198.8,3.66666666666667,352,0,"United Kingdom",1,0,3,"United Kingdom"
"16781",281.933333333333,2,623,311.5,4.92307692307692,192,0,"United Kingdom",1,0,1,"United Kingdom"
"16782",47.89375,34,8998.57,264.663823529412,2.31556632344034,3823,8,"United Kingdom",0,1,2,"United Kingdom"
"16783",346.039583333333,1,391.95,391.95,6.52,163,0,"United Kingdom",1,0,1,"United Kingdom"
"16784",286.036805555556,4,784.73,196.1825,3.03225806451613,470,0,"United Kingdom",0,0,1,"United Kingdom"
"16785",319.093055555556,1,533.78,533.78,8.94285714285714,313,1,"United Kingdom",1,0,1,"United Kingdom"
"16786",303.184027777778,1,51.84,51.84,72,72,1,"United Kingdom",1,0,1,"United Kingdom"
"16787",307.075694444444,4,1017.53,254.3825,4.21428571428571,472,0,"United Kingdom",1,0,1,"United Kingdom"
"16788",32.9145833333333,5,1928.93,385.786,2.01882845188284,965,0,"United Kingdom",1,0,3,"United Kingdom"
"16791",31.9777777777778,13,3043.72,234.132307692308,2.79142300194932,1432,1,"United Kingdom",0,1,3,"United Kingdom"
"16792",191.922916666667,5,623.46,124.692,3.17647058823529,324,0,"United Kingdom",1,0,3,"United Kingdom"
"16794",17.9576388888889,9,1463.25,162.583333333333,3.39572192513369,1270,6,"United Kingdom",0,0,3,"United Kingdom"
"16795",274.945833333333,3,2062.41,687.47,3.61309523809524,1214,0,"United Kingdom",1,0,1,"United Kingdom"
"16797",302.733333333333,5,1802.02,360.404,2.25628140703518,898,1,"United Kingdom",1,0,1,"United Kingdom"
"16798",463.742361111111,3,841.16,280.386666666667,1.21301775147929,205,0,"United Kingdom",1,0,1,"United Kingdom"
"16799",341.931944444444,2,452.78,226.39,1.76086956521739,162,0,"United Kingdom",1,0,1,"United Kingdom"
"16801",72.8868055555556,4,1594.23,398.5575,6.57333333333333,493,2,"United Kingdom",1,0,3,"United Kingdom"
"16802",588.9625,2,582.61,291.305,6.9622641509434,369,0,"United Kingdom",1,0,1,"United Kingdom"
"16804",179.876388888889,1,118.05,118.05,1.78947368421053,34,0,"United Kingdom",0,0,3,"United Kingdom"
"16805",83.0604166666667,5,1091.34,218.268,4.49799196787149,1120,7,"United Kingdom",1,0,3,"United Kingdom"
"16806",12.8909722222222,4,762.16,190.54,3.82795698924731,356,0,"United Kingdom",1,0,3,"United Kingdom"
"16807",52.0347222222222,6,2123.88,353.98,10.0915492957746,1433,1,"United Kingdom",1,0,3,"United Kingdom"
"16808",8.71944444444444,2,288.42,144.21,8.52173913043478,196,1,"United Kingdom",1,0,3,"United Kingdom"
"16809",45.9347222222222,7,1283.43,183.347142857143,4.03980099502488,812,0,"United Kingdom",0,0,3,"United Kingdom"
"16810",101.8875,2,842.04,421.02,10.9411764705882,372,2,"United Kingdom",1,0,3,"United Kingdom"
"16812",270.010416666667,4,2392,598,9.70434782608696,1116,3,"United Kingdom",1,0,1,"United Kingdom"
"16813",6.06805555555556,7,1146.84,163.834285714286,3.49249249249249,1163,3,"United Kingdom",0,0,3,"United Kingdom"
"16814",18.0409722222222,31,10639.84,343.22064516129,6.00561797752809,4276,10,"United Kingdom",0,1,2,"United Kingdom"
"16815",363.077083333333,2,406.02,203.01,3.24657534246575,237,0,"United Kingdom",1,0,1,"United Kingdom"
"16816",12.9402777777778,4,417.06,104.265,9.78571428571429,274,0,"United Kingdom",1,0,3,"United Kingdom"
"16817",95.1145833333333,11,2135.38,194.125454545455,10.0260869565217,1153,3,"United Kingdom",0,0,3,"United Kingdom"
"16818",2.92361111111111,9,2528.47,280.941111111111,11.1408450704225,1582,2,"United Kingdom",0,0,3,"United Kingdom"
"16819",374.800694444444,2,182.59,91.295,14.8823529411765,253,2,"United Kingdom",1,0,1,"United Kingdom"
"16820",5.03055555555556,1,497.61,497.61,11.8076923076923,307,1,"United Kingdom",1,0,3,"United Kingdom"
"16821",291.115277777778,1,113.35,113.35,1.85714285714286,13,0,"United Kingdom",1,0,1,"United Kingdom"
"16822",595.936111111111,1,181.39,181.39,15.5454545454545,171,2,"United Kingdom",1,0,1,"United Kingdom"
"16823",136.909722222222,7,2243.09,320.441428571429,6.73988439306358,1166,1,"United Kingdom",1,0,3,"United Kingdom"
"16824",73.9680555555556,2,448.5,224.25,11.0769230769231,288,0,"United Kingdom",0,0,3,"United Kingdom"
"16825",95.1291666666667,4,1370.41,342.6025,23.1702127659574,1089,5,"United Kingdom",0,0,3,"United Kingdom"
"16827",302.948611111111,5,392.13,78.426,10.4166666666667,125,2,"United Kingdom",1,0,1,"United Kingdom"
"16828",2.90277777777778,2,128.5,64.25,7.375,59,0,"United Kingdom",1,0,3,"United Kingdom"
"16829",66.0847222222222,2,513.32,256.66,7.96296296296296,215,0,"United Kingdom",1,0,3,"United Kingdom"
"16830",352.009027777778,3,881.59,293.863333333333,8.36538461538461,435,1,"United Kingdom",0,0,1,"United Kingdom"
"16831",474.154166666667,1,91.8,91.8,8,48,0,"United Kingdom",1,0,1,"United Kingdom"
"16832",93.8847222222222,5,417.61,83.522,8.52380952380952,179,1,"United Kingdom",1,0,3,"United Kingdom"
"16833",169.164583333333,5,1973.8,394.76,9.66233766233766,744,2,"United Kingdom",0,0,3,"United Kingdom"
"16834",137.134027777778,2,898.96,449.48,15.8333333333333,760,1,"United Kingdom",1,0,3,"United Kingdom"
"16835",37.9583333333333,6,1456.66,242.776666666667,6.04878048780488,496,0,"United Kingdom",1,0,3,"United Kingdom"
"16836",26.0083333333333,3,621.82,207.273333333333,13.8787878787879,458,1,"United Kingdom",0,0,3,"United Kingdom"
"16837",67.1138888888889,9,1911.74,212.415555555556,8.07777777777778,727,1,"United Kingdom",0,0,3,"United Kingdom"
"16838",106.984027777778,4,1159.61,289.9025,8.6271186440678,509,0,"United Kingdom",1,0,3,"United Kingdom"
"16839",19.0888888888889,32,16033.18,501.036875,29.3576642335766,8044,78,"United Kingdom",0,1,2,"United Kingdom"
"16840",512.876388888889,2,139.85,69.925,13,117,0,"United Kingdom",1,0,1,"United Kingdom"
"16841",46.9888888888889,11,3697.3,336.118181818182,15.3762376237624,3106,15,"United Kingdom",0,1,3,"United Kingdom"
"16842",10.0888888888889,3,1264.19,421.396666666667,11,693,0,"United Kingdom",1,0,3,"United Kingdom"
"16843",3.07916666666667,32,18184.1,568.253125,32.3594040968343,17377,167,"United Kingdom",0,1,2,"United Kingdom"
"16844",472.097916666667,2,614.34,307.17,8.78125,281,0,"United Kingdom",1,0,1,"United Kingdom"
"16845",527.986805555556,1,253.88,253.88,8.35,167,0,"United Kingdom",1,0,1,"United Kingdom"
"16846",486.961805555556,2,628.09,314.045,10.6111111111111,382,2,"United Kingdom",0,0,1,"United Kingdom"
"16847",527.970833333333,1,421.45,421.45,7.08,177,0,"United Kingdom",0,0,1,"United Kingdom"
"16848",286.008333333333,3,1130.2,376.733333333333,8.42253521126761,598,0,"United Kingdom",0,0,1,"United Kingdom"
"16849",96.1486111111111,1,124.57,124.57,4.125,33,0,"United Kingdom",1,0,3,"United Kingdom"
"16850",243.070138888889,1,332.41,332.41,13.1052631578947,249,1,"United Kingdom",1,0,1,"United Kingdom"
"16852",85.8756944444444,1,113.06,113.06,7.28571428571429,51,0,"United Kingdom",0,0,3,"United Kingdom"
"16854",326.846527777778,2,1408.96,704.48,13.2933333333333,997,5,"United Kingdom",1,0,1,"United Kingdom"
"16856",327.038888888889,2,323.09,161.545,9.35294117647059,159,0,"United Kingdom",0,0,1,"United Kingdom"
"16857",352.084027777778,1,352.8,352.8,15.2727272727273,168,1,"United Kingdom",1,0,1,"United Kingdom"
"16858",278.123611111111,10,4292.59,429.259,11.2936507936508,1423,4,"United Kingdom",1,1,1,"United Kingdom"
"16859",54.0215277777778,7,1932.41,276.058571428571,17.2636363636364,1899,11,"United Kingdom",1,0,3,"United Kingdom"
"16860",362.114583333333,3,1610.62,536.873333333333,14.5348837209302,625,6,"United Kingdom",1,0,1,"United Kingdom"
"16861",67.8833333333333,4,843.63,210.9075,11.1111111111111,500,2,"United Kingdom",0,0,3,"United Kingdom"
"16862",456.989583333333,4,662.33,165.5825,14.6571428571429,513,3,"United Kingdom",1,0,1,"United Kingdom"
"16863",276.161111111111,2,495.72,247.86,11.2,336,0,"United Kingdom",0,0,1,"United Kingdom"
"16864",343.856944444444,2,409.25,204.625,16.6470588235294,283,2,"United Kingdom",1,0,1,"United Kingdom"
"16865",311.052777777778,1,130.95,130.95,9.8125,157,3,"United Kingdom",1,0,1,"United Kingdom"
"16866",50.1138888888889,3,207.74,69.2466666666667,5.45454545454545,60,0,"United Kingdom",1,0,3,"United Kingdom"
"16867",599.152083333333,1,76.74,76.74,9.66666666666667,58,0,"United Kingdom",1,0,1,"United Kingdom"
"16868",303.98125,3,384.56,128.186666666667,2.24,112,0,"United Kingdom",1,0,1,"United Kingdom"
"16869",75.0236111111111,2,387.68,193.84,4.24561403508772,242,1,"United Kingdom",0,0,3,"United Kingdom"
"16870",378.95625,1,450.16,450.16,9.92857142857143,278,1,"United Kingdom",1,0,1,"United Kingdom"
"16871",120.045833333333,4,2037.82,509.455,8.12264150943396,861,0,"United Kingdom",0,0,3,"United Kingdom"
"16872",14.8833333333333,5,997.79,199.558,62.2,933,10,"United Kingdom",0,0,3,"United Kingdom"
"16873",36.8868055555556,10,11365.24,1136.524,17.75,6816,43,"United Kingdom",0,1,3,"United Kingdom"
"16874",288.9875,1,209.89,209.89,2.51612903225806,78,0,"United Kingdom",1,0,1,"United Kingdom"
"16875",54.0479166666667,10,3277.2,327.72,8.57627118644068,1518,2,"United Kingdom",0,1,3,"United Kingdom"
"16876",313.035416666667,1,136.01,136.01,5.65625,181,0,"United Kingdom",1,0,1,"United Kingdom"
"16877",61.8555555555556,2,188.98,94.49,2.08,104,0,"United Kingdom",0,0,3,"United Kingdom"
"16880",9.06111111111111,7,1414.9,202.128571428571,5.19047619047619,763,3,"United Kingdom",0,0,3,"United Kingdom"
"16882",148.926388888889,2,215.7,107.85,6.8,102,0,"United Kingdom",0,0,3,"United Kingdom"
"16883",96.9993055555556,19,2246.06,118.213684210526,3.80524344569288,1016,4,"United Kingdom",1,0,3,"United Kingdom"
"16884",466.003472222222,2,641.13,320.565,4.16666666666667,200,0,"United Kingdom",0,0,1,"United Kingdom"
"16885",266.810416666667,2,412.14,206.07,3.16176470588235,215,0,"United Kingdom",0,0,1,"United Kingdom"
"16886",365.904166666667,1,134,134,6,48,0,"United Kingdom",1,0,1,"United Kingdom"
"16887",310.05625,2,465.84,232.92,4.10769230769231,267,0,"United Kingdom",0,0,1,"United Kingdom"
"16888",310.007638888889,3,434.2,144.733333333333,2.78846153846154,145,0,"United Kingdom",1,0,1,"United Kingdom"
"16889",104.072916666667,6,2526.65,421.108333333333,7.42396313364055,1611,2,"United Kingdom",1,0,3,"United Kingdom"
"16890",386.060416666667,3,285.41,95.1366666666667,12.7894736842105,243,3,"United Kingdom",1,0,1,"United Kingdom"
"16891",5.05486111111111,9,1501.3,166.811111111111,1.60511363636364,565,1,"United Kingdom",0,0,3,"United Kingdom"
"16892",93.0520833333333,3,339.54,113.18,3.46666666666667,208,1,"United Kingdom",0,0,3,"United Kingdom"
"16893",276.030555555556,2,249.89,124.945,1.3448275862069,117,0,"United Kingdom",1,0,1,"United Kingdom"
"16894",411.879861111111,3,1306.96,435.653333333333,2.68983957219251,503,1,"United Kingdom",1,0,1,"United Kingdom"
"16895",348.067361111111,4,900.63,225.1575,3.26732673267327,330,0,"United Kingdom",0,0,1,"United Kingdom"
"16896",464.881944444444,1,103.95,103.95,1,18,0,"United Kingdom",1,0,1,"United Kingdom"
"16897",208.908333333333,2,289.78,144.89,1.97297297297297,73,0,"United Kingdom",1,0,3,"United Kingdom"
"16898",86.96875,4,697.95,174.4875,2.73056994818653,527,1,"United Kingdom",0,0,3,"United Kingdom"
"16899",59.0534722222222,5,934.89,186.978,4.3728813559322,516,2,"United Kingdom",0,0,3,"United Kingdom"
"16901",638.847222222222,1,204.26,204.26,1.82608695652174,42,0,"United Kingdom",1,0,1,"United Kingdom"
"16902",25.9395833333333,1,1706.88,1706.88,14.2954545454545,629,2,"United Kingdom",1,0,3,"United Kingdom"
"16903",289.913194444444,2,678.55,339.275,3.73015873015873,470,0,"United Kingdom",0,0,1,"United Kingdom"
"16904",4.01736111111111,19,3970.16,208.955789473684,2.79874213836478,2225,8,"United Kingdom",0,1,3,"United Kingdom"
"16905",146.055555555556,13,2491.35,191.642307692308,4.47457627118644,792,1,"United Kingdom",0,0,3,"United Kingdom"
"16906",96.1569444444444,6,1244.32,207.386666666667,3.03571428571429,510,2,"United Kingdom",0,0,3,"United Kingdom"
"16907",57.7958333333333,8,1201.12,150.14,2.14606741573034,382,0,"United Kingdom",0,0,3,"United Kingdom"
"16908",631.96875,1,252.59,252.59,3.05,61,0,"United Kingdom",1,0,1,"United Kingdom"
"16910",0.941666666666667,1,111.78,111.78,1.78846153846154,93,0,"United Kingdom",0,0,3,"United Kingdom"
"16911",545.022222222222,2,255.25,127.625,4.6,161,0,"United Kingdom",1,0,1,"United Kingdom"
"16912",43.9270833333333,11,3443.51,313.046363636364,9.32089552238806,1249,1,"United Kingdom",0,1,3,"United Kingdom"
"16913",199.995833333333,3,423.91,141.303333333333,12.7222222222222,229,3,"United Kingdom",1,0,3,"United Kingdom"
"16915",36.9909722222222,9,1303.89,144.876666666667,2.4375,117,0,"United Kingdom",0,0,3,"United Kingdom"
"16916",281.983333333333,3,536.04,178.68,2.71186440677966,320,1,"United Kingdom",0,0,1,"United Kingdom"
"16917",186.038194444444,2,1851.88,925.94,15.84,792,5,"United Kingdom",1,0,3,"United Kingdom"
"16918",4.95833333333333,13,2960.42,227.724615384615,4.54047619047619,1907,2,"United Kingdom",0,1,3,"United Kingdom"
"16919",65.96875,24,4909.66,204.569166666667,3.79967426710098,2333,0,"United Kingdom",1,1,2,"United Kingdom"
"16920",320.946527777778,1,355.45,355.45,3.52173913043478,81,0,"United Kingdom",1,0,1,"United Kingdom"
"16921",351.945833333333,2,255.03,127.515,3.66666666666667,121,1,"United Kingdom",0,0,1,"United Kingdom"
"16922",482.059722222222,1,611.08,611.08,2.30327868852459,281,0,"United Kingdom",1,0,1,"United Kingdom"
"16923",8.93125,27,10851.99,401.925555555556,5.85263157894737,5004,11,"United Kingdom",0,1,2,"United Kingdom"
"16925",449.907638888889,1,125.65,125.65,6.83333333333333,123,0,"United Kingdom",1,0,1,"United Kingdom"
"16926",280.963888888889,5,1169.61,233.922,2.05208333333333,197,0,"United Kingdom",1,0,1,"United Kingdom"
"16927",25.0694444444444,3,543.05,181.016666666667,165.5,993,2,"United Kingdom",1,0,3,"United Kingdom"
"16928",3.97291666666667,27,3453.48,127.906666666667,7.58783783783784,2246,17,"United Kingdom",0,1,2,"United Kingdom"
"16929",37.0256944444444,2,428.88,214.44,11.6428571428571,326,0,"United Kingdom",0,0,3,"United Kingdom"
"16931",12.9319444444444,16,3374.68,210.9175,3.32321699544765,2190,8,"United Kingdom",0,1,3,"United Kingdom"
"16932",332.941666666667,2,262.32,131.16,1.58823529411765,135,0,"United Kingdom",0,0,1,"United Kingdom"
"16933",148.970138888889,8,2760.8,345.1,5.31782945736434,1372,3,"United Kingdom",0,1,3,"United Kingdom"
"16934",293.049305555556,4,1152.11,288.0275,6.7375,539,1,"United Kingdom",0,0,1,"United Kingdom"
"16935",291.148611111111,3,530.86,176.953333333333,3.95652173913043,273,0,"United Kingdom",1,0,1,"United Kingdom"
"16936",295.038888888889,1,286.39,286.39,2.02409638554217,168,0,"United Kingdom",0,0,1,"United Kingdom"
"16937",408.7875,1,196.25,196.25,2.51020408163265,123,0,"United Kingdom",1,0,1,"United Kingdom"
"16938",89.0597222222222,8,6669.73,833.71625,6.00996264009963,4826,4,"United Kingdom",0,1,3,"United Kingdom"
"16939",398.018055555556,3,433.85,144.616666666667,5.58536585365854,229,1,"United Kingdom",1,0,1,"United Kingdom"
"16940",78.9840277777778,7,5246.14,749.448571428571,7,3570,5,"United Kingdom",0,1,3,"United Kingdom"
"16941",521.067361111111,1,33,33,6,12,0,"United Kingdom",1,0,1,"United Kingdom"
"16942",45.9951388888889,7,1439.44,205.634285714286,3.05670103092783,593,0,"United Kingdom",0,0,3,"United Kingdom"
"16943",121.036805555556,5,1299.49,259.898,4.2,147,0,"United Kingdom",1,0,3,"United Kingdom"
"16944",519.074305555556,1,101.36,101.36,3.85714285714286,27,0,"United Kingdom",1,0,1,"United Kingdom"
"16945",8.12638888888889,27,7209.72,267.026666666667,12.7125,5085,17,"United Kingdom",0,1,2,"United Kingdom"
"16946",292.947222222222,5,1222.04,244.408,6.78666666666667,509,0,"United Kingdom",1,0,1,"United Kingdom"
"16947",145.133333333333,5,955.21,191.042,12.3584905660377,655,3,"United Kingdom",1,0,3,"United Kingdom"
"16948",48.0027777777778,7,868.77,124.11,48.6279069767442,2091,11,"United Kingdom",1,0,3,"United Kingdom"
"16949",95.0944444444444,4,893.75,223.4375,12.0625,386,0,"United Kingdom",0,0,3,"United Kingdom"
"16950",33.9722222222222,9,3141.62,349.068888888889,16.4728682170543,2125,18,"United Kingdom",0,1,3,"United Kingdom"
"16951",44.03125,3,1277.75,425.916666666667,15.3255813953488,1318,6,"United Kingdom",1,0,3,"United Kingdom"
"16952",18.9909722222222,5,795.83,159.166,3.94252873563218,343,0,"United Kingdom",1,0,3,"United Kingdom"
"16954",34.0798611111111,15,5242.18,349.478666666667,19.6666666666667,3776,14,"United Kingdom",0,1,3,"United Kingdom"
"16955",94.0930555555556,6,1120.31,186.718333333333,14.46,723,5,"United Kingdom",1,0,3,"United Kingdom"
"16957",148.954166666667,2,416.64,208.32,10.75,172,0,"United Kingdom",1,0,3,"United Kingdom"
"16958",344.934027777778,1,778.49,778.49,7.34285714285714,514,4,"United Kingdom",1,0,1,"United Kingdom"
"16960",162.038888888889,6,1685.36,280.893333333333,3.264631043257,1283,4,"United Kingdom",0,0,3,"United Kingdom"
"16961",25.9611111111111,3,794.56,264.853333333333,9.26923076923077,482,0,"United Kingdom",1,0,3,"United Kingdom"
"16962",319.051388888889,1,251.04,251.04,10.5333333333333,158,0,"United Kingdom",1,0,1,"United Kingdom"
"16963",96.9597222222222,1,110.55,110.55,5,35,0,"United Kingdom",1,0,3,"United Kingdom"
"16964",642.997916666667,2,207.85,103.925,8.16666666666667,49,0,"United Kingdom",1,0,1,"United Kingdom"
"16965",136.029166666667,1,201.19,201.19,11.1923076923077,291,3,"United Kingdom",1,0,3,"United Kingdom"
"16966",79.9055555555556,4,1486.56,371.64,60,1320,20,"United Kingdom",0,0,3,"United Kingdom"
"16967",98.9347222222222,1,319.02,319.02,15.8571428571429,333,1,"United Kingdom",1,0,3,"United Kingdom"
"16968",17.0826388888889,1,253.31,253.31,6.53333333333333,98,0,"United Kingdom",0,0,3,"United Kingdom"
"16969",43.9555555555556,2,478.96,239.48,23.125,740,4,"United Kingdom",0,0,3,"United Kingdom"
"16970",535.958333333333,1,71.4,71.4,6,12,0,"United Kingdom",1,0,1,"United Kingdom"
"16972",292.077083333333,2,749,374.5,2.23170731707317,183,0,"United Kingdom",1,0,1,"United Kingdom"
"16973",295.954166666667,1,127,127,10,60,0,"United Kingdom",1,0,1,"United Kingdom"
"16974",432.105555555556,2,365.5,182.75,8.75,70,0,"United Kingdom",1,0,1,"United Kingdom"
"16975",332.789583333333,3,926.12,308.706666666667,13.0222222222222,586,4,"United Kingdom",1,0,1,"United Kingdom"
"16976",176.845138888889,1,251.52,251.52,44,88,1,"United Kingdom",1,0,3,"United Kingdom"
"16977",304.98125,4,496,124,5.07142857142857,142,0,"United Kingdom",1,0,1,"United Kingdom"
"16978",575.845138888889,2,424.55,212.275,4.25,119,0,"United Kingdom",0,0,1,"United Kingdom"
"16979",57.1604166666667,5,1563.39,312.678,12.2203389830508,721,3,"United Kingdom",0,0,3,"United Kingdom"
"16980",164.843055555556,3,1422.83,474.276666666667,9.33962264150943,990,1,"United Kingdom",1,0,3,"United Kingdom"
"16983",6.07638888888889,9,2770.01,307.778888888889,8.91145833333333,1711,9,"United Kingdom",0,1,3,"United Kingdom"
"16984",39.8006944444444,8,9104.2,1138.025,4.58879492600423,4341,17,"United Kingdom",0,1,3,"United Kingdom"
"16985",67.1368055555556,20,9037.58,451.879,12.726368159204,2558,15,"United Kingdom",0,1,2,"United Kingdom"
"16986",354.909722222222,9,3015.55,335.061111111111,8.76608187134503,1499,3,"United Kingdom",0,1,1,"United Kingdom"
"16987",79.8375,7,1534.05,219.15,2.13142857142857,373,0,"United Kingdom",0,0,3,"United Kingdom"
"16988",289.144444444444,1,256.55,256.55,8.84615384615385,115,0,"United Kingdom",0,0,1,"United Kingdom"
"16989",7.95486111111111,2,890.7,445.35,135.75,1086,7,"United Kingdom",0,0,3,"United Kingdom"
"16990",128.180555555556,2,344,172,100,200,2,"United Kingdom",1,0,3,"United Kingdom"
"16991",330.945833333333,1,1041.21,1041.21,10.7162162162162,793,1,"United Kingdom",1,0,1,"United Kingdom"
"16992",8.16666666666667,11,4834.54,439.503636363636,7.26587301587302,1831,2,"United Kingdom",0,1,3,"United Kingdom"
"16993",373.023611111111,2,1950.95,975.475,10.1785714285714,285,0,"United Kingdom",1,0,1,"United Kingdom"
"16996",30.9277777777778,8,1708.43,213.55375,11.953125,765,1,"United Kingdom",0,0,3,"United Kingdom"
"16997",197.806944444444,3,702,234,30,360,7,"United Kingdom",1,0,3,"United Kingdom"
"16998",59.1291666666667,5,402,80.4,17.3333333333333,104,1,"United Kingdom",1,0,3,"United Kingdom"
"17000",305.96875,2,406.3,203.15,10.1666666666667,305,3,"United Kingdom",1,0,1,"United Kingdom"
"17001",1.01805555555556,16,5444.72,340.295,13.9649122807018,3184,24,"United Kingdom",0,1,3,"United Kingdom"
"17002",125.061805555556,6,2071.34,345.223333333333,15.5076923076923,1008,9,"United Kingdom",0,0,3,"United Kingdom"
"17003",311.982638888889,4,828.21,207.0525,4.45045045045045,494,0,"United Kingdom",1,0,1,"United Kingdom"
"17004",2.02361111111111,3,1917.82,639.273333333333,19.921568627451,1016,8,"United Kingdom",0,0,3,"United Kingdom"
"17005",380.078472222222,2,622.36,311.18,38.3888888888889,691,6,"United Kingdom",1,0,1,"United Kingdom"
"17006",301.963194444444,4,853.49,213.3725,3.52941176470588,300,0,"United Kingdom",0,0,1,"United Kingdom"
"17007",64.775,6,805.61,134.268333333333,9.70833333333333,466,3,"United Kingdom",0,0,3,"United Kingdom"
"17008",338.896527777778,1,81.36,81.36,24,24,0,"United Kingdom",1,0,1,"United Kingdom"
"17009",460.867361111111,1,242.06,242.06,30.5454545454545,336,6,"United Kingdom",1,0,1,"United Kingdom"
"17011",556.958333333333,2,400.8,200.4,46.6153846153846,606,6,"United Kingdom",0,0,1,"United Kingdom"
"17012",634.802777777778,1,360.61,360.61,6.97222222222222,251,1,"United Kingdom",1,0,1,"United Kingdom"
"17015",94.9798611111111,1,520.55,520.55,4.6271186440678,546,2,"United Kingdom",0,0,3,"United Kingdom"
"17016",486.0125,1,552.4,552.4,7.53658536585366,309,1,"United Kingdom",1,0,1,"United Kingdom"
"17017",71.9180555555556,23,9314.01,404.956956521739,22.6935483870968,7035,56,"United Kingdom",0,1,2,"United Kingdom"
"17018",235.169444444444,5,1772.6,354.52,12.5925925925926,340,0,"United Kingdom",0,0,3,"United Kingdom"
"17019",171.065277777778,10,3340.14,334.014,3.89877835951134,2234,4,"United Kingdom",0,1,3,"United Kingdom"
"17020",451.988888888889,2,935.62,467.81,12.463768115942,860,1,"United Kingdom",1,0,1,"United Kingdom"
"17021",351.700694444444,6,1182.22,197.036666666667,20.6666666666667,992,9,"United Kingdom",1,0,1,"United Kingdom"
"17022",342.099305555556,1,189,189,8,72,0,"United Kingdom",0,0,1,"United Kingdom"
"17023",326.884027777778,3,800.18,266.726666666667,10.8163265306122,530,0,"United Kingdom",1,0,1,"United Kingdom"
"17024",8.89513888888889,2,56.25,28.125,22.5,45,0,"United Kingdom",0,0,3,"United Kingdom"
"17025",282.877777777778,4,1152.87,288.2175,23.9090909090909,789,8,"United Kingdom",0,0,1,"United Kingdom"
"17026",94.9319444444444,3,175.83,58.61,21.4,107,1,"United Kingdom",1,0,3,"United Kingdom"
"17027",88.9625,7,1078.3,154.042857142857,3.33116883116883,513,3,"United Kingdom",0,0,3,"United Kingdom"
"17028",490.886805555556,3,1593.83,531.276666666667,9.01052631578947,856,2,"United Kingdom",1,0,1,"United Kingdom"
"17029",20.0722222222222,7,2137.3,305.328571428571,43.6206896551724,1265,8,"United Kingdom",1,0,3,"United Kingdom"
"17031",64.1333333333333,5,2619.45,523.89,36.219512195122,1485,19,"United Kingdom",0,0,3,"United Kingdom"
"17032",457.023611111111,8,2984.32,373.04,7.0337552742616,1667,3,"United Kingdom",1,1,1,"United Kingdom"
"17033",123.867361111111,3,910.75,303.583333333333,11.9615384615385,311,1,"United Kingdom",0,0,3,"United Kingdom"
"17034",197.111111111111,3,672.7,224.233333333333,11.2352941176471,382,1,"United Kingdom",0,0,3,"United Kingdom"
"17035",155.060416666667,4,613.59,153.3975,9.90909090909091,327,2,"United Kingdom",1,0,3,"United Kingdom"
"17036",292.933333333333,1,176.9,176.9,6.33333333333333,76,0,"United Kingdom",1,0,1,"United Kingdom"
"17038",324.865277777778,1,630.77,630.77,12.3658536585366,507,4,"United Kingdom",0,0,1,"United Kingdom"
"17039",513.995833333333,1,1954.99,1954.99,15.6590909090909,689,3,"United Kingdom",1,0,1,"United Kingdom"
"17040",47.1048611111111,2,463.25,231.625,11.8125,189,0,"United Kingdom",1,0,3,"United Kingdom"
"17041",18.1229166666667,5,1334.6,266.92,8.88349514563107,915,1,"United Kingdom",0,0,3,"United Kingdom"
"17042",30.9798611111111,4,915.02,228.755,10.0909090909091,888,3,"United Kingdom",0,0,3,"United Kingdom"
"17043",87.9569444444444,6,1183.44,197.24,7.86290322580645,975,6,"United Kingdom",0,0,3,"United Kingdom"
"17044",284.084722222222,11,11013.82,1001.25636363636,36.4895104895105,5218,56,"United Kingdom",0,1,1,"United Kingdom"
"17045",22.8201388888889,5,827.68,165.536,5.54716981132075,294,2,"United Kingdom",1,0,3,"United Kingdom"
"17046",66.9347222222222,5,1906.07,381.214,19.2470588235294,1636,12,"United Kingdom",1,0,3,"United Kingdom"
"17047",114.832638888889,5,1937.76,387.552,8.35833333333333,1003,2,"United Kingdom",0,0,3,"United Kingdom"
"17048",27.0423611111111,7,2071.68,295.954285714286,10.5742574257426,1068,4,"United Kingdom",1,0,3,"United Kingdom"
"17049",27.0118055555556,15,6894.15,459.61,7.13563829787234,2683,3,"United Kingdom",0,1,3,"United Kingdom"
"17050",5.95972222222222,11,4648.59,422.599090909091,6.96848137535817,2432,12,"United Kingdom",1,1,3,"United Kingdom"
"17051",103.942361111111,4,706.49,176.6225,3.27096774193548,507,1,"United Kingdom",1,0,3,"United Kingdom"
"17053",40.1020833333333,1,498.48,498.48,9.38461538461539,122,0,"United Kingdom",1,0,3,"United Kingdom"
"17054",47.1194444444444,4,1207.32,301.83,10.1232876712329,739,1,"United Kingdom",0,0,3,"United Kingdom"
"17055",355.020138888889,1,232.85,232.85,3.19230769230769,83,0,"United Kingdom",1,0,1,"United Kingdom"
"17056",647.996527777778,1,128.6,128.6,3.25,26,0,"United Kingdom",1,0,1,"United Kingdom"
"17057",505.728472222222,1,294.74,294.74,2.58,129,0,"United Kingdom",1,0,1,"United Kingdom"
"17058",108.958333333333,2,819.66,409.83,9.28571428571429,455,1,"United Kingdom",0,0,3,"United Kingdom"
"17059",19.8979166666667,8,4021.28,502.66,4.4104347826087,2536,7,"United Kingdom",0,1,3,"United Kingdom"
"17060",175.974305555556,1,234.24,234.24,43.2,216,2,"United Kingdom",1,0,3,"United Kingdom"
"17061",20.0875,10,4658.83,465.883,17.8227848101266,1408,15,"United Kingdom",0,1,3,"United Kingdom"
"17062",223.075694444444,6,889.75,148.291666666667,5.32231404958678,644,1,"United Kingdom",1,0,3,"United Kingdom"
"17063",72.9520833333333,10,2849.26,284.926,8.71515151515151,1438,1,"United Kingdom",0,1,3,"United Kingdom"
"17064",92.1,2,457.4,228.7,4.45238095238095,187,0,"United Kingdom",0,0,3,"United Kingdom"
"17065",547.047916666667,2,194.7,97.35,6.83333333333333,82,0,"United Kingdom",1,0,1,"United Kingdom"
"17066",635.976388888889,1,228.34,228.34,5.16666666666667,93,0,"United Kingdom",1,0,1,"United Kingdom"
"17067",634.174305555556,3,454.54,151.513333333333,24.7692307692308,322,3,"United Kingdom",1,0,1,"United Kingdom"
"17068",4.02777777777778,42,7974.83,189.876904761905,4.15943600867679,3835,0,"United Kingdom",0,1,2,"United Kingdom"
"17069",64.9305555555556,10,4303.32,430.332,11.0727272727273,2436,5,"United Kingdom",0,1,3,"United Kingdom"
"17070",23.8256944444444,2,437.42,218.71,2.25242718446602,232,0,"United Kingdom",1,0,3,"United Kingdom"
"17071",43.8652777777778,10,2767.1,276.71,8.54716981132075,1359,6,"United Kingdom",0,1,3,"United Kingdom"
"17072",534.845138888889,1,273.35,273.35,10.0952380952381,212,0,"United Kingdom",1,0,1,"United Kingdom"
"17073",18.9256944444444,1,453.79,453.79,5.48214285714286,307,1,"United Kingdom",0,0,3,"United Kingdom"
"17074",472.031944444444,1,203.05,203.05,4.75,19,0,"United Kingdom",1,0,1,"United Kingdom"
"17075",162.960416666667,9,2098.58,233.175555555556,3.98913043478261,734,1,"United Kingdom",0,0,3,"United Kingdom"
"17076",183.160416666667,5,735.87,147.174,8.48717948717949,331,0,"United Kingdom",0,0,3,"United Kingdom"
"17077",487.843055555556,1,306,306,36,36,1,"United Kingdom",1,0,1,"United Kingdom"
"17080",179.03125,6,746.23,124.371666666667,18.2692307692308,475,5,"United Kingdom",0,0,3,"United Kingdom"
"17081",305.004166666667,4,660.48,165.12,2.11111111111111,304,0,"United Kingdom",0,0,1,"United Kingdom"
"17082",227.926388888889,5,3365.12,673.024,15.8672566371681,1793,1,"United Kingdom",0,1,3,"United Kingdom"
"17083",18.8798611111111,9,4049.79,449.976666666667,17,1955,15,"United Kingdom",1,1,3,"United Kingdom"
"17084",305.9375,1,2253.22,2253.22,11.1818181818182,1476,8,"United Kingdom",0,0,1,"United Kingdom"
"17085",32.9409722222222,28,7847.67,280.273928571429,3.63019250253293,3583,2,"United Kingdom",1,1,2,"United Kingdom"
"17087",647.089583333333,1,221.53,221.53,9.41666666666667,113,0,"United Kingdom",1,0,1,"United Kingdom"
"17088",92.14375,2,1399.11,699.555,6.81818181818182,525,0,"United Kingdom",0,0,3,"United Kingdom"
"17089",295.886805555556,1,128.45,128.45,8.75,35,0,"United Kingdom",1,0,1,"United Kingdom"
"17090",7.90625,10,1917.3,191.73,17.063829787234,802,5,"United Kingdom",0,0,3,"United Kingdom"
"17091",7.9125,17,6359.99,374.117058823529,8.00977995110024,3276,9,"United Kingdom",0,1,3,"United Kingdom"
"17092",35.8611111111111,9,4366.7,485.188888888889,9.52201257861635,3028,8,"United Kingdom",0,1,3,"United Kingdom"
"17093",502.102777777778,1,235.88,235.88,8.76923076923077,114,0,"United Kingdom",1,0,1,"United Kingdom"
"17094",231.986805555556,2,402.2,201.1,11.7777777777778,212,0,"United Kingdom",1,0,3,"United Kingdom"
"17095",208.956944444444,6,1792.05,298.675,13.5154639175258,1311,10,"United Kingdom",0,0,3,"United Kingdom"
"17096",52.825,9,3119.74,346.637777777778,7.76666666666667,1398,4,"United Kingdom",0,1,3,"United Kingdom"
"17097",9.88541666666667,7,828.47,118.352857142857,2.03825136612022,373,0,"Spain",0,0,3,"Spain"
"17098",291.025694444444,3,591.07,197.023333333333,6.94444444444444,125,0,"United Kingdom",1,0,1,"United Kingdom"
"17099",442.850694444444,1,582.17,582.17,7.925,317,0,"United Kingdom",1,0,1,"United Kingdom"
"17101",87.9173611111111,4,1115.9,278.975,10.7916666666667,518,2,"United Kingdom",0,0,3,"United Kingdom"
"17102",171.1125,1,25.5,25.5,2,2,0,"United Kingdom",1,0,3,"United Kingdom"
"17103",631.945833333333,1,424.3,424.3,14.71875,471,1,"United Kingdom",1,0,1,"United Kingdom"
"17104",333.020138888889,1,474.03,474.03,7.84210526315789,149,0,"United Kingdom",1,0,1,"United Kingdom"
"17105",68.8729166666667,2,665.78,332.89,7.7,693,1,"United Kingdom",1,0,3,"United Kingdom"
"17106",298.94375,1,481.58,481.58,3,153,0,"United Kingdom",1,0,1,"United Kingdom"
"17107",64.7458333333333,7,11587.85,1655.40714285714,10.5658436213992,5135,32,"United Kingdom",0,1,3,"United Kingdom"
"17108",573.019444444444,1,174.95,174.95,3.44444444444444,31,0,"United Kingdom",1,0,1,"United Kingdom"
"17109",141.874305555556,4,875.01,218.7525,5.89473684210526,448,0,"United Kingdom",0,0,3,"United Kingdom"
"17110",74.9944444444444,3,499.9,166.633333333333,2.77551020408163,136,0,"United Kingdom",1,0,3,"United Kingdom"
"17111",334.895138888889,1,227.97,227.97,15.7368421052632,299,3,"United Kingdom",0,0,1,"United Kingdom"
"17112",412.066666666667,1,197.57,197.57,2.76595744680851,130,0,"United Kingdom",1,0,1,"United Kingdom"
"17113",483.952083333333,6,2305.59,384.265,5.77848101265823,913,1,"United Kingdom",1,0,1,"United Kingdom"
"17114",48.0361111111111,6,601.94,100.323333333333,1.77272727272727,156,0,"United Kingdom",0,0,3,"United Kingdom"
"17115",92.1638888888889,6,2536.81,422.801666666667,6.84070796460177,773,3,"United Kingdom",0,0,3,"United Kingdom"
"17116",557.847916666667,1,389.78,389.78,8.34042553191489,392,2,"United Kingdom",1,0,1,"United Kingdom"
"17117",197.955555555556,1,116.2,116.2,7.55555555555556,68,0,"United Kingdom",1,0,3,"United Kingdom"
"17118",227.021527777778,1,157.02,157.02,15.4,154,0,"United Kingdom",1,0,3,"United Kingdom"
"17120",142.895138888889,1,307.46,307.46,6.66666666666667,120,0,"United Kingdom",1,0,3,"United Kingdom"
"17121",312.04375,1,314.74,314.74,8.83333333333333,106,0,"United Kingdom",1,0,1,"United Kingdom"
"17122",28.9284722222222,4,570.5,142.625,12.2666666666667,368,0,"United Kingdom",1,0,3,"United Kingdom"
"17123",71.0854166666667,3,977.17,325.723333333333,15.7209302325581,676,2,"United Kingdom",1,0,3,"United Kingdom"
"17124",94.95,1,294.24,294.24,4.16129032258065,129,0,"United Kingdom",1,0,3,"United Kingdom"
"17126",61.9569444444444,9,2016.43,224.047777777778,3.20449438202247,1426,4,"United Kingdom",1,0,3,"United Kingdom"
"17127",338.122222222222,5,1155.03,231.006,9.18918918918919,340,1,"United Kingdom",1,0,1,"United Kingdom"
"17128",244.033333333333,1,157.09,157.09,5.42857142857143,76,0,"United Kingdom",1,0,1,"United Kingdom"
"17129",429.961111111111,1,31.85,31.85,2.5,5,0,"United Kingdom",1,0,1,"United Kingdom"
"17132",361.846527777778,2,1220.91,610.455,13.5633802816901,963,10,"United Kingdom",1,0,1,"United Kingdom"
"17133",99.9194444444445,8,12208.88,1526.11,197.720930232558,8502,38,"United Kingdom",0,1,3,"United Kingdom"
"17134",16.1229166666667,3,625.3,208.433333333333,4,144,0,"United Kingdom",1,0,3,"United Kingdom"
"17135",199.099305555556,5,1083,216.6,7.875,882,6,"United Kingdom",0,0,3,"United Kingdom"
"17136",571.984027777778,1,231.68,231.68,18.2857142857143,256,4,"United Kingdom",1,0,1,"United Kingdom"
"17137",325.915972222222,6,1099.81,183.301666666667,4.07185628742515,680,0,"United Kingdom",1,0,1,"United Kingdom"
"17138",185.038888888889,7,4417.27,631.038571428571,7.90625,2024,5,"United Kingdom",1,1,3,"United Kingdom"
"17139",32.0375,20,15767.81,788.3905,12.7666126418152,7877,63,"United Kingdom",0,1,2,"United Kingdom"
"17140",156.970138888889,1,454.12,454.12,16.4444444444444,296,3,"United Kingdom",1,0,3,"United Kingdom"
"17141",327.913888888889,4,727.58,181.895,2.61111111111111,423,0,"United Kingdom",1,0,1,"United Kingdom"
"17142",148.769444444444,4,1275.25,318.8125,3.61797752808989,322,0,"United Kingdom",1,0,3,"United Kingdom"
"17143",326.890972222222,2,880.97,440.485,2.80357142857143,314,0,"United Kingdom",1,0,1,"United Kingdom"
"17145",422.158333333333,4,3120.91,780.2275,14.3944444444444,2591,10,"United Kingdom",1,1,1,"United Kingdom"
"17146",15.0041666666667,13,5852.64,450.203076923077,7.26910299003322,2188,3,"United Kingdom",1,1,3,"United Kingdom"
"17147",116.078472222222,7,2458.47,351.21,9.33663366336634,943,0,"United Kingdom",0,0,3,"United Kingdom"
"17149",360.9125,1,143.1,143.1,3,18,0,"United Kingdom",1,0,1,"United Kingdom"
"17150",286.057638888889,6,1357.95,226.325,4.31521739130435,397,0,"United Kingdom",1,0,1,"United Kingdom"
"17151",644.9125,1,231.9,231.9,10.5,42,0,"United Kingdom",1,0,1,"United Kingdom"
"17152",104.021527777778,4,2016.5,504.125,36.0625,577,5,"United Kingdom",1,0,3,"United Kingdom"
"17155",87.1027777777778,6,784.06,130.676666666667,14.5,899,4,"United Kingdom",0,0,3,"United Kingdom"
"17156",401.055555555556,1,591.87,591.87,10.025641025641,391,1,"United Kingdom",1,0,1,"United Kingdom"
"17157",85.9041666666667,18,4994.36,277.464444444444,14.8676470588235,2022,14,"United Kingdom",0,1,3,"United Kingdom"
"17158",142.109722222222,4,1411.58,352.895,9.76470588235294,830,1,"United Kingdom",0,0,3,"United Kingdom"
"17159",81.1256944444444,3,1089.16,363.053333333333,9.1864406779661,542,0,"United Kingdom",0,0,3,"United Kingdom"
"17160",18.9708333333333,16,9692.31,605.769375,12.9706362153344,7951,18,"United Kingdom",0,1,3,"United Kingdom"
"17161",353.8375,1,856.01,856.01,10.3269230769231,537,0,"United Kingdom",1,0,1,"United Kingdom"
"17162",40.8652777777778,9,1463.66,162.628888888889,9.71910112359551,865,0,"United Kingdom",0,0,3,"United Kingdom"
"17163",355.1125,2,406.68,203.34,18.6,465,1,"United Kingdom",0,0,1,"United Kingdom"
"17164",61.0020833333333,3,1270.42,423.473333333333,10.4155844155844,802,0,"United Kingdom",0,0,3,"United Kingdom"
"17165",193.840972222222,6,1794.32,299.053333333333,7.88,788,0,"United Kingdom",1,0,3,"United Kingdom"
"17166",113.188888888889,1,127.59,127.59,5.7,57,0,"United Kingdom",0,0,3,"United Kingdom"
"17167",289.114583333333,3,867.11,289.036666666667,5.43037974683544,429,0,"United Kingdom",1,0,1,"United Kingdom"
"17168",408.011805555556,1,400.2,400.2,10.4761904761905,220,1,"United Kingdom",1,0,1,"United Kingdom"
"17169",92.9819444444445,2,629.63,314.815,6.33333333333333,247,0,"United Kingdom",0,0,3,"United Kingdom"
"17170",283.871527777778,2,178.68,89.34,15.2,152,0,"United Kingdom",1,0,1,"United Kingdom"
"17171",198.842361111111,2,384.59,192.295,9,225,0,"United Kingdom",1,0,3,"United Kingdom"
"17172",340.033333333333,2,638.81,319.405,30.625,735,9,"United Kingdom",0,0,1,"United Kingdom"
"17173",26.0986111111111,2,961.26,480.63,9.52,238,0,"United Kingdom",0,0,3,"United Kingdom"
"17174",127.04375,1,59.9,59.9,10.25,41,0,"United Kingdom",1,0,3,"United Kingdom"
"17175",50.7791666666667,3,1132.63,377.543333333333,11.5,644,3,"United Kingdom",0,0,3,"United Kingdom"
"17176",111.00625,3,902.32,300.773333333333,13.7142857142857,576,5,"United Kingdom",1,0,3,"United Kingdom"
"17177",414.914583333333,1,119.5,119.5,1.37931034482759,40,0,"United Kingdom",1,0,1,"United Kingdom"
"17178",640.854166666667,1,432.96,432.96,3.2258064516129,100,0,"United Kingdom",1,0,1,"United Kingdom"
"17179",87.8347222222222,6,1507.26,251.21,3.95569620253165,625,0,"United Kingdom",1,0,3,"United Kingdom"
"17180",150.854166666667,10,2005.6,200.56,4.48509485094851,1655,5,"United Kingdom",0,0,3,"United Kingdom"
"17181",283.008333333333,2,225.45,112.725,34.7142857142857,243,2,"United Kingdom",0,0,1,"United Kingdom"
"17182",332.111805555556,2,321.3,160.65,9,54,0,"United Kingdom",1,0,1,"United Kingdom"
"17183",14.8923611111111,1,329.67,329.67,15.6666666666667,141,0,"United Kingdom",0,0,3,"United Kingdom"
"17184",478.934722222222,2,198.41,99.205,5.21428571428571,73,0,"United Kingdom",1,0,1,"United Kingdom"
"17185",501.024305555556,3,229.46,76.4866666666667,2.70454545454545,119,0,"United Kingdom",1,0,1,"United Kingdom"
"17187",136.007638888889,2,467.71,233.855,18.5217391304348,426,4,"United Kingdom",1,0,3,"United Kingdom"
"17188",73.9159722222222,11,3933.79,357.617272727273,15.3611111111111,2212,14,"United Kingdom",0,1,3,"United Kingdom"
"17189",15.7159722222222,5,953.63,190.726,5.00833333333333,601,1,"United Kingdom",1,0,3,"United Kingdom"
"17190",116.889583333333,6,1476.83,246.138333333333,11.9651162790698,2058,8,"United Kingdom",0,0,3,"United Kingdom"
"17191",4.02430555555556,14,3778.17,269.869285714286,4.30090497737557,1901,3,"United Kingdom",0,1,3,"United Kingdom"
"17192",445.863194444444,1,75.28,75.28,2.25,45,0,"United Kingdom",1,0,1,"United Kingdom"
"17193",86.1020833333333,4,1059.3,264.825,27.9,558,6,"United Kingdom",0,0,3,"United Kingdom"
"17194",183.03125,3,812.5,270.833333333333,6.88524590163934,420,3,"United Kingdom",1,0,3,"United Kingdom"
"17195",564.989583333333,1,562.98,562.98,15.6774193548387,486,5,"United Kingdom",1,0,1,"United Kingdom"
"17196",337.054861111111,1,327.75,327.75,1.65591397849462,154,0,"United Kingdom",1,0,1,"United Kingdom"
"17198",274.969444444444,2,521.66,260.83,3.14285714285714,242,1,"United Kingdom",0,0,1,"United Kingdom"
"17199",491.95625,1,135.04,135.04,29,232,2,"United Kingdom",1,0,1,"United Kingdom"
"17200",296.990277777778,4,356.71,89.1775,14.68,367,1,"United Kingdom",1,0,1,"United Kingdom"
"17201",433.048611111111,3,853.32,284.44,5.81203007518797,773,3,"United Kingdom",0,0,1,"United Kingdom"
"17202",330.059027777778,1,160.65,160.65,6.875,55,0,"United Kingdom",1,0,1,"United Kingdom"
"17203",297.988194444444,4,2004.01,501.0025,15.4955752212389,1751,20,"United Kingdom",0,0,1,"United Kingdom"
"17204",84.9194444444445,9,5504.69,611.632222222222,14.9774011299435,2651,17,"United Kingdom",1,1,3,"United Kingdom"
"17205",325.860416666667,2,615.27,307.635,60.4545454545455,1330,14,"United Kingdom",0,0,1,"United Kingdom"
"17207",561.7375,1,292.62,292.62,3.88333333333333,233,1,"United Kingdom",1,0,1,"United Kingdom"
"17208",305,1,111.15,111.15,4.39130434782609,101,0,"United Kingdom",1,0,1,"United Kingdom"
"17209",558.867361111111,3,595.7,198.566666666667,19.0263157894737,723,2,"United Kingdom",1,0,1,"United Kingdom"
"17210",302.024305555556,1,251.72,251.72,4.56603773584906,242,1,"United Kingdom",1,0,1,"United Kingdom"
"17211",89.9784722222222,11,2921.02,265.547272727273,5.87956204379562,1611,5,"United Kingdom",0,1,3,"United Kingdom"
"17212",162.713888888889,3,794.41,264.803333333333,25.0689655172414,727,7,"United Kingdom",1,0,3,"United Kingdom"
"17213",50.8770833333333,11,3868.18,351.652727272727,8.02403846153846,1669,1,"United Kingdom",0,1,3,"United Kingdom"
"17214",158.848611111111,4,611.97,152.9925,2.64179104477612,177,0,"United Kingdom",0,0,3,"United Kingdom"
"17215",373.965972222222,1,186.15,186.15,9.45454545454546,104,2,"United Kingdom",1,0,1,"United Kingdom"
"17216",463.990972222222,1,63.6,63.6,1.61538461538462,21,0,"United Kingdom",1,0,1,"United Kingdom"
"17217",143.813194444444,2,210.1,105.05,3.44444444444444,93,1,"United Kingdom",1,0,3,"United Kingdom"
"17218",123.827083333333,13,2883,221.769230769231,4.47916666666667,1505,0,"United Kingdom",0,1,3,"United Kingdom"
"17219",326.05625,1,144.9,144.9,3.96,99,0,"United Kingdom",0,0,1,"United Kingdom"
"17220",8.86875,17,3557.84,209.284705882353,3.99810246679317,2107,3,"United Kingdom",0,1,3,"United Kingdom"
"17221",501.099305555556,3,642.14,214.046666666667,6.87096774193548,426,2,"United Kingdom",0,0,1,"United Kingdom"
"17222",386.959722222222,5,1250.86,250.172,8.64705882352941,735,4,"United Kingdom",0,0,1,"United Kingdom"
"17223",219.870138888889,3,558.04,186.013333333333,2.2463768115942,155,0,"United Kingdom",1,0,3,"United Kingdom"
"17224",410.972222222222,1,100.86,100.86,8.125,65,1,"United Kingdom",1,0,1,"United Kingdom"
"17225",491.05,1,131.15,131.15,7.2,36,0,"United Kingdom",1,0,1,"United Kingdom"
"17226",218.040277777778,3,895.47,298.49,14.4576271186441,853,6,"United Kingdom",1,0,3,"United Kingdom"
"17227",82.1090277777778,9,1413.36,157.04,13.8876404494382,1236,14,"United Kingdom",0,0,3,"United Kingdom"
"17228",117.090277777778,9,1601.52,177.946666666667,7.12935323383085,1433,2,"United Kingdom",0,0,3,"United Kingdom"
"17229",5.95416666666667,2,318.76,159.38,3.93617021276596,185,0,"United Kingdom",1,0,3,"United Kingdom"
"17230",173.859722222222,18,9388.49,521.582777777778,17.294930875576,3753,28,"United Kingdom",1,1,3,"United Kingdom"
"17231",35.8548611111111,22,5845.9,265.722727272727,2.96921549155909,2990,1,"United Kingdom",0,1,2,"United Kingdom"
"17233",357.979166666667,2,369.98,184.99,5.06060606060606,167,0,"United Kingdom",0,0,1,"United Kingdom"
"17234",92.0625,1,149.89,149.89,3.92857142857143,55,0,"United Kingdom",1,0,3,"United Kingdom"
"17235",281.966666666667,7,1354.82,193.545714285714,10.6714285714286,747,5,"United Kingdom",0,0,1,"United Kingdom"
"17236",88.8770833333333,11,1710.86,155.532727272727,5.79365079365079,730,4,"United Kingdom",0,0,3,"United Kingdom"
"17237",285.040972222222,2,679.44,339.72,5.15,309,0,"United Kingdom",0,0,1,"United Kingdom"
"17238",45.8805555555556,26,5556.14,213.697692307692,2.88235294117647,2646,1,"United Kingdom",0,1,2,"United Kingdom"
"17239",222.13125,4,1189.45,297.3625,16.09375,515,3,"United Kingdom",1,0,3,"United Kingdom"
"17240",505.879166666667,1,130.6,130.6,15.4285714285714,108,1,"United Kingdom",1,0,1,"United Kingdom"
"17241",294.992361111111,12,2736.64,228.053333333333,5.05294117647059,859,0,"United Kingdom",1,1,1,"United Kingdom"
"17242",17.9131944444444,5,2889.28,577.856,17.3690476190476,1459,10,"United Kingdom",1,1,3,"United Kingdom"
"17243",2.00416666666667,59,15995.89,271.116779661017,6.59503239740821,6107,21,"United Kingdom",0,1,2,"United Kingdom"
"17244",292.95625,4,871.14,217.785,9.02247191011236,803,6,"United Kingdom",0,0,1,"United Kingdom"
"17245",114.088194444444,2,371.63,185.815,12.28,307,4,"United Kingdom",1,0,3,"United Kingdom"
"17246",456.009722222222,2,38.92,19.46,6,36,0,"United Kingdom",1,0,1,"United Kingdom"
"17248",29.9694444444444,2,500.54,250.27,2.65384615384615,276,1,"United Kingdom",1,0,3,"United Kingdom"
"17249",338.053472222222,1,68.03,68.03,2.92592592592593,79,0,"United Kingdom",1,0,1,"United Kingdom"
"17250",170.836805555556,1,162.65,162.65,3.04347826086957,70,0,"United Kingdom",0,0,3,"United Kingdom"
"17251",272.072222222222,3,798.98,266.326666666667,4.83333333333333,377,0,"United Kingdom",1,0,1,"United Kingdom"
"17252",26.1284722222222,2,348.91,174.455,2.23255813953488,192,0,"United Kingdom",1,0,3,"United Kingdom"
"17254",310.951388888889,1,198.29,198.29,4.05555555555556,146,0,"United Kingdom",0,0,1,"United Kingdom"
"17255",208.897222222222,3,598.48,199.493333333333,2.95862068965517,429,1,"United Kingdom",0,0,3,"United Kingdom"
"17256",16.9722222222222,5,498.93,99.786,9.64516129032258,299,3,"United Kingdom",1,0,3,"United Kingdom"
"17257",345.999305555556,2,189.78,94.89,13.3571428571429,187,3,"United Kingdom",1,0,1,"United Kingdom"
"17258",306.009027777778,2,417.3,208.65,3.41818181818182,188,0,"United Kingdom",1,0,1,"United Kingdom"
"17259",57.9090277777778,6,1452.39,242.065,3.6695652173913,844,2,"United Kingdom",1,0,3,"United Kingdom"
"17260",320.978472222222,1,120.95,120.95,3.83333333333333,23,0,"United Kingdom",1,0,1,"United Kingdom"
"17261",419.042361111111,1,221.59,221.59,2.2093023255814,95,0,"United Kingdom",1,0,1,"United Kingdom"
"17262",136.869444444444,10,2190.76,219.076,35,595,8,"United Kingdom",0,0,3,"United Kingdom"
"17263",117.929166666667,1,63.44,63.44,1.56521739130435,36,0,"United Kingdom",1,0,3,"United Kingdom"
"17264",333.998611111111,1,268.28,268.28,2.93243243243243,217,0,"United Kingdom",1,0,1,"United Kingdom"
"17265",48.0840277777778,2,550.01,275.005,3.18852459016393,389,0,"United Kingdom",1,0,3,"United Kingdom"
"17266",57.0368055555556,3,318.2,106.066666666667,1.85714285714286,117,0,"United Kingdom",0,0,3,"United Kingdom"
"17267",36.8111111111111,2,317.2,158.6,4.27027027027027,158,1,"United Kingdom",1,0,3,"United Kingdom"
"17268",17.1138888888889,11,1733.89,157.626363636364,46.5,1395,14,"United Kingdom",1,0,3,"United Kingdom"
"17269",295.068055555556,1,491.81,491.81,2.512,314,0,"United Kingdom",1,0,1,"United Kingdom"
"17270",378.945138888889,2,601.45,300.725,8.75,420,3,"United Kingdom",1,0,1,"United Kingdom"
"17271",645.959027777778,1,204.3,204.3,2.35416666666667,113,0,"United Kingdom",1,0,1,"United Kingdom"
"17272",108.961111111111,2,1409.44,704.72,14.6962025316456,1161,4,"United Kingdom",0,0,3,"United Kingdom"
"17273",333.870138888889,1,141.12,141.12,11.0833333333333,133,0,"United Kingdom",1,0,1,"United Kingdom"
"17274",305.030555555556,1,465.4,465.4,3.73076923076923,194,0,"United Kingdom",0,0,1,"United Kingdom"
"17275",292.975,1,114.1,114.1,3.08695652173913,71,0,"United Kingdom",1,0,1,"United Kingdom"
"17276",311.854166666667,1,502.49,502.49,3.52830188679245,187,0,"United Kingdom",1,0,1,"United Kingdom"
"17277",137.002083333333,2,1065.35,532.675,6.23188405797101,430,0,"United Kingdom",1,0,3,"United Kingdom"
"17278",150.986111111111,2,271.24,135.62,11.4705882352941,195,0,"United Kingdom",1,0,3,"United Kingdom"
"17280",347.836111111111,1,118.86,118.86,12.3333333333333,74,0,"United Kingdom",1,0,1,"United Kingdom"
"17281",283.78125,6,797.85,132.975,49.1666666666667,295,5,"United Kingdom",1,0,1,"United Kingdom"
"17282",39.93125,5,2308.54,461.708,11.4313725490196,2332,17,"United Kingdom",1,0,3,"United Kingdom"
"17283",288.039583333333,1,188.46,188.46,11.9333333333333,179,1,"United Kingdom",1,0,1,"United Kingdom"
"17284",30.0347222222222,7,2629.62,375.66,5.62138728323699,1945,6,"United Kingdom",0,1,3,"United Kingdom"
"17285",537.966666666667,2,407.94,203.97,3.04545454545455,134,0,"United Kingdom",1,0,1,"United Kingdom"
"17286",309.956944444444,2,237.81,118.905,5.45652173913043,251,2,"United Kingdom",0,0,1,"United Kingdom"
"17287",52.9104166666667,19,3480.21,183.168947368421,4.22463768115942,1749,3,"United Kingdom",0,1,3,"United Kingdom"
"17288",116.929166666667,9,1714.5,190.5,6.66666666666667,1160,11,"United Kingdom",0,0,3,"United Kingdom"
"17289",89.9576388888889,7,1275.23,182.175714285714,4.41237113402062,856,4,"United Kingdom",0,0,3,"United Kingdom"
"17290",291.067361111111,6,974.95,162.491666666667,7.42,742,7,"United Kingdom",0,0,1,"United Kingdom"
"17291",217.990277777778,1,550.8,550.8,72,72,1,"United Kingdom",1,0,3,"United Kingdom"
"17292",381.816666666667,2,271.75,135.875,8.73333333333333,131,1,"United Kingdom",1,0,1,"United Kingdom"
"17293",28.9493055555556,13,2763.6,212.584615384615,10.0625,1610,10,"United Kingdom",0,1,3,"United Kingdom"
"17294",578.859722222222,2,467.79,233.895,17.4705882352941,297,2,"United Kingdom",1,0,1,"United Kingdom"
"17296",639.950694444444,1,338.13,338.13,6.54545454545455,216,1,"United Kingdom",1,0,1,"United Kingdom"
"17298",10.8381944444444,5,954.26,190.852,12.3478260869565,852,10,"United Kingdom",1,0,3,"United Kingdom"
"17299",9.93611111111111,4,604.81,151.2025,6.39759036144578,531,1,"United Kingdom",0,0,3,"United Kingdom"
"17300",300.079166666667,2,393.64,196.82,10.6136363636364,467,6,"United Kingdom",1,0,1,"United Kingdom"
"17301",533.981944444444,1,131.15,131.15,1.46296296296296,79,0,"United Kingdom",0,0,1,"United Kingdom"
"17302",32.1569444444444,3,661.61,220.536666666667,6.38888888888889,345,0,"United Kingdom",0,0,3,"United Kingdom"
"17303",270.970833333333,1,250.04,250.04,2.71698113207547,144,0,"United Kingdom",1,0,1,"United Kingdom"
"17304",443.852083333333,1,111.5,111.5,14.6,73,1,"United Kingdom",1,0,1,"United Kingdom"
"17305",558.002083333333,1,2135.46,2135.46,111.777777777778,1006,8,"United Kingdom",1,0,1,"United Kingdom"
"17306",9.13263888888889,17,7851.1,461.829411764706,209.345454545455,11514,55,"United Kingdom",0,1,3,"United Kingdom"
"17307",304.965277777778,11,3999.89,363.626363636364,76.3958333333333,3667,32,"United Kingdom",1,1,1,"United Kingdom"
"17308",302.979861111111,2,4511.76,2255.88,735.428571428571,5148,7,"United Kingdom",1,1,1,"United Kingdom"
"17309",4.89583333333333,3,320.39,106.796666666667,5.02777777777778,181,0,"United Kingdom",1,0,3,"United Kingdom"
"17310",296.868055555556,2,1025.1,512.55,201,402,2,"United Kingdom",1,0,1,"United Kingdom"
"17311",226.079166666667,5,2738.17,547.634,22.5,2160,29,"United Kingdom",0,1,3,"United Kingdom"
"17312",48.0402777777778,3,644.3,214.766666666667,26.5714285714286,372,3,"United Kingdom",1,0,3,"United Kingdom"
"17314",58.0569444444444,14,3883.43,277.387857142857,14.6578947368421,2785,22,"United Kingdom",0,1,3,"United Kingdom"
"17315",9.87569444444444,35,7686.44,219.612571428571,6.52704791344668,4223,18,"United Kingdom",0,1,2,"United Kingdom"
"17316",329.927083333333,1,124.45,124.45,1.25714285714286,44,0,"United Kingdom",1,0,1,"United Kingdom"
"17318",634.985416666667,1,157.33,157.33,3.47058823529412,59,0,"United Kingdom",1,0,1,"United Kingdom"
"17319",578.877083333333,1,29.1,29.1,4.66666666666667,14,0,"United Kingdom",1,0,1,"United Kingdom"
"17320",9.97152777777778,6,2444.85,407.475,7.77631578947368,1182,5,"United Kingdom",1,0,3,"United Kingdom"
"17321",303.995833333333,4,1008.05,252.0125,2.47674418604651,426,0,"United Kingdom",0,0,1,"United Kingdom"
"17322",285.922916666667,5,922.59,184.518,3.56497175141243,631,3,"United Kingdom",1,0,1,"United Kingdom"
"17323",34.03125,9,1175.47,130.607777777778,4.51750972762646,1161,0,"United Kingdom",0,0,3,"United Kingdom"
"17324",241.061805555556,10,1886.82,188.682,11.0442477876106,1248,9,"United Kingdom",0,0,3,"United Kingdom"
"17325",189.986805555556,3,609.57,203.19,11.9230769230769,465,2,"United Kingdom",1,0,3,"United Kingdom"
"17326",317.883333333333,2,312.35,156.175,1.58139534883721,136,0,"United Kingdom",1,0,1,"United Kingdom"
"17327",319.122222222222,2,152.35,76.175,14.75,59,1,"United Kingdom",1,0,1,"United Kingdom"
"17328",582.81875,1,104.7,104.7,14.3333333333333,86,1,"United Kingdom",1,0,1,"United Kingdom"
"17329",224.889583333333,4,718.78,179.695,4.08045977011494,355,1,"United Kingdom",0,0,3,"United Kingdom"
"17330",454.011111111111,2,59.9,29.95,1,2,0,"United Kingdom",0,0,1,"United Kingdom"
"17331",33.0381944444444,1,175.2,175.2,16,16,0,"United Kingdom",1,0,3,"United Kingdom"
"17332",437.861111111111,5,838.27,167.654,8.35789473684211,794,5,"United Kingdom",1,0,1,"United Kingdom"
"17334",211.910416666667,3,635.15,211.716666666667,18.258064516129,566,3,"United Kingdom",1,0,3,"United Kingdom"
"17335",293.10625,2,497.04,248.52,5.83333333333333,210,2,"United Kingdom",1,0,1,"United Kingdom"
"17336",381.884027777778,1,81.12,81.12,48,48,1,"United Kingdom",1,0,1,"United Kingdom"
"17337",60.9131944444444,4,1981.06,495.265,2.39347408829175,1247,1,"United Kingdom",1,0,3,"United Kingdom"
"17338",23.9361111111111,16,10559.71,659.981875,4.430823117338,5060,4,"United Kingdom",0,1,3,"United Kingdom"
"17339",3.97291666666667,3,302.36,100.786666666667,17.2,172,2,"United Kingdom",1,0,3,"United Kingdom"
"17340",29.9944444444444,14,14858.31,1061.30785714286,14.1691729323308,7538,49,"United Kingdom",0,1,3,"United Kingdom"
"17341",66.0118055555556,5,1272.21,254.442,3.79452054794521,831,4,"United Kingdom",1,0,3,"United Kingdom"
"17342",289.071527777778,4,1227.54,306.885,14.8857142857143,521,5,"United Kingdom",1,0,1,"United Kingdom"
"17343",264.904861111111,6,1259.94,209.99,5.675,454,0,"United Kingdom",1,0,1,"United Kingdom"
"17344",638.013194444444,1,299.74,299.74,3.75,135,0,"United Kingdom",0,0,1,"United Kingdom"
"17345",2.94513888888889,9,1348.12,149.791111111111,11.525,1844,19,"United Kingdom",0,0,3,"United Kingdom"
"17346",12.9090277777778,19,3604.51,189.711052631579,3.97826086956522,2745,10,"United Kingdom",0,1,3,"United Kingdom"
"17348",207.084027777778,5,1445.84,289.168,5.89097744360902,1567,13,"United Kingdom",0,0,3,"United Kingdom"
"17349",88.93125,5,772.41,154.482,9.08235294117647,772,6,"United Kingdom",1,0,3,"United Kingdom"
"17350",303.857638888889,3,612.381,204.127,5.58904109589041,408,1,"United Kingdom",0,0,1,"United Kingdom"
"17351",78.7229166666667,11,1828.38,166.216363636364,5.9344262295082,362,0,"United Kingdom",0,0,3,"United Kingdom"
"17352",605.859027777778,1,36.25,36.25,3,15,0,"United Kingdom",1,0,1,"United Kingdom"
"17353",38.8131944444444,4,3242,810.5,154.857142857143,2168,14,"United Kingdom",1,1,3,"United Kingdom"
"17354",337.963888888889,3,1740.9,580.3,17.9411764705882,1525,16,"United Kingdom",0,0,1,"United Kingdom"
"17355",295.980555555556,1,273.31,273.31,7.54545454545455,249,3,"United Kingdom",1,0,1,"United Kingdom"
"17356",221.071527777778,5,946.47,189.294,10.7558139534884,925,3,"United Kingdom",1,0,3,"United Kingdom"
"17358",212.828472222222,5,861.01,172.202,2.94520547945205,430,0,"United Kingdom",1,0,3,"United Kingdom"
"17359",557.918055555556,1,156.6,156.6,3.30434782608696,76,0,"United Kingdom",0,0,1,"United Kingdom"
"17360",93.8201388888889,4,953.17,238.2925,2.85714285714286,460,0,"United Kingdom",0,0,3,"United Kingdom"
"17361",95.95,4,647.51,161.8775,6.35555555555556,286,0,"United Kingdom",0,0,3,"United Kingdom"
"17362",148.921527777778,7,1024.04,146.291428571429,3.8125,549,0,"United Kingdom",1,0,3,"United Kingdom"
"17363",304.81875,3,920.46,306.82,14.2571428571429,499,3,"United Kingdom",1,0,1,"United Kingdom"
"17364",46.9944444444444,23,10127.65,440.332608695652,8.71488178025035,6266,27,"United Kingdom",0,1,2,"United Kingdom"
"17365",79.0875,12,5753.94,479.495,9.98278829604131,5800,35,"United Kingdom",0,1,3,"United Kingdom"
"17366",341.865277777778,2,1077.24,538.62,3.84732824427481,504,1,"United Kingdom",1,0,1,"United Kingdom"
"17367",147.936805555556,1,167.55,167.55,4.51515151515152,149,1,"United Kingdom",1,0,3,"United Kingdom"
"17368",2.91875,12,2484.49,207.040833333333,11.9462365591398,2222,27,"United Kingdom",0,0,3,"United Kingdom"
"17369",365.125694444444,1,979.2,979.2,1152,1152,1,"United Kingdom",1,0,1,"United Kingdom"
"17370",1.93819444444444,2,228.06,114.03,12.8235294117647,218,1,"United Kingdom",0,0,3,"United Kingdom"
"17371",270.895833333333,4,329.11,82.2775,2.6,169,1,"United Kingdom",0,0,1,"United Kingdom"
"17372",75.9472222222222,26,4065.76,156.375384615385,2.86577181208054,1708,2,"United Kingdom",0,1,2,"United Kingdom"
"17373",43.8159722222222,5,807.88,161.576,8.54838709677419,530,0,"United Kingdom",0,0,3,"United Kingdom"
"17374",128.15625,3,727.11,242.37,3.69047619047619,155,0,"United Kingdom",1,0,3,"United Kingdom"
"17375",108.878472222222,4,660.55,165.1375,5.58139534883721,480,2,"United Kingdom",1,0,3,"United Kingdom"
"17376",220.943055555556,3,356.29,118.763333333333,4.38636363636364,193,0,"United Kingdom",0,0,3,"United Kingdom"
"17377",35.8819444444444,67,15626.29,233.228208955224,4.34240980258679,6379,6,"United Kingdom",0,1,2,"United Kingdom"
"17378",283.752777777778,1,10.95,10.95,1,1,0,"United Kingdom",1,0,1,"United Kingdom"
"17380",343.838888888889,3,645,215,25.2,252,1,"United Kingdom",1,0,1,"United Kingdom"
"17381",8.87361111111111,33,34384.69,1041.9603030303,267.206666666667,40081,139,"United Kingdom",0,1,2,"United Kingdom"
"17382",345.08125,7,836.88,119.554285714286,27,432,7,"United Kingdom",0,0,1,"United Kingdom"
"17383",362.913888888889,1,110.7,110.7,6,12,0,"United Kingdom",0,0,1,"United Kingdom"
"17384",128.863194444444,2,398.8,199.4,9.5,76,1,"United Kingdom",0,0,3,"United Kingdom"
"17386",8.96041666666667,6,1823.69,303.948333333333,51.1904761904762,1075,8,"United Kingdom",0,0,3,"United Kingdom"
"17388",41.0111111111111,10,2368.84,236.884,42.7547169811321,2266,12,"United Kingdom",0,0,3,"United Kingdom"
"17389",5.11805555555556,52,34885.73,670.879423076923,36.2314540059347,12210,120,"United Kingdom",0,1,2,"United Kingdom"
"17390",330.05625,1,149.3,149.3,4.08333333333333,49,0,"United Kingdom",1,0,1,"United Kingdom"
"17391",73.1194444444444,2,508.8,254.4,160,480,3,"United Kingdom",1,0,3,"United Kingdom"
"17392",216.001388888889,3,585.92,195.306666666667,6.42857142857143,450,1,"United Kingdom",1,0,3,"United Kingdom"
"17393",320.069444444444,2,381.15,190.575,4.95833333333333,238,2,"United Kingdom",1,0,1,"United Kingdom"
"17394",128.977777777778,1,203.87,203.87,60.25,241,1,"United Kingdom",1,0,3,"United Kingdom"
"17395",417.886111111111,1,97.5,97.5,22,66,1,"United Kingdom",1,0,1,"United Kingdom"
"17396",58.1013888888889,12,5880.6,490.05,37.1842105263158,1413,17,"United Kingdom",0,1,3,"United Kingdom"
"17397",325.979166666667,1,516.87,516.87,9.8,441,2,"United Kingdom",0,0,1,"United Kingdom"
"17398",24.1263888888889,3,653.38,217.793333333333,8.1578947368421,310,0,"United Kingdom",1,0,3,"United Kingdom"
"17400",35.8833333333333,8,4623.28,577.91,4.65884861407249,2185,7,"United Kingdom",1,1,3,"United Kingdom"
"17401",450.830555555556,1,114.85,114.85,2.83333333333333,34,0,"United Kingdom",1,0,1,"United Kingdom"
"17402",11.0125,18,3734.16,207.453333333333,7.04216867469879,1169,5,"United Kingdom",0,1,3,"United Kingdom"
"17403",360.014583333333,1,118.95,118.95,5.92307692307692,77,0,"United Kingdom",0,0,1,"United Kingdom"
"17404",32.9847222222222,18,36878.6,2048.81111111111,170.491379310345,39554,183,"Sweden",0,1,2,"Other"
"17405",59.9395833333333,1,393.31,393.31,8.14634146341463,334,0,"United Kingdom",0,0,3,"United Kingdom"
"17406",242.904861111111,13,4186.95,322.073076923077,7.76050420168067,1847,9,"United Kingdom",1,1,3,"United Kingdom"
"17407",321.036805555556,1,552.9,552.9,18.5217391304348,426,0,"United Kingdom",1,0,1,"United Kingdom"
"17408",72.9979166666667,3,316.09,105.363333333333,20.375,163,2,"United Kingdom",1,0,3,"United Kingdom"
"17409",94.0930555555556,10,7793.51,779.351,39.3173076923077,4089,47,"United Kingdom",1,1,3,"United Kingdom"
"17410",5.8625,2,419.55,209.775,6.77272727272727,149,0,"United Kingdom",0,0,3,"United Kingdom"
"17411",170.9625,3,932.02,310.673333333333,8.56,428,2,"United Kingdom",0,0,3,"United Kingdom"
"17412",105.913194444444,13,3671.98,282.46,11.0355329949239,2174,9,"United Kingdom",0,1,3,"United Kingdom"
"17413",314.011805555556,2,560.14,280.07,30.2,302,2,"United Kingdom",1,0,1,"United Kingdom"
"17414",94.0465277777778,5,2069.52,413.904,276.8,5536,11,"United Kingdom",0,0,3,"United Kingdom"
"17416",19.1388888888889,20,15699.52,784.976,14.9903288201161,7750,39,"United Kingdom",0,1,2,"United Kingdom"
"17417",458.118055555556,1,164.18,164.18,4.75,76,0,"United Kingdom",1,0,1,"United Kingdom"
"17418",233.049305555556,2,373.99,186.995,15.4583333333333,371,2,"United Kingdom",0,0,3,"United Kingdom"
"17419",53.0076388888889,14,4559.68,325.691428571429,9.91517857142857,2221,1,"United Kingdom",0,1,3,"United Kingdom"
"17420",80.9048611111111,5,746.26,149.252,8.53658536585366,350,0,"United Kingdom",0,0,3,"United Kingdom"
"17421",295.828472222222,3,1059.41,353.136666666667,13.9137931034483,807,1,"United Kingdom",1,0,1,"United Kingdom"
"17422",2.90972222222222,10,3314.36,331.436,16.0529100529101,3034,17,"United Kingdom",0,1,3,"United Kingdom"
"17423",127.15,2,869.96,434.98,23.0357142857143,645,7,"United Kingdom",0,0,3,"United Kingdom"
"17426",0.874305555555556,11,7321.1,665.554545454546,12.130890052356,4634,16,"United Kingdom",0,1,3,"United Kingdom"
"17428",20.0090277777778,37,24871,672.189189189189,22.7034161490683,14621,110,"United Kingdom",0,1,2,"United Kingdom"
"17429",37.9777777777778,5,1357.46,271.492,13.5368421052632,1286,4,"United Kingdom",1,0,3,"United Kingdom"
"17430",274.989583333333,3,469.41,156.47,11.6071428571429,325,1,"United Kingdom",0,0,1,"United Kingdom"
"17431",222.926388888889,1,403.3,403.3,6.7906976744186,292,1,"United Kingdom",1,0,3,"United Kingdom"
"17432",294.825694444444,7,1363.23,194.747142857143,3.54424778761062,801,0,"United Kingdom",0,0,1,"United Kingdom"
"17433",294.967361111111,1,266.8,266.8,3.07692307692308,120,0,"United Kingdom",0,0,1,"United Kingdom"
"17435",320.954861111111,1,331.35,331.35,13,195,2,"United Kingdom",1,0,1,"United Kingdom"
"17436",136.053472222222,4,440.16,110.04,11.3333333333333,136,0,"United Kingdom",0,0,3,"United Kingdom"
"17437",439.06875,1,369.68,369.68,5.44230769230769,283,1,"United Kingdom",1,0,1,"United Kingdom"
"17438",163.1,5,1422.77,284.554,7.7887323943662,553,3,"United Kingdom",1,0,3,"United Kingdom"
"17439",565.001388888889,1,325.74,325.74,46.25,370,3,"United Kingdom",1,0,1,"United Kingdom"
"17440",66.0388888888889,4,323.58,80.895,47,282,4,"United Kingdom",1,0,3,"United Kingdom"
"17441",641.970833333333,1,293.35,293.35,11.6666666666667,245,2,"United Kingdom",1,0,1,"United Kingdom"
"17442",3.02152777777778,14,4293.43,306.673571428571,11.0190114068441,2898,3,"United Kingdom",0,1,3,"United Kingdom"
"17443",129.085416666667,1,534.24,534.24,504,504,1,"Canada",1,0,3,"Other"
"17444",57.03125,3,2940.04,980.013333333333,15.6962962962963,2119,12,"Canada",1,1,3,"Other"
"17446",86.0888888888889,2,120.9,60.45,22,198,0,"United Kingdom",1,0,3,"United Kingdom"
"17448",406.946527777778,46,14523.67,315.731956521739,10.3443946188341,11534,21,"United Kingdom",1,1,2,"United Kingdom"
"17449",4.17777777777778,10,3846.49,384.649,4.25925925925926,2070,0,"United Kingdom",0,1,3,"United Kingdom"
"17450",4.95694444444444,28,136695,4881.96428571429,170.744444444444,46101,148,"United Kingdom",0,1,2,"United Kingdom"
"17451",15.0388888888889,1,346.01,346.01,11.6086956521739,267,0,"United Kingdom",0,0,3,"United Kingdom"
"17454",101.952777777778,10,1547.94,154.794,5.76984126984127,727,0,"United Kingdom",1,0,3,"United Kingdom"
"17455",113.013194444444,1,131.7,131.7,8.25,66,0,"United Kingdom",1,0,3,"United Kingdom"
"17456",274.89375,2,975.56,487.78,8.46666666666667,508,2,"United Kingdom",1,0,1,"United Kingdom"
"17457",36.0013888888889,14,5984.81,427.486428571429,42.109375,2695,31,"United Kingdom",1,1,3,"United Kingdom"
"17458",291.046527777778,1,213.08,213.08,3.5,112,0,"United Kingdom",0,0,1,"United Kingdom"
"17460",3.90694444444444,16,2157.97,134.873125,6.96350364963504,954,0,"United Kingdom",1,0,3,"United Kingdom"
"17462",193.825694444444,1,463.41,463.41,11.0714285714286,155,0,"United Kingdom",0,0,3,"United Kingdom"
"17463",85.9027777777778,5,1886.99,377.398,4.85589519650655,1112,0,"United Kingdom",0,0,3,"United Kingdom"
"17464",67.9798611111111,3,907.14,302.38,15.5897435897436,608,4,"United Kingdom",1,0,3,"United Kingdom"
"17465",335.0375,7,2542.79,363.255714285714,10.4014084507042,1477,3,"United Kingdom",1,0,1,"United Kingdom"
"17467",304.994444444444,1,102.6,102.6,5,20,0,"United Kingdom",1,0,1,"United Kingdom"
"17468",284.809027777778,1,57.8,57.8,22.6666666666667,68,0,"United Kingdom",0,0,1,"United Kingdom"
"17469",18.1638888888889,15,4230.55,282.036666666667,8.44827586206897,1960,4,"United Kingdom",0,1,3,"United Kingdom"
"17470",36.9826388888889,10,2317.87,231.787,17.2666666666667,2331,17,"United Kingdom",0,0,3,"United Kingdom"
"17471",384.039583333333,1,321.65,321.65,8.05263157894737,153,0,"United Kingdom",1,0,1,"United Kingdom"
"17472",100.911805555556,4,922.35,230.5875,2.47085201793722,551,0,"United Kingdom",1,0,3,"United Kingdom"
"17473",318.045138888889,2,607,303.5,7.94117647058824,270,0,"United Kingdom",1,0,1,"United Kingdom"
"17474",509.088194444444,1,1047,1047,33.3333333333333,200,4,"United Kingdom",1,0,1,"United Kingdom"
"17476",305.103472222222,2,489.86,244.93,7.2258064516129,224,0,"United Kingdom",1,0,1,"United Kingdom"
"17477",522.113888888889,2,1144.3,572.15,5.11363636363636,225,0,"United Kingdom",1,0,1,"United Kingdom"
"17478",317.909027777778,2,1272.8,636.4,12.9,516,2,"United Kingdom",1,0,1,"United Kingdom"
"17479",542.141666666667,1,389.26,389.26,14.7777777777778,266,0,"United Kingdom",1,0,1,"United Kingdom"
"17480",354.013194444444,1,370.41,370.41,10.125,243,0,"United Kingdom",0,0,1,"United Kingdom"
"17481",3.12013888888889,1,260.63,260.63,7.84210526315789,149,0,"United Kingdom",0,0,3,"United Kingdom"
"17482",396.886805555556,2,775.64,387.82,4.52830188679245,240,0,"United Kingdom",1,0,1,"United Kingdom"
"17483",43.8034722222222,3,452.43,150.81,8.6,172,0,"United Kingdom",0,0,3,"United Kingdom"
"17484",485.88125,2,209.57,104.785,24.2142857142857,339,4,"United Kingdom",1,0,1,"United Kingdom"
"17486",170.951388888889,1,396.87,396.87,7.95833333333333,191,0,"United Kingdom",1,0,3,"United Kingdom"
"17487",637.905555555556,1,160.55,160.55,4.625,37,0,"United Kingdom",1,0,1,"United Kingdom"
"17488",550.946527777778,1,336.5,336.5,7.55555555555556,136,0,"United Kingdom",1,0,1,"United Kingdom"
"17489",122.052777777778,1,208.56,208.56,14.5,232,0,"United Kingdom",0,0,3,"United Kingdom"
"17490",86.1493055555556,3,963.38,321.126666666667,9.25862068965517,537,0,"United Kingdom",0,0,3,"United Kingdom"
"17491",5.04097222222222,13,4212.91,324.07,18.9489051094891,2596,13,"United Kingdom",0,1,3,"United Kingdom"
"17492",157.895138888889,3,1122.42,374.14,11.5384615384615,450,1,"United Kingdom",1,0,3,"United Kingdom"
"17493",294.828472222222,1,100.91,100.91,7.75,62,0,"United Kingdom",1,0,1,"United Kingdom"
"17494",411.113888888889,1,54.7,54.7,8.66666666666667,26,0,"United Kingdom",1,0,1,"United Kingdom"
"17495",300.041666666667,1,309.16,309.16,6.57142857142857,138,0,"United Kingdom",0,0,1,"United Kingdom"
"17496",268.174305555556,4,1412.89,353.2225,9.375,675,0,"United Kingdom",1,0,1,"United Kingdom"
"17497",299.939583333333,2,287.25,143.625,8.42857142857143,59,0,"United Kingdom",1,0,1,"United Kingdom"
"17499",199.15,2,1341.39,670.695,15.2957746478873,1086,5,"United Kingdom",1,0,3,"United Kingdom"
"17501",130.127083333333,2,288.6,144.3,8.88888888888889,160,0,"United Kingdom",1,0,3,"United Kingdom"
"17504",115.99375,18,9490.17,527.231666666667,15.8479532163743,5420,37,"United Kingdom",1,1,3,"United Kingdom"
"17505",71,5,2435.48,487.096,12.1764705882353,1242,2,"United Kingdom",1,0,3,"United Kingdom"
"17507",171.043055555556,2,605.58,302.79,4.07954545454545,359,0,"United Kingdom",1,0,3,"United Kingdom"
"17508",190.194444444444,8,4579.23,572.40375,12.5151515151515,2891,18,"Greece",1,1,3,"Other"
"17510",330.104166666667,1,206.08,206.08,13.8666666666667,208,2,"United Kingdom",0,0,1,"United Kingdom"
"17511",3.04791666666667,50,140446.24,2808.9248,59.2109623964309,92902,956,"United Kingdom",0,1,4,"United Kingdom"
"17512",30.9131944444444,16,4434.73,277.170625,27.0359281437126,4515,20,"United Kingdom",0,1,3,"United Kingdom"
"17513",318.067361111111,2,645.6,322.8,15.5,186,0,"United Kingdom",0,0,1,"United Kingdom"
"17514",37.8784722222222,2,522,261,3.42168674698795,284,0,"United Kingdom",1,0,3,"United Kingdom"
"17515",115.949305555556,8,1534.86,191.8575,2.98224852071006,504,0,"United Kingdom",0,0,3,"United Kingdom"
"17516",28.9166666666667,5,788.27,157.654,2.86309523809524,481,1,"United Kingdom",0,0,3,"United Kingdom"
"17517",218.043055555556,1,153.94,153.94,9.27272727272727,102,0,"United Kingdom",1,0,3,"United Kingdom"
"17518",335.006944444444,2,329.42,164.71,3.46753246753247,267,2,"United Kingdom",1,0,1,"United Kingdom"
"17519",43.0284722222222,14,4418.15,315.582142857143,16.1489361702128,3036,28,"United Kingdom",0,1,3,"United Kingdom"
"17521",108.9,3,714.41,238.136666666667,9.82926829268293,403,0,"United Kingdom",0,0,3,"United Kingdom"
"17522",48.0145833333333,4,912.25,228.0625,13.910447761194,932,10,"United Kingdom",0,0,3,"United Kingdom"
"17524",270.929166666667,3,539.14,179.713333333333,8.41860465116279,362,2,"United Kingdom",1,0,1,"United Kingdom"
"17525",269.03125,3,1161.9,387.3,13,338,3,"United Kingdom",1,0,1,"United Kingdom"
"17526",200.152777777778,11,3616.14,328.74,15.3253012048193,1272,9,"United Kingdom",0,1,3,"United Kingdom"
"17527",19.1076388888889,2,606.62,303.31,8.24,206,0,"United Kingdom",0,0,3,"United Kingdom"
"17529",519.790972222222,2,1240.25,620.125,9.63414634146342,790,0,"United Kingdom",1,0,1,"United Kingdom"
"17530",115.834027777778,8,1789.83,223.72875,2.9536231884058,1019,1,"United Kingdom",0,0,3,"United Kingdom"
"17531",99.73125,3,1266.82,422.273333333333,8.13793103448276,472,1,"United Kingdom",1,0,3,"United Kingdom"
"17532",295.192361111111,1,65.34,65.34,7.5,30,0,"United Kingdom",1,0,1,"United Kingdom"
"17533",344.15,1,34.8,34.8,24,24,0,"United Kingdom",1,0,1,"United Kingdom"
"17534",360.970833333333,4,1445.47,361.3675,9.12048192771084,757,0,"United Kingdom",0,0,1,"United Kingdom"
"17535",189.895833333333,1,164.4,164.4,10.4615384615385,136,0,"United Kingdom",1,0,3,"United Kingdom"
"17536",86.9770833333333,3,364.83,121.61,12.5625,201,2,"United Kingdom",1,0,3,"United Kingdom"
"17537",212.967361111111,1,620.75,620.75,6.15,369,1,"United Kingdom",0,0,3,"United Kingdom"
"17539",527.029861111111,4,1176.84,294.21,4.91666666666667,708,0,"United Kingdom",1,0,1,"United Kingdom"
"17540",225.927083333333,5,1280.5,256.1,9.74468085106383,458,0,"United Kingdom",0,0,3,"United Kingdom"
"17541",419.051388888889,1,119.86,119.86,1.41935483870968,44,0,"United Kingdom",1,0,1,"United Kingdom"
"17542",179.045138888889,3,340.85,113.616666666667,5.046875,323,0,"United Kingdom",1,0,3,"United Kingdom"
"17543",459.00625,1,120.05,120.05,4.76923076923077,62,0,"United Kingdom",1,0,1,"United Kingdom"
"17544",299.904166666667,3,944.82,314.94,4.65909090909091,410,0,"United Kingdom",1,0,1,"United Kingdom"
"17545",299.888888888889,3,767.54,255.846666666667,2.89915966386555,345,1,"United Kingdom",0,0,1,"United Kingdom"
"17547",285.13125,2,727.85,363.925,7.19354838709677,223,0,"United Kingdom",1,0,1,"United Kingdom"
"17548",143.034027777778,4,731.26,182.815,14.5294117647059,494,1,"United Kingdom",1,0,3,"United Kingdom"
"17550",106.945138888889,9,2506.64,278.515555555556,3.01557632398754,968,2,"United Kingdom",1,0,3,"United Kingdom"
"17551",268.943055555556,1,290.34,290.34,3.64102564102564,142,0,"United Kingdom",1,0,1,"United Kingdom"
"17552",281.752777777778,10,2154.88,215.488,12.8598130841121,1376,9,"United Kingdom",0,0,1,"United Kingdom"
"17553",39.1180555555556,4,3757.6,939.4,381.333333333333,2288,6,"United Kingdom",1,1,3,"United Kingdom"
"17554",32.1069444444444,2,1249.89,624.945,22.3650793650794,1409,13,"United Kingdom",0,0,3,"United Kingdom"
"17555",244.013194444444,4,760.88,190.22,2.62980769230769,547,0,"United Kingdom",0,0,1,"United Kingdom"
"17556",115.084722222222,2,300.67,150.335,13.1428571428571,184,1,"United Kingdom",1,0,3,"United Kingdom"
"17557",642.107638888889,1,34,34,4,4,0,"United Kingdom",0,0,1,"United Kingdom"
"17558",302.926388888889,1,259.17,259.17,1.92857142857143,54,0,"United Kingdom",1,0,1,"United Kingdom"
"17559",422.033333333333,1,167.62,167.62,22.5,270,3,"United Kingdom",1,0,1,"United Kingdom"
"17560",4.14722222222222,8,1895.8,236.975,28.8727272727273,1588,24,"United Kingdom",1,0,3,"United Kingdom"
"17561",300.009722222222,3,537.9,179.3,1.62328767123288,237,0,"United Kingdom",0,0,1,"United Kingdom"
"17562",19.0236111111111,4,661.1,165.275,14.6585365853659,601,3,"United Kingdom",0,0,3,"United Kingdom"
"17563",487.913888888889,2,392.38,196.19,8.82758620689655,256,0,"United Kingdom",1,0,1,"United Kingdom"
"17565",496.038888888889,1,131.83,131.83,2.23333333333333,67,0,"United Kingdom",1,0,1,"United Kingdom"
"17567",2.11805555555556,7,3432.05,490.292857142857,13.4900662251656,2037,8,"United Kingdom",0,1,3,"United Kingdom"
"17568",542.836805555556,1,374.45,374.45,4.43548387096774,275,0,"United Kingdom",1,0,1,"United Kingdom"
"17569",241.940972222222,1,344.14,344.14,5.48275862068965,159,1,"United Kingdom",1,0,1,"United Kingdom"
"17570",291.0375,1,100,100,1,1,0,"United Kingdom",1,0,1,"United Kingdom"
"17571",55.0166666666667,4,764.79,191.1975,4.65116279069767,600,3,"United Kingdom",0,0,3,"United Kingdom"
"17572",9.09861111111111,9,621.46,69.0511111111111,10.4,312,1,"United Kingdom",0,0,3,"United Kingdom"
"17573",3.09305555555556,1,174.71,174.71,16.0909090909091,177,2,"United Kingdom",0,0,3,"United Kingdom"
"17574",152.127083333333,1,185.65,185.65,9.625,77,0,"United Kingdom",1,0,3,"United Kingdom"
"17575",576.959722222222,1,171.7,171.7,14.4,72,1,"United Kingdom",1,0,1,"United Kingdom"
"17576",8.84722222222222,36,7413.37,205.926944444444,5.42547425474255,4004,12,"United Kingdom",0,1,2,"United Kingdom"
"17577",554.992361111111,2,348.75,174.375,8.52380952380952,179,0,"United Kingdom",1,0,1,"United Kingdom"
"17578",127.758333333333,7,1047.33,149.618571428571,8.13846153846154,529,3,"United Kingdom",1,0,3,"United Kingdom"
"17579",47.125,3,575.24,191.746666666667,4.04918032786885,247,0,"United Kingdom",0,0,3,"United Kingdom"
"17580",162.00625,5,541.02,108.204,2.37234042553191,223,0,"United Kingdom",1,0,3,"United Kingdom"
"17581",19.1118055555556,35,13448.22,384.234857142857,10.888036809816,7099,19,"United Kingdom",0,1,2,"United Kingdom"
"17582",145.980555555556,5,1446.95,289.39,4.94262295081967,603,4,"United Kingdom",1,0,3,"United Kingdom"
"17583",469.934722222222,1,135.95,135.95,7.85714285714286,55,0,"United Kingdom",1,0,1,"United Kingdom"
"17584",36.9430555555556,5,4816.57,963.314,21.4380952380952,2251,23,"United Kingdom",0,1,3,"United Kingdom"
"17585",18.9722222222222,7,2064.71,294.958571428571,6.53645833333333,2510,21,"United Kingdom",1,0,3,"United Kingdom"
"17586",528.984722222222,1,167.4,167.4,8.5,68,0,"United Kingdom",1,0,1,"United Kingdom"
"17587",537.940277777778,1,176.71,176.71,1.5952380952381,67,0,"United Kingdom",1,0,1,"United Kingdom"
"17588",9.96736111111111,7,2939.55,419.935714285714,19.4225352112676,1379,15,"United Kingdom",1,1,3,"United Kingdom"
"17589",60.8215277777778,17,13276.84,780.990588235294,6.8130081300813,8380,20,"United Kingdom",0,1,2,"United Kingdom"
"17591",31.9965277777778,7,1976.52,282.36,5.41317365269461,904,1,"United Kingdom",0,0,3,"United Kingdom"
"17592",648.084027777778,1,148.3,148.3,2.92307692307692,38,0,"United Kingdom",1,0,1,"United Kingdom"
"17593",1.12361111111111,10,7414.12,741.412,13.2083333333333,4755,29,"United Kingdom",0,1,3,"United Kingdom"
"17594",164.095833333333,3,1819.7,606.566666666667,15.2647058823529,1038,0,"United Kingdom",0,0,3,"United Kingdom"
"17596",45.9611111111111,10,3421.85,342.185,14.3455497382199,5480,61,"United Kingdom",0,1,3,"United Kingdom"
"17597",123.038888888889,5,3484.09,696.818,17.3046875,2215,14,"United Kingdom",1,1,3,"United Kingdom"
"17598",290.796527777778,1,409.98,409.98,12.6,126,0,"United Kingdom",1,0,1,"United Kingdom"
"17599",387,1,52.05,52.05,3.66666666666667,11,0,"United Kingdom",1,0,1,"United Kingdom"
"17601",148.783333333333,2,413.08,206.54,4.09722222222222,295,3,"United Kingdom",1,0,3,"United Kingdom"
"17602",33.8736111111111,10,3209.56,320.956,5.68230277185501,2665,11,"United Kingdom",0,1,3,"United Kingdom"
"17603",527.040972222222,3,1393.66,464.553333333333,5.93684210526316,564,1,"United Kingdom",0,0,1,"United Kingdom"
"17604",126.963194444444,6,942.38,157.063333333333,2.95192307692308,614,4,"United Kingdom",1,0,3,"United Kingdom"
"17605",499.920138888889,1,160.75,160.75,5.46153846153846,71,0,"United Kingdom",1,0,1,"United Kingdom"
"17606",646.970833333333,1,87.3,87.3,7,42,0,"United Kingdom",1,0,1,"United Kingdom"
"17607",285.985416666667,1,333.81,333.81,12.2272727272727,269,0,"United Kingdom",1,0,1,"United Kingdom"
"17608",358.857638888889,2,296.07,148.035,2.90291262135922,299,0,"United Kingdom",0,0,1,"United Kingdom"
"17609",211.788888888889,8,1313.37,164.17125,3.25468164794008,869,3,"United Kingdom",0,0,3,"United Kingdom"
"17610",449.844444444444,5,1511.94,302.388,5.7987012987013,893,2,"United Kingdom",1,0,1,"United Kingdom"
"17611",33.0826388888889,22,7077.56,321.707272727273,4.51212415130941,4652,13,"United Kingdom",0,1,2,"United Kingdom"
"17612",4.94652777777778,17,5029.35,295.844117647059,9.75718849840256,3054,5,"United Kingdom",0,1,3,"United Kingdom"
"17613",27.0291666666667,9,2976.69,330.743333333333,6.91701244813278,1667,2,"United Kingdom",0,1,3,"United Kingdom"
"17615",39.9472222222222,6,721.8,120.3,6.75,378,1,"United Kingdom",1,0,3,"United Kingdom"
"17616",83.1104166666667,4,734.4,183.6,72,288,4,"United Kingdom",1,0,3,"United Kingdom"
"17617",468.001388888889,1,385.19,385.19,13.8333333333333,249,0,"United Kingdom",1,0,1,"United Kingdom"
"17618",157.988194444444,10,3696.84,369.684,4.96811594202899,1714,8,"United Kingdom",0,1,3,"United Kingdom"
"17619",221.938888888889,1,214.37,214.37,1.67567567567568,124,0,"United Kingdom",1,0,3,"United Kingdom"
"17621",221.988194444444,5,2697,539.4,16.4727272727273,906,8,"United Kingdom",0,1,3,"United Kingdom"
"17622",507.009722222222,2,1130.21,565.105,9.97368421052632,379,0,"United Kingdom",1,0,1,"United Kingdom"
"17623",318.943055555556,6,1838.72,306.453333333333,3.3167701863354,534,0,"United Kingdom",0,0,1,"United Kingdom"
"17624",127.785416666667,3,1125.45,375.15,9.94444444444444,716,0,"United Kingdom",0,0,3,"United Kingdom"
"17625",49.95625,6,5185.63,864.271666666667,5.53940455341506,3163,10,"United Kingdom",0,1,3,"United Kingdom"
"17626",512.024305555556,1,254,254,11.2222222222222,202,0,"United Kingdom",1,0,1,"United Kingdom"
"17627",388.057638888889,1,296.36,296.36,67.6,676,7,"United Kingdom",1,0,1,"United Kingdom"
"17629",29.9402777777778,7,1439.78,205.682857142857,9.02884615384615,939,4,"United Kingdom",0,0,3,"United Kingdom"
"17630",79.0361111111111,2,503.6,251.8,6.07692307692308,158,0,"United Kingdom",1,0,3,"United Kingdom"
"17631",46.9673611111111,6,886.66,147.776666666667,7.49152542372881,442,0,"United Kingdom",0,0,3,"United Kingdom"
"17633",12.8694444444444,5,1381.16,276.232,8.28125,530,1,"United Kingdom",0,0,3,"United Kingdom"
"17634",1.99652777777778,7,2077.07,296.724285714286,2.77777777777778,650,0,"United Kingdom",0,0,3,"United Kingdom"
"17635",333.901388888889,3,1265.58,421.86,10.4054054054054,770,4,"United Kingdom",1,0,1,"United Kingdom"
"17637",24.9756944444444,1,338.95,338.95,8.95833333333333,215,0,"United Kingdom",0,0,3,"United Kingdom"
"17638",556.929166666667,2,842.4,421.2,144,432,3,"United Kingdom",1,0,1,"United Kingdom"
"17639",185.894444444444,6,615.17,102.528333333333,7.29113924050633,576,5,"United Kingdom",1,0,3,"United Kingdom"
"17640",288.932638888889,5,2547.28,509.456,23.6393442622951,1442,15,"United Kingdom",0,0,1,"United Kingdom"
"17642",29.1520833333333,5,1824.49,364.898,13.6574074074074,1475,6,"United Kingdom",1,0,3,"United Kingdom"
"17643",282.925,2,439.7,219.85,7.29032258064516,226,0,"United Kingdom",1,0,1,"United Kingdom"
"17644",29.9145833333333,16,4758.59,297.411875,9.93822393822394,2574,5,"United Kingdom",0,1,3,"United Kingdom"
"17646",128.98125,12,3898.79,324.899166666667,6.6734693877551,1308,1,"United Kingdom",1,1,3,"United Kingdom"
"17647",578.923611111111,2,198.6,99.3,10.4,52,0,"United Kingdom",0,0,1,"United Kingdom"
"17648",102.061111111111,4,1526.26,381.565,7.63636363636364,756,0,"United Kingdom",0,0,3,"United Kingdom"
"17649",47.8729166666667,3,1578.89,526.296666666667,7.37755102040816,723,1,"United Kingdom",1,0,3,"United Kingdom"
"17651",65.1861111111111,10,2906.53,290.653,9.74117647058823,1656,2,"United Kingdom",0,1,3,"United Kingdom"
"17652",53.9486111111111,6,2713.57,452.261666666667,9.47741935483871,1469,2,"United Kingdom",0,1,3,"United Kingdom"
"17653",9.02291666666667,2,343.34,171.67,76.3333333333333,687,4,"United Kingdom",0,0,3,"United Kingdom"
"17654",186.98125,1,117.55,117.55,1.86363636363636,41,0,"United Kingdom",1,0,3,"United Kingdom"
"17655",26.0354166666667,7,2240.77,320.11,11.8674698795181,985,5,"United Kingdom",0,0,3,"United Kingdom"
"17656",15.9763888888889,3,927.65,309.216666666667,10.5227272727273,463,0,"United Kingdom",0,0,3,"United Kingdom"
"17657",339.915277777778,1,126,126,8.57142857142857,60,0,"United Kingdom",1,0,1,"United Kingdom"
"17658",120.89375,1,317.6,317.6,24,216,4,"United Kingdom",0,0,3,"United Kingdom"
"17659",9.90069444444444,11,2240.56,203.687272727273,9.03448275862069,1048,3,"United Kingdom",0,0,3,"United Kingdom"
"17660",50.9673611111111,2,342.22,171.11,3.15853658536585,259,1,"United Kingdom",1,0,3,"United Kingdom"
"17662",571.133333333333,2,412.92,206.46,12.2666666666667,184,2,"United Kingdom",1,0,1,"United Kingdom"
"17663",64.0402777777778,14,4389.45,313.532142857143,9.625,1925,5,"United Kingdom",0,1,3,"United Kingdom"
"17664",121.939583333333,3,887.78,295.926666666667,14.3833333333333,863,2,"United Kingdom",0,0,3,"United Kingdom"
"17665",402.984722222222,1,563.1,563.1,36.3157894736842,690,6,"United Kingdom",1,0,1,"United Kingdom"
"17666",387.01875,3,1319.64,439.88,36.7692307692308,956,17,"United Kingdom",0,0,1,"United Kingdom"
"17667",71.1270833333333,8,3646.2,455.775,9.72641509433962,2062,3,"United Kingdom",0,1,3,"United Kingdom"
"17669",31.9597222222222,8,5168.85,646.10625,23.5196850393701,2987,30,"United Kingdom",0,1,3,"United Kingdom"
"17670",137.151388888889,1,205.7,205.7,10,110,0,"United Kingdom",1,0,3,"United Kingdom"
"17671",67.0326388888889,4,1535,383.75,11.1969696969697,739,1,"United Kingdom",0,0,3,"United Kingdom"
"17672",218.972916666667,6,3778.3,629.716666666667,12.4890510948905,1711,6,"United Kingdom",0,1,3,"United Kingdom"
"17673",71.925,11,3754.53,341.320909090909,6.39467849223947,2884,12,"United Kingdom",0,1,3,"United Kingdom"
"17674",278.104166666667,1,300.66,300.66,31.7272727272727,349,2,"United Kingdom",0,0,1,"United Kingdom"
"17675",10.8805555555556,62,31342.39,505.522419354839,14.8281596452328,13375,105,"United Kingdom",0,1,2,"United Kingdom"
"17676",18.9354166666667,8,1808.3,226.0375,11.6964285714286,1310,4,"United Kingdom",0,0,3,"United Kingdom"
"17677",9.90416666666667,44,30379.58,690.445,31.0477815699659,18194,163,"United Kingdom",0,1,2,"United Kingdom"
"17678",173.040277777778,2,599.76,299.88,13.1428571428571,368,0,"United Kingdom",1,0,3,"United Kingdom"
"17679",431.132638888889,5,1585.5,317.1,20.1176470588235,1026,5,"United Kingdom",0,0,1,"United Kingdom"
"17680",292.971527777778,2,313.05,156.525,6.55555555555556,59,0,"United Kingdom",0,0,1,"United Kingdom"
"17681",506.811111111111,5,731.2,146.24,32.1428571428571,450,5,"United Kingdom",1,0,1,"United Kingdom"
"17682",24.8944444444444,10,3490.3,349.03,9.96335078534031,1903,1,"United Kingdom",0,1,3,"United Kingdom"
"17683",295.110416666667,3,819.01,273.003333333333,16.9782608695652,781,6,"United Kingdom",1,0,1,"United Kingdom"
"17685",176.106944444444,10,3811.84,381.184,19.484126984127,2455,16,"United Kingdom",0,1,3,"United Kingdom"
"17686",30.0458333333333,7,7146.7,1020.95714285714,8.32880434782609,3065,3,"United Kingdom",0,1,3,"United Kingdom"
"17687",330.013888888889,1,432.68,432.68,8.07692307692308,210,0,"United Kingdom",1,0,1,"United Kingdom"
"17688",303.089583333333,1,304.2,304.2,6,114,0,"United Kingdom",1,0,1,"United Kingdom"
"17689",297.977777777778,2,317.08,158.54,13.6363636363636,300,1,"United Kingdom",1,0,1,"United Kingdom"
"17690",11.1347222222222,16,5732.53,358.283125,8.25938566552901,2420,4,"United Kingdom",0,1,3,"United Kingdom"
"17691",267.8125,4,637.55,159.3875,7.32558139534884,315,0,"United Kingdom",1,0,1,"United Kingdom"
"17692",36.9506944444444,12,2975.8,247.983333333333,14.4320987654321,2338,10,"United Kingdom",1,1,3,"United Kingdom"
"17693",46.8763888888889,1,200.47,200.47,14.4375,231,0,"United Kingdom",1,0,3,"United Kingdom"
"17694",51.0347222222222,3,1695.97,565.323333333333,18.4320987654321,1493,18,"United Kingdom",1,0,3,"United Kingdom"
"17695",41.0902777777778,5,1746.04,349.208,29.655737704918,1809,15,"United Kingdom",1,0,3,"United Kingdom"
"17696",17.9520833333333,26,7309.47,281.133461538462,15.8662790697674,5458,39,"United Kingdom",0,1,2,"United Kingdom"
"17697",145.881944444444,1,338.95,338.95,4.89473684210526,93,0,"United Kingdom",1,0,3,"United Kingdom"
"17698",170.052777777778,1,154.95,154.95,11.625,93,0,"United Kingdom",1,0,3,"United Kingdom"
"17699",386.132638888889,2,442,221,10.9473684210526,208,2,"United Kingdom",1,0,1,"United Kingdom"
"17700",4.13611111111111,13,5827.16,448.243076923077,9.7051282051282,3028,14,"United Kingdom",0,1,3,"United Kingdom"
"17701",162.017361111111,1,417.95,417.95,4.54166666666667,109,0,"United Kingdom",1,0,3,"United Kingdom"
"17702",18.1333333333333,5,2658.44,531.688,13.8134328358209,1851,8,"United Kingdom",0,1,3,"United Kingdom"
"17703",18.90625,3,787.06,262.353333333333,11.5762711864407,683,1,"United Kingdom",0,0,3,"United Kingdom"
"17704",78.1319444444444,2,885.19,442.595,11.0645161290323,343,2,"United Kingdom",1,0,3,"United Kingdom"
"17705",16.1229166666667,8,1228.38,153.5475,11.3974358974359,889,4,"United Kingdom",0,0,3,"United Kingdom"
"17706",9.97708333333333,26,17795.16,684.429230769231,10.5188536953243,6974,24,"United Kingdom",0,1,2,"United Kingdom"
"17707",94.9076388888889,8,609.3,76.1625,22.75,546,7,"United Kingdom",1,0,3,"United Kingdom"
"17708",97.1097222222222,4,884.18,221.045,5.3013698630137,387,0,"United Kingdom",1,0,3,"United Kingdom"
"17709",79.0381944444444,5,671.01,134.202,7.375,295,1,"United Kingdom",1,0,3,"United Kingdom"
"17710",333.209027777778,1,293.5,293.5,7.9,158,1,"United Kingdom",1,0,1,"United Kingdom"
"17711",199.054166666667,1,220.53,220.53,8.23076923076923,107,0,"United Kingdom",0,0,3,"United Kingdom"
"17713",291.833333333333,4,1198.09,299.5225,13.0131578947368,989,1,"United Kingdom",1,0,1,"United Kingdom"
"17714",230.095833333333,5,1410.18,282.036,7.50617283950617,608,3,"United Kingdom",1,0,3,"United Kingdom"
"17715",110.0125,2,489.6,244.8,288,576,2,"United Kingdom",1,0,3,"United Kingdom"
"17716",4.03333333333333,20,14437.64,721.882,14.6460980036298,8070,49,"United Kingdom",0,1,2,"United Kingdom"
"17717",330.997222222222,1,376.92,376.92,13.2307692307692,344,0,"United Kingdom",1,0,1,"United Kingdom"
"17718",141.965972222222,2,439.18,219.59,11.9130434782609,274,1,"United Kingdom",1,0,3,"United Kingdom"
"17719",15.9368055555556,12,4477.4,373.116666666667,9.54054054054054,2118,13,"United Kingdom",0,1,3,"United Kingdom"
"17720",22.8458333333333,9,2358.57,262.063333333333,12.0252100840336,1431,9,"United Kingdom",0,0,3,"United Kingdom"
"17721",568.897222222222,1,307.21,307.21,9.72727272727273,107,0,"United Kingdom",1,0,1,"United Kingdom"
"17722",5.89444444444444,5,3520.22,704.044,13.8620689655172,2412,12,"United Kingdom",1,1,3,"United Kingdom"
"17723",36.7590277777778,7,3378.4,482.628571428571,76,912,8,"United Kingdom",1,1,3,"United Kingdom"
"17724",47.975,1,373.1,373.1,7.09090909090909,78,0,"United Kingdom",0,0,3,"United Kingdom"
"17725",10.1138888888889,8,2507.12,313.39,11.4184397163121,1610,2,"United Kingdom",0,0,3,"United Kingdom"
"17726",304.967361111111,7,1092.06,156.008571428571,6.9375,444,0,"United Kingdom",1,0,1,"United Kingdom"
"17728",313.875,2,1362.75,681.375,8.56962025316456,677,0,"United Kingdom",0,0,1,"United Kingdom"
"17729",505.907638888889,1,438.65,438.65,10.7391304347826,247,0,"United Kingdom",1,0,1,"United Kingdom"
"17730",15.8118055555556,15,5531.09,368.739333333333,16.7068965517241,3876,26,"United Kingdom",0,1,3,"United Kingdom"
"17731",37.9659722222222,5,1432.62,286.524,6.96296296296296,564,0,"United Kingdom",0,0,3,"United Kingdom"
"17732",282.139583333333,8,2166.42,270.8025,8.67213114754098,1058,3,"United Kingdom",1,0,1,"United Kingdom"
"17733",171.122222222222,1,216.95,216.95,7.25,87,0,"United Kingdom",0,0,3,"United Kingdom"
"17734",46.1458333333333,5,1281.9,256.38,8.71052631578947,662,1,"United Kingdom",0,0,3,"United Kingdom"
"17735",3.09166666666667,23,14771.55,642.241304347826,11.7067183462532,9061,14,"United Kingdom",0,1,2,"United Kingdom"
"17736",22.9284722222222,1,307.49,307.49,9.26086956521739,213,0,"United Kingdom",0,0,3,"United Kingdom"
"17738",58.14375,12,3876,323,11.7047619047619,2458,6,"United Kingdom",0,1,3,"United Kingdom"
"17739",106.149305555556,14,6010.01,429.286428571429,15.7083333333333,1885,6,"United Kingdom",0,1,3,"United Kingdom"
"17740",298.845138888889,6,426.9,71.15,24.6666666666667,222,3,"United Kingdom",1,0,1,"United Kingdom"
"17741",316.035416666667,2,101.1,50.55,19,114,1,"United Kingdom",1,0,1,"United Kingdom"
"17742",22.8902777777778,11,2098.48,190.770909090909,7.68235294117647,653,0,"United Kingdom",1,0,3,"United Kingdom"
"17743",357.913888888889,1,229.2,229.2,32,96,3,"United Kingdom",1,0,1,"United Kingdom"
"17744",160.002777777778,5,1615.7,323.14,27.2727272727273,2100,20,"United Kingdom",0,0,3,"United Kingdom"
"17745",387.013888888889,2,600.34,300.17,5.85714285714286,164,0,"United Kingdom",1,0,1,"United Kingdom"
"17746",149.929861111111,4,904.18,226.045,19.1111111111111,688,6,"United Kingdom",1,0,3,"United Kingdom"
"17747",22.1923611111111,1,71.4,71.4,12,12,0,"United Kingdom",1,0,3,"United Kingdom"
"17748",436.959027777778,1,358.15,358.15,6.52941176470588,111,0,"United Kingdom",1,0,1,"United Kingdom"
"17749",87.8784722222222,3,1026.18,342.06,7.82456140350877,446,1,"United Kingdom",1,0,3,"United Kingdom"
"17750",8.82013888888889,5,1204.5,240.9,18.8201438848921,2616,20,"United Kingdom",0,0,3,"United Kingdom"
"17751",330.953472222222,1,157.86,157.86,4.59375,147,1,"United Kingdom",1,0,1,"United Kingdom"
"17752",268.854861111111,1,80.64,80.64,192,192,1,"United Kingdom",1,0,1,"United Kingdom"
"17753",373.875694444444,4,382.06,95.515,1.79710144927536,124,0,"United Kingdom",1,0,1,"United Kingdom"
"17754",51.8708333333333,10,3361.63,336.163,19.3942857142857,3394,29,"United Kingdom",0,1,3,"United Kingdom"
"17756",285.020833333333,3,728.75,242.916666666667,4.75,399,1,"United Kingdom",1,0,1,"United Kingdom"
"17757",23.9902777777778,46,6789.21,147.59152173913,3.70912951167728,3494,10,"United Kingdom",0,1,2,"United Kingdom"
"17758",61.9013888888889,8,2989.08,373.635,6.34984520123839,2051,5,"United Kingdom",0,1,3,"United Kingdom"
"17759",78.9645833333333,4,609.07,152.2675,5.65573770491803,345,1,"United Kingdom",0,0,3,"United Kingdom"
"17760",282.904166666667,5,631.34,126.268,8.96078431372549,457,4,"United Kingdom",0,0,1,"United Kingdom"
"17762",365.798611111111,1,129.75,129.75,7.58823529411765,129,1,"United Kingdom",1,0,1,"United Kingdom"
"17763",172.934027777778,4,86.15,21.5375,2.92857142857143,41,0,"United Kingdom",1,0,3,"United Kingdom"
"17764",120.860416666667,4,971.69,242.9225,4.58947368421053,436,0,"United Kingdom",0,0,3,"United Kingdom"
"17765",68.00625,4,524,131,2.40740740740741,195,0,"United Kingdom",1,0,3,"United Kingdom"
"17766",290.93125,2,299.61,149.805,7.04545454545455,155,0,"United Kingdom",1,0,1,"United Kingdom"
"17767",319.852777777778,1,141.85,141.85,3.88888888888889,70,0,"United Kingdom",0,0,1,"United Kingdom"
"17768",75.9611111111111,5,1596.66,319.332,12.6415094339623,1340,12,"United Kingdom",0,0,3,"United Kingdom"
"17769",48.0722222222222,11,4913.83,446.711818181818,5.24503311258278,2376,6,"United Kingdom",0,1,3,"United Kingdom"
"17770",108.011111111111,5,1143.27,228.654,9.60526315789474,365,2,"United Kingdom",1,0,3,"United Kingdom"
"17771",232.942361111111,3,257.4,85.8,5.2972972972973,196,0,"United Kingdom",0,0,3,"United Kingdom"
"17772",302.054861111111,1,187.3,187.3,1.26086956521739,58,0,"United Kingdom",0,0,1,"United Kingdom"
"17773",423.946527777778,2,575.37,287.685,4.61818181818182,254,0,"United Kingdom",1,0,1,"United Kingdom"
"17774",6.00069444444444,9,3273.83,363.758888888889,3.99244332493703,1585,5,"United Kingdom",1,1,3,"United Kingdom"
"17775",164.083333333333,1,56.4,56.4,24,72,0,"United Kingdom",1,0,3,"United Kingdom"
"17776",296.025,2,330.56,165.28,3.4125,273,1,"United Kingdom",1,0,1,"United Kingdom"
"17777",9.92708333333333,1,189.8,189.8,2.47692307692308,161,0,"United Kingdom",0,0,3,"United Kingdom"
"17778",571.004166666667,1,197.7,197.7,21.4,214,4,"United Kingdom",1,0,1,"United Kingdom"
"17779",53.0215277777778,1,323.09,323.09,7.29411764705882,248,0,"United Kingdom",0,0,3,"United Kingdom"
"17780",576.963194444444,3,346.56,115.52,1.9746835443038,156,1,"United Kingdom",1,0,1,"United Kingdom"
"17781",68.8680555555556,2,188.02,94.01,2.83333333333333,34,0,"United Kingdom",1,0,3,"United Kingdom"
"17782",292.065972222222,2,679.02,339.51,18.551724137931,538,4,"United Kingdom",1,0,1,"United Kingdom"
"17783",157.113194444444,2,205.9,102.95,2.53703703703704,137,1,"United Kingdom",0,0,3,"United Kingdom"
"17784",459.8625,1,112.86,112.86,3.1304347826087,72,1,"United Kingdom",1,0,1,"United Kingdom"
"17785",354.941666666667,2,271.44,135.72,4.21052631578947,160,1,"United Kingdom",0,0,1,"United Kingdom"
"17786",226.927083333333,1,103.35,103.35,2.08,52,0,"United Kingdom",0,0,3,"United Kingdom"
"17787",62.0597222222222,4,1817.54,454.385,7,896,1,"United Kingdom",1,0,3,"United Kingdom"
"17788",39.0916666666667,1,16.7,16.7,1,3,0,"United Kingdom",0,0,3,"United Kingdom"
"17789",190.983333333333,2,397.15,198.575,6.86206896551724,199,0,"United Kingdom",1,0,3,"United Kingdom"
"17790",29.9138888888889,18,2178.62,121.034444444444,4.81932773109244,1147,3,"United Kingdom",0,0,3,"United Kingdom"
"17792",376.930555555556,2,368.35,184.175,2.86538461538462,149,0,"United Kingdom",1,0,1,"United Kingdom"
"17794",596.105555555556,2,147.3,73.65,6.57142857142857,46,0,"United Kingdom",1,0,1,"United Kingdom"
"17795",89.0097222222222,2,342.83,171.415,6.77777777777778,305,2,"United Kingdom",1,0,3,"United Kingdom"
"17796",223.005555555556,6,1160.49,193.415,1.65326633165829,329,0,"United Kingdom",0,0,3,"United Kingdom"
"17797",92.05625,6,1463.85,243.975,4.10294117647059,837,0,"United Kingdom",0,0,3,"United Kingdom"
"17798",491.047222222222,1,178.07,178.07,3.06666666666667,138,0,"United Kingdom",1,0,1,"United Kingdom"
"17799",8.92222222222222,19,5722.75,301.197368421053,3.89153754469607,3265,3,"United Kingdom",0,1,3,"United Kingdom"
"17800",0.979861111111111,7,904.8,129.257142857143,7.08860759493671,560,3,"United Kingdom",0,0,3,"United Kingdom"
"17801",360.929166666667,3,770.03,256.676666666667,10.1234567901235,820,3,"United Kingdom",1,0,1,"United Kingdom"
"17802",89.9118055555556,9,4293.6,477.066666666667,5.14161220043573,2360,7,"United Kingdom",0,1,3,"United Kingdom"
"17803",301.95625,1,184.66,184.66,3.62962962962963,98,0,"United Kingdom",1,0,1,"United Kingdom"
"17804",285.950694444444,3,383.78,127.926666666667,2.13186813186813,194,0,"United Kingdom",1,0,1,"United Kingdom"
"17805",519.926388888889,1,414.72,414.72,648,648,1,"United Kingdom",0,0,1,"United Kingdom"
"17807",304.853472222222,3,437.87,145.956666666667,2.9438202247191,262,1,"United Kingdom",1,0,1,"United Kingdom"
"17808",458.0875,4,262.64,65.66,4.33333333333333,143,1,"United Kingdom",1,0,1,"United Kingdom"
"17809",38.8819444444444,16,7530.69,470.668125,23.6760563380282,1681,19,"United Kingdom",0,1,3,"United Kingdom"
"17810",578.085416666667,2,373.16,186.58,2.14545454545455,118,0,"United Kingdom",1,0,1,"United Kingdom"
"17811",1.95625,32,6592.29,206.0090625,4.28767123287671,3443,11,"United Kingdom",0,1,2,"United Kingdom"
"17812",277.890972222222,4,405.48,101.37,2.84705882352941,242,0,"United Kingdom",0,0,1,"United Kingdom"
"17814",284.936805555556,2,1609.37,804.685,10.034965034965,1435,3,"United Kingdom",1,0,1,"United Kingdom"
"17815",302.924305555556,1,591.96,591.96,47.0769230769231,612,7,"United Kingdom",1,0,1,"United Kingdom"
"17816",178.9375,4,80.86,20.215,1.84615384615385,72,0,"United Kingdom",0,0,3,"United Kingdom"
"17817",186.797222222222,5,670.17,134.034,2.73684210526316,312,0,"United Kingdom",0,0,3,"United Kingdom"
"17818",647.052777777778,1,124.78,124.78,2.04761904761905,86,0,"United Kingdom",1,0,1,"United Kingdom"
"17819",92.0770833333333,11,5784.65,525.877272727273,18.0459770114943,1570,20,"United Kingdom",0,1,3,"United Kingdom"
"17820",283.796527777778,1,180.61,180.61,2.70731707317073,111,1,"United Kingdom",1,0,1,"United Kingdom"
"17821",315.979166666667,1,334.62,334.62,27,162,1,"United Kingdom",1,0,1,"United Kingdom"
"17822",329.960416666667,5,2162.93,432.586,8.13609467455621,1375,12,"United Kingdom",1,0,1,"United Kingdom"
"17823",330.851388888889,2,449.25,224.625,2.52,252,0,"United Kingdom",1,0,1,"United Kingdom"
"17825",508.034027777778,4,701.96,175.49,19.1111111111111,516,2,"United Kingdom",1,0,1,"United Kingdom"
"17826",283.977083333333,1,133.34,133.34,2.54545454545455,84,0,"United Kingdom",1,0,1,"United Kingdom"
"17827",151.829166666667,5,1969.31,393.862,5.90454545454545,1299,4,"United Kingdom",0,0,3,"United Kingdom"
"17828",19.1576388888889,3,1076.66,358.886666666667,8.74545454545455,481,0,"Malta",0,0,3,"Other"
"17829",208.002777777778,5,4756.74,951.348,17.5964912280702,3009,18,"United Arab Emirates",1,1,3,"Other"
"17830",171.045833333333,2,287.65,143.825,4.0625,65,0,"United Kingdom",0,0,3,"United Kingdom"
"17833",632.965277777778,1,338.46,338.46,4.61290322580645,143,0,"United Kingdom",1,0,1,"United Kingdom"
"17834",324.028472222222,2,689.67,344.835,11.0172413793103,639,5,"United Kingdom",1,0,1,"United Kingdom"
"17837",57.7541666666667,3,376.51,125.503333333333,3.09090909090909,102,0,"United Kingdom",0,0,3,"United Kingdom"
"17838",201.956944444444,11,4538.84,412.621818181818,12.6509433962264,2682,15,"United Kingdom",0,1,3,"United Kingdom"
"17840",353.018055555556,1,175.9,175.9,2.56,128,0,"United Kingdom",1,0,1,"United Kingdom"
"17841",1.10972222222222,168,51353,305.672619047619,2.87995642701525,26438,51,"United Kingdom",0,1,4,"United Kingdom"
"17842",511.935416666667,1,430.69,430.69,4.94444444444444,89,0,"United Kingdom",1,0,1,"United Kingdom"
"17843",212.886805555556,2,320.4,160.2,4.04838709677419,251,0,"United Kingdom",1,0,3,"United Kingdom"
"17844",16.0576388888889,1,51.56,51.56,10.4,52,0,"Canada",1,0,3,"Other"
"17845",464.895833333333,4,596.09,149.0225,4.14893617021277,195,1,"United Kingdom",1,0,1,"United Kingdom"
"17847",425.118055555556,2,129.69,64.845,3.22222222222222,29,0,"United Kingdom",1,0,1,"United Kingdom"
"17848",37.9,29,3479.51,119.983103448276,8.51219512195122,1396,9,"United Kingdom",0,1,2,"United Kingdom"
"17849",127.961111111111,8,1063.76,132.97,4.48,224,3,"United Kingdom",1,0,3,"United Kingdom"
"17850",281.890972222222,155,51208.87,330.379806451613,8.42416966786715,21052,11,"United Kingdom",1,1,4,"United Kingdom"
"17851",331.900694444444,6,1552.35,258.725,4.02155172413793,933,1,"United Kingdom",1,0,1,"United Kingdom"
"17852",298.021527777778,3,543.47,181.156666666667,3.79761904761905,319,0,"United Kingdom",0,0,1,"United Kingdom"
"17853",316.889583333333,3,1596.29,532.096666666667,5.95238095238095,625,0,"United Kingdom",1,0,1,"United Kingdom"
"17854",94.8534722222222,6,1068.5,178.083333333333,5.14406779661017,607,2,"United Kingdom",1,0,3,"United Kingdom"
"17855",282.129166666667,1,208.97,208.97,11.5882352941176,197,0,"United Kingdom",1,0,1,"United Kingdom"
"17856",142.984027777778,3,1142.63,380.876666666667,64.1111111111111,577,4,"United Kingdom",0,0,3,"United Kingdom"
"17857",8.03541666666667,15,14722.52,981.501333333333,278.733333333333,8362,29,"United Kingdom",0,1,3,"United Kingdom"
"17858",25.9159722222222,27,11019.24,408.12,17.9328621908127,5075,31,"United Kingdom",0,1,2,"United Kingdom"
"17859",214.095833333333,1,141.92,141.92,4.43478260869565,102,1,"United Kingdom",1,0,3,"United Kingdom"
"17860",278.00625,4,717.39,179.3475,4.2962962962963,696,2,"United Kingdom",1,0,1,"United Kingdom"
"17861",45.8298611111111,15,4289.9,285.993333333333,7.59578947368421,3608,16,"United Kingdom",0,1,3,"United Kingdom"
"17862",233.01875,4,1254.89,313.7225,4.44444444444444,440,0,"United Kingdom",1,0,3,"United Kingdom"
"17863",54.9597222222222,10,3985.76,398.576,18.7435897435897,3655,16,"United Kingdom",0,1,3,"United Kingdom"
"17864",185.045833333333,3,522.57,174.19,8.98630136986301,656,6,"United Kingdom",0,0,3,"United Kingdom"
"17865",17.0125,38,22803.21,600.08447368421,11.9177777777778,10726,32,"United Kingdom",0,1,2,"United Kingdom"
"17866",52.0715277777778,3,1134.95,378.316666666667,20.5769230769231,535,5,"United Kingdom",1,0,3,"United Kingdom"
"17867",53.0055555555556,13,1381.66,106.281538461538,7.2,504,4,"United Kingdom",0,0,3,"United Kingdom"
"17868",295.746527777778,1,227.15,227.15,4.72222222222222,85,0,"United Kingdom",1,0,1,"United Kingdom"
"17869",16.8569444444444,7,813.64,116.234285714286,6.1375,491,5,"United Kingdom",1,0,3,"United Kingdom"
"17870",1.09236111111111,8,1632.77,204.09625,9.3804347826087,863,3,"United Kingdom",0,0,3,"United Kingdom"
"17871",114.054166666667,5,1068.95,213.79,8.01204819277108,665,5,"United Kingdom",1,0,3,"United Kingdom"
"17872",291.033333333333,1,235.87,235.87,11.7333333333333,176,2,"United Kingdom",1,0,1,"United Kingdom"
"17873",93.9159722222222,17,5993.29,352.546470588235,25.0869565217391,4039,29,"United Kingdom",0,1,3,"United Kingdom"
"17874",94.9972222222222,6,683.46,113.91,4.80434782608696,221,1,"United Kingdom",1,0,3,"United Kingdom"
"17875",597.888888888889,1,167.1,167.1,3.76923076923077,98,0,"United Kingdom",1,0,1,"United Kingdom"
"17876",309.081944444444,3,3424.02,1141.34,489.5,1958,4,"United Kingdom",1,1,1,"United Kingdom"
"17877",79.9930555555556,1,237.61,237.61,8.16666666666667,98,0,"United Kingdom",1,0,3,"United Kingdom"
"17878",304.956944444444,2,999.48,499.74,10.9464285714286,613,2,"United Kingdom",0,0,1,"United Kingdom"
"17879",83.0097222222222,1,178.52,178.52,7.5,45,0,"United Kingdom",1,0,3,"United Kingdom"
"17880",274.103472222222,3,824.92,274.973333333333,10.3555555555556,466,1,"United Kingdom",1,0,1,"United Kingdom"
"17881",213.815277777778,1,133.35,133.35,4,32,0,"United Kingdom",1,0,3,"United Kingdom"
"17882",288.923611111111,2,291.56,145.78,2.45283018867925,130,0,"United Kingdom",1,0,1,"United Kingdom"
"17883",155.731944444444,4,443.43,110.8575,3,150,0,"United Kingdom",0,0,3,"United Kingdom"
"17884",221.070833333333,19,2593.94,136.523157894737,6.44270833333333,2474,19,"United Kingdom",0,0,3,"United Kingdom"
"17886",120.102777777778,5,1080.98,216.196,4.22018348623853,460,2,"United Kingdom",0,0,3,"United Kingdom"
"17887",38.80625,1,111.35,111.35,3,30,0,"United Kingdom",1,0,3,"United Kingdom"
"17888",70.98125,21,1388.44,66.1161904761905,8.46923076923077,1101,5,"United Kingdom",0,0,3,"United Kingdom"
"17889",121.85,7,746.42,106.631428571429,3.47413793103448,403,0,"United Kingdom",1,0,3,"United Kingdom"
"17890",232.063194444444,2,586.89,293.445,4.41758241758242,402,1,"United Kingdom",1,0,3,"United Kingdom"
"17891",71.6958333333333,1,203.86,203.86,11.5588235294118,393,0,"United Kingdom",1,0,3,"United Kingdom"
"17892",64.9958333333333,1,142.1,142.1,2.65384615384615,69,0,"United Kingdom",0,0,3,"United Kingdom"
"17893",134.958333333333,1,107.21,107.21,9.93333333333333,149,1,"United Kingdom",1,0,3,"United Kingdom"
"17894",5.92638888888889,17,2181.52,128.324705882353,2.40650406504065,888,0,"United Kingdom",0,0,3,"United Kingdom"
"17897",82.0604166666667,9,2099.89,233.321111111111,3.29770992366412,864,4,"United Kingdom",1,0,3,"United Kingdom"
"17898",116.817361111111,3,246.96,82.32,4.40476190476191,185,0,"United Kingdom",0,0,3,"United Kingdom"
"17899",68.9111111111111,1,154.55,154.55,5.48387096774194,170,2,"United Kingdom",1,0,3,"United Kingdom"
"17900",99.925,2,112.2,56.1,12.1666666666667,73,0,"United Kingdom",1,0,3,"United Kingdom"
"17901",431.072916666667,2,149.7,74.85,4.66666666666667,14,0,"United Kingdom",0,0,1,"United Kingdom"
"17902",456.017361111111,1,216.4,216.4,21.9166666666667,526,4,"United Kingdom",1,0,1,"United Kingdom"
"17903",303.882638888889,1,381.09,381.09,3.15555555555556,142,0,"United Kingdom",1,0,1,"United Kingdom"
"17905",66.0854166666667,12,1997.62,166.468333333333,8.09655172413793,1174,7,"United Kingdom",0,0,3,"United Kingdom"
"17906",156.809027777778,1,72.9,72.9,2.16666666666667,26,0,"United Kingdom",1,0,3,"United Kingdom"
"17907",550.011805555556,1,291.76,291.76,80.4615384615385,1046,1,"United Kingdom",1,0,1,"United Kingdom"
"17908",283.045138888889,5,1142.47,228.494,3.22115384615385,670,2,"United Kingdom",1,0,1,"United Kingdom"
"17909",646.986111111111,1,110.05,110.05,4.375,35,0,"United Kingdom",1,0,1,"United Kingdom"
"17910",635.865277777778,1,261.7,261.7,4.65384615384615,121,0,"United Kingdom",1,0,1,"United Kingdom"
"17912",219.934027777778,6,374.55,62.425,4.2156862745098,215,1,"United Kingdom",1,0,3,"United Kingdom"
"17913",265.052083333333,13,3238.69,249.13,3.50113895216401,1537,0,"United Kingdom",0,1,1,"United Kingdom"
"17915",460.977777777778,1,225.78,225.78,6.3448275862069,184,2,"United Kingdom",1,0,1,"United Kingdom"
"17916",538.016666666667,2,43.87,21.935,4.73684210526316,90,2,"United Kingdom",1,0,1,"United Kingdom"
"17917",165.842361111111,2,226.71,113.355,2.03125,130,0,"United Kingdom",0,0,3,"United Kingdom"
"17918",410.040972222222,3,396.39,132.13,8.8,352,2,"United Kingdom",1,0,1,"United Kingdom"
"17919",348.090277777778,1,536.28,536.28,40.9411764705882,696,7,"United Kingdom",0,0,1,"United Kingdom"
"17920",14.9541666666667,46,21791.08,473.719130434783,8.84609375,11323,63,"United Kingdom",0,1,2,"United Kingdom"
"17921",57.7458333333333,9,2169.6,241.066666666667,2.67711598746082,854,0,"United Kingdom",0,0,3,"United Kingdom"
"17922",452.845833333333,1,170.4,170.4,6.125,49,0,"United Kingdom",1,0,1,"United Kingdom"
"17923",191.899305555556,3,497,165.666666666667,46.6666666666667,140,3,"United Kingdom",1,0,3,"United Kingdom"
"17924",211.05,3,797.4,265.8,31.2,156,2,"United Kingdom",0,0,3,"United Kingdom"
"17925",282.111111111111,1,244.08,244.08,72,72,1,"United Kingdom",1,0,1,"United Kingdom"
"17926",42.9243055555556,5,1035.49,207.098,13,572,4,"United Kingdom",1,0,3,"United Kingdom"
"17927",631.074305555556,1,294,294,10.8,108,0,"United Kingdom",1,0,1,"United Kingdom"
"17928",155.782638888889,2,206.96,103.48,6.09523809523809,128,1,"United Kingdom",0,0,3,"United Kingdom"
"17929",22.1618055555556,11,2946.1,267.827272727273,29.8571428571429,418,8,"United Kingdom",0,1,3,"United Kingdom"
"17930",71.7541666666667,10,3228.88,322.888,40.0294117647059,2722,23,"United Kingdom",0,1,3,"United Kingdom"
"17931",43.7618055555556,14,3402.24,243.017142857143,5.46723646723647,1919,11,"United Kingdom",1,1,3,"United Kingdom"
"17932",83.0909722222222,2,934.51,467.255,9.265625,593,0,"United Kingdom",0,0,3,"United Kingdom"
"17933",541.902083333333,1,114.69,114.69,4.5,63,0,"United Kingdom",1,0,1,"United Kingdom"
"17934",316.01875,1,344.9,344.9,7.5,150,0,"United Kingdom",0,0,1,"United Kingdom"
"17935",47.9805555555556,7,686.14,98.02,3.8125,244,1,"United Kingdom",1,0,3,"United Kingdom"
"17937",24.0277777777778,5,3614.52,722.904,42.9090909090909,1416,25,"United Kingdom",0,1,3,"United Kingdom"
"17938",329.932638888889,1,144.29,144.29,1.82758620689655,53,0,"United Kingdom",1,0,1,"United Kingdom"
"17939",69.0159722222222,1,99.14,99.14,3.33333333333333,40,0,"United Kingdom",1,0,3,"United Kingdom"
"17940",17.9722222222222,15,30114.79,2007.65266666667,2486.70588235294,84548,32,"United Kingdom",0,1,2,"United Kingdom"
"17941",40.1805555555556,4,1433.28,358.32,158.285714285714,1108,7,"United Kingdom",1,0,3,"United Kingdom"
"17944",332.850694444444,1,74.99,74.99,3.36,84,0,"United Kingdom",1,0,1,"United Kingdom"
"17945",606.048611111111,3,360.35,120.116666666667,3.38888888888889,244,0,"United Kingdom",1,0,1,"United Kingdom"
"17946",142.826388888889,2,149.58,74.79,3.75,75,0,"United Kingdom",1,0,3,"United Kingdom"
"17948",56.9944444444444,1,358.56,358.56,144,144,1,"United Kingdom",1,0,3,"United Kingdom"
"17949",2.93055555555556,106,107012.8,1009.55471698113,357.535211267606,50770,133,"United Kingdom",0,1,4,"United Kingdom"
"17950",274.895833333333,6,947.26,157.876666666667,3.6015037593985,479,0,"United Kingdom",0,0,1,"United Kingdom"
"17951",267.996527777778,3,741.54,247.18,22.5882352941176,384,6,"United Kingdom",0,0,1,"United Kingdom"
"17952",287.955555555556,4,788.46,197.115,4.86734693877551,477,4,"United Kingdom",1,0,1,"United Kingdom"
"17953",449.904166666667,1,159.17,159.17,4.9,98,0,"United Kingdom",1,0,1,"United Kingdom"
"17954",32.9611111111111,17,3375.46,198.556470588235,4.27914110429448,2790,5,"United Kingdom",0,1,3,"United Kingdom"
"17955",108.034722222222,6,949.9,158.316666666667,30.9545454545455,681,3,"United Kingdom",1,0,3,"United Kingdom"
"17956",158.960416666667,1,12.75,12.75,1,1,0,"United Kingdom",1,0,3,"United Kingdom"
"17958",26.0215277777778,2,973.88,486.94,7.88888888888889,284,3,"United Kingdom",1,0,3,"United Kingdom"
"17959",501.943055555556,1,140.75,140.75,24.5,49,1,"United Kingdom",1,0,1,"United Kingdom"
"17960",80.9409722222222,3,135.08,45.0266666666667,1.62162162162162,60,0,"United Kingdom",1,0,3,"United Kingdom"
"17961",33.0243055555556,92,2749.92,29.8904347826087,2.32558139534884,1400,5,"United Kingdom",0,1,2,"United Kingdom"
"17962",51.9402777777778,4,666.96,166.74,3.45901639344262,633,4,"United Kingdom",1,0,3,"United Kingdom"
"17963",380.869444444444,4,643.16,160.79,3.12844036697248,341,0,"United Kingdom",1,0,1,"United Kingdom"
"17964",281.970833333333,1,261.76,261.76,5.57142857142857,195,1,"United Kingdom",0,0,1,"United Kingdom"
"17965",1.08055555555556,27,6658.87,246.624814814815,5.45536869340233,4217,9,"United Kingdom",0,1,2,"United Kingdom"
"17966",60.8902777777778,9,1459.92,162.213333333333,23.7547169811321,2518,36,"United Kingdom",0,0,3,"United Kingdom"
"17967",281.063194444444,2,223.42,111.71,1.81967213114754,111,0,"United Kingdom",1,0,1,"United Kingdom"
"17968",283.01875,4,590.44,147.61,2.75,352,1,"United Kingdom",1,0,1,"United Kingdom"
"17969",75.9930555555556,20,2354.29,117.7145,4.97058823529412,1014,6,"United Kingdom",1,0,3,"United Kingdom"
"17970",120.699305555556,1,562.79,562.79,17.6896551724138,513,5,"United Kingdom",1,0,3,"United Kingdom"
"17971",457.948611111111,1,161.94,161.94,2.95238095238095,62,0,"United Kingdom",1,0,1,"United Kingdom"
"17972",151.023611111111,1,135.19,135.19,1.2,36,0,"United Kingdom",1,0,3,"United Kingdom"
"17974",129.041666666667,4,1199.17,299.7925,3.6,774,3,"United Kingdom",0,0,3,"United Kingdom"
"17975",24.0770833333333,22,6163.52,280.16,4.67612293144208,1978,2,"United Kingdom",0,1,2,"United Kingdom"
"17976",281.959027777778,1,321.79,321.79,1.63157894736842,93,0,"United Kingdom",1,0,1,"United Kingdom"
"17977",309.933333333333,1,1223.31,1223.31,19.3493975903614,1606,20,"United Kingdom",0,0,1,"United Kingdom"
"17978",274.947916666667,4,1159.99,289.9975,19.3582089552239,1297,3,"United Kingdom",1,0,1,"United Kingdom"
"17979",78.0875,3,494.54,164.846666666667,2.8936170212766,272,2,"United Kingdom",0,0,3,"United Kingdom"
"17980",75.0340277777778,4,1012.72,253.18,12.6393442622951,771,9,"United Kingdom",1,0,3,"United Kingdom"
"17981",320.090277777778,1,239.12,239.12,15.2941176470588,260,1,"United Kingdom",1,0,1,"United Kingdom"
"17982",590.133333333333,1,138.18,138.18,9,117,1,"United Kingdom",1,0,1,"United Kingdom"
"17983",304.976388888889,1,171.71,171.71,4.5,108,1,"United Kingdom",1,0,1,"United Kingdom"
"17984",54.86875,5,1152.19,230.438,3.8801652892562,939,3,"United Kingdom",1,0,3,"United Kingdom"
"17987",94.9361111111111,5,965.44,193.088,5.98170731707317,981,9,"United Kingdom",1,0,3,"United Kingdom"
"17988",26.8708333333333,12,434.42,36.2016666666667,1.53153153153153,170,0,"United Kingdom",0,0,3,"United Kingdom"
"17989",288.959027777778,1,207.33,207.33,10.3448275862069,300,2,"United Kingdom",1,0,1,"United Kingdom"
"17990",146.045833333333,6,1527.61,254.601666666667,13.6315789473684,777,1,"United Kingdom",1,0,3,"United Kingdom"
"17991",134.869444444444,3,300.3,100.1,2.44736842105263,93,0,"United Kingdom",1,0,3,"United Kingdom"
"17992",298.990277777778,1,252.88,252.88,2.5,130,0,"United Kingdom",1,0,1,"United Kingdom"
"17993",526.935416666667,1,225.99,225.99,1.8,108,0,"United Kingdom",1,0,1,"United Kingdom"
"17994",31.0479166666667,11,2270.03,206.366363636364,7.12745098039216,2181,6,"United Kingdom",1,0,3,"United Kingdom"
"17995",191.013888888889,3,495.48,165.16,9.06896551724138,263,1,"United Kingdom",1,0,3,"United Kingdom"
"17996",289.076388888889,3,482.33,160.776666666667,8.76119402985075,587,6,"United Kingdom",1,0,1,"United Kingdom"
"17997",1.89861111111111,6,1711.75,285.291666666667,14.330985915493,2035,13,"United Kingdom",0,0,3,"United Kingdom"
"17998",289.888194444444,3,639.24,213.08,9.67241379310345,561,6,"United Kingdom",1,0,1,"United Kingdom"
"17999",275.897916666667,2,338.41,169.205,1.98765432098765,161,0,"United Kingdom",0,0,1,"United Kingdom"
"18000",473.802777777778,1,124.25,124.25,18.1666666666667,109,1,"United Kingdom",1,0,1,"United Kingdom"
"18001",359.050694444444,4,509.01,127.2525,6.82666666666667,512,6,"United Kingdom",0,0,1,"United Kingdom"
"18002",285.078472222222,4,244.37,61.0925,1.33962264150943,71,0,"United Kingdom",1,0,1,"United Kingdom"
"18003",285.903472222222,1,353.51,353.51,12.9130434782609,297,4,"United Kingdom",1,0,1,"United Kingdom"
"18004",271.960416666667,1,157.92,157.92,2.02702702702703,75,0,"United Kingdom",1,0,1,"United Kingdom"
"18006",291.102777777778,3,524.83,174.943333333333,4.26829268292683,175,1,"United Kingdom",0,0,1,"United Kingdom"
"18007",302.070833333333,1,215.22,215.22,4.92,246,0,"United Kingdom",1,0,1,"United Kingdom"
"18008",112.829166666667,21,19708.3,938.490476190476,82.563829787234,7761,18,"United Kingdom",0,1,2,"United Kingdom"
"18009",144.968055555556,8,2144.23,268.02875,3.63687150837989,651,0,"United Kingdom",1,0,3,"United Kingdom"
"18010",166.015972222222,1,174.8,174.8,4.28571428571429,60,0,"United Kingdom",1,0,3,"United Kingdom"
"18011",282.802083333333,2,410.79,205.395,1.98412698412698,125,0,"United Kingdom",1,0,1,"United Kingdom"
"18012",632.981944444444,1,115.3,115.3,4.84615384615385,63,0,"United Kingdom",1,0,1,"United Kingdom"
"18013",64.94375,2,187.29,93.645,9.19354838709677,285,3,"United Kingdom",1,0,3,"United Kingdom"
"18016",95.9715277777778,5,959.76,191.952,3.70192307692308,385,0,"United Kingdom",0,0,3,"United Kingdom"
"18017",78.8763888888889,3,509,169.666666666667,100,300,3,"United Kingdom",0,0,3,"United Kingdom"
"18018",17.8006944444444,4,297.99,74.4975,4.22727272727273,186,2,"United Kingdom",1,0,3,"United Kingdom"
"18020",453.013194444444,1,190.48,190.48,5.58333333333333,67,0,"United Kingdom",1,0,1,"United Kingdom"
"18021",419.081944444444,2,216.41,108.205,5.25,168,0,"United Kingdom",1,0,1,"United Kingdom"
"18022",294.981944444444,4,894.53,223.6325,2.32950191570881,608,3,"United Kingdom",0,0,1,"United Kingdom"
"18024",62.0069444444444,2,389.78,194.89,8.76190476190476,184,3,"United Kingdom",1,0,3,"United Kingdom"
"18025",289.009027777778,6,1177.72,196.286666666667,9.40178571428571,1053,7,"United Kingdom",1,0,1,"United Kingdom"
"18026",410.092361111111,2,2074.07,1037.035,31.1764705882353,530,8,"United Kingdom",1,0,1,"United Kingdom"
"18027",8.09166666666667,1,115.31,115.31,3.71428571428571,78,0,"United Kingdom",1,0,3,"United Kingdom"
"18028",492.973611111111,1,192.05,192.05,33.25,133,1,"United Kingdom",1,0,1,"United Kingdom"
"18029",551.888888888889,1,433.77,433.77,14.0555555555556,253,2,"United Kingdom",1,0,1,"United Kingdom"
"18031",288.076388888889,1,451.3,451.3,4.73015873015873,298,1,"United Kingdom",1,0,1,"United Kingdom"
"18032",243.8875,1,73.5,73.5,8.4,42,0,"United Kingdom",1,0,1,"United Kingdom"
"18034",285.009722222222,1,335.52,335.52,3.76923076923077,392,3,"United Kingdom",0,0,1,"United Kingdom"
"18035",294.961111111111,2,546.34,273.17,68.75,550,8,"United Kingdom",0,0,1,"United Kingdom"
"18036",14.9965277777778,10,1396.06,139.606,2.27491408934708,662,2,"United Kingdom",0,0,3,"United Kingdom"
"18037",63.9659722222222,15,167.42,11.1613333333333,1.12121212121212,37,0,"United Kingdom",1,0,3,"United Kingdom"
"18038",465.86875,1,141.48,141.48,2.96296296296296,80,0,"United Kingdom",1,0,1,"United Kingdom"
"18039",283.988194444444,4,548.22,137.055,3.5126582278481,555,5,"United Kingdom",1,0,1,"United Kingdom"
"18040",155.182638888889,1,239,239,8,96,0,"United Kingdom",0,0,3,"United Kingdom"
"18041",13.0152777777778,33,6919.51,209.682121212121,8.73816155988858,6274,45,"United Kingdom",0,1,2,"United Kingdom"
"18042",451.08125,1,116.1,116.1,4,36,0,"United Kingdom",0,0,1,"United Kingdom"
"18043",116.006944444444,2,421.59,210.795,2.46236559139785,229,0,"United Kingdom",0,0,3,"United Kingdom"
"18044",75.9715277777778,15,2522.54,168.169333333333,8.10666666666667,1216,0,"United Kingdom",0,0,3,"United Kingdom"
"18046",559.051388888889,1,189.63,189.63,1.69230769230769,44,0,"United Kingdom",1,0,1,"United Kingdom"
"18047",290.985416666667,2,326.09,163.045,1.56626506024096,130,0,"United Kingdom",1,0,1,"United Kingdom"
"18048",112.911111111111,3,394.93,131.643333333333,4.33898305084746,256,1,"United Kingdom",1,0,3,"United Kingdom"
"18049",346.933333333333,2,500.92,250.46,4.62068965517241,402,0,"United Kingdom",1,0,1,"United Kingdom"
"18050",268.934027777778,2,412.06,206.03,10.8695652173913,250,1,"United Kingdom",1,0,1,"United Kingdom"
"18051",543.952777777778,7,2282.28,326.04,30.2,1661,15,"United Kingdom",1,0,1,"United Kingdom"
"18052",474.06875,1,10877.18,10877.18,1110.375,17766,16,"United Kingdom",1,1,1,"United Kingdom"
"18053",435.047222222222,2,271.05,135.525,8.91666666666667,107,0,"United Kingdom",0,0,1,"United Kingdom"
"18054",302.188888888889,1,176.5,176.5,8.72727272727273,96,0,"United Kingdom",1,0,1,"United Kingdom"
"18055",37.9965277777778,11,7054.16,641.287272727273,6.74853801169591,2308,3,"United Kingdom",0,1,3,"United Kingdom"
"18056",197.932638888889,2,554.6,277.3,11.1333333333333,334,0,"United Kingdom",1,0,3,"United Kingdom"
"18057",302.829861111111,3,1188.46,396.153333333333,7.23880597014925,970,7,"United Kingdom",1,0,1,"United Kingdom"
"18058",450.961805555556,2,603.9,301.95,23.5384615384615,306,4,"United Kingdom",0,0,1,"United Kingdom"
"18060",317.839583333333,2,1185.46,592.73,12.0266666666667,902,2,"United Kingdom",1,0,1,"United Kingdom"
"18061",17.1673611111111,26,5757.91,221.458076923077,28.2478632478632,3305,32,"United Kingdom",0,1,2,"United Kingdom"
"18062",82.91875,6,1632.67,272.111666666667,15.3888888888889,831,9,"United Kingdom",1,0,3,"United Kingdom"
"18063",300.086111111111,2,186.6,93.3,16,48,0,"United Kingdom",1,0,1,"United Kingdom"
"18064",42.8409722222222,11,4481.83,407.439090909091,41.953125,2685,24,"United Kingdom",1,1,3,"United Kingdom"
"18065",93.0159722222222,23,4885.95,212.432608695652,7.14453125,1829,7,"United Kingdom",0,1,2,"United Kingdom"
"18066",296.1125,2,1122.4,561.2,9.93023255813953,427,0,"United Kingdom",0,0,1,"United Kingdom"
"18068",198.916666666667,1,101.7,101.7,6,6,0,"United Kingdom",1,0,3,"United Kingdom"
"18069",89.9,9,3434,381.555555555556,3.34404283801874,2498,4,"United Kingdom",0,1,3,"United Kingdom"
"18070",578.973611111111,1,314.1,314.1,9.55555555555556,86,0,"United Kingdom",1,0,1,"United Kingdom"
"18071",167.035416666667,6,1169.68,194.946666666667,9.54929577464789,678,1,"United Kingdom",1,0,3,"United Kingdom"
"18072",95.0875,1,247.44,247.44,16,288,0,"United Kingdom",1,0,3,"United Kingdom"
"18073",23.95,12,3859.82,321.651666666667,43.0833333333333,3102,21,"United Kingdom",1,1,3,"United Kingdom"
"18074",283.122916666667,2,1019.44,509.72,8.3953488372093,361,3,"United Kingdom",1,0,1,"United Kingdom"
"18075",15.9027777777778,18,5129.29,284.960555555556,9.83333333333333,2832,4,"United Kingdom",0,1,3,"United Kingdom"
"18076",289.95,1,151.49,151.49,20.5,164,2,"United Kingdom",1,0,1,"United Kingdom"
"18077",13.0145833333333,14,3116.72,222.622857142857,8.76071428571429,2453,2,"United Kingdom",0,1,3,"United Kingdom"
"18078",126.929166666667,4,725.53,181.3825,5.06849315068493,370,2,"United Kingdom",1,0,3,"United Kingdom"
"18079",36.0763888888889,3,2796.96,932.32,78.7560975609756,6458,41,"United Kingdom",0,1,3,"United Kingdom"
"18080",152.111111111111,1,841.5,841.5,330,330,1,"United Kingdom",0,0,3,"United Kingdom"
"18081",22.01875,2,208.05,104.025,5.5,55,0,"United Kingdom",0,0,3,"United Kingdom"
"18083",307.045833333333,1,463.53,463.53,6.7,268,2,"United Kingdom",1,0,1,"United Kingdom"
"18084",292.877083333333,2,704.75,352.375,73.8333333333333,443,2,"United Kingdom",0,0,1,"United Kingdom"
"18085",239.897916666667,4,1341.85,335.4625,8.17741935483871,507,0,"United Kingdom",1,0,1,"United Kingdom"
"18086",183.969444444444,1,101.34,101.34,15.1428571428571,106,0,"United Kingdom",1,0,3,"United Kingdom"
"18087",7.90138888888889,17,14761.52,868.324705882353,88.3522727272727,7775,35,"United Kingdom",1,1,2,"United Kingdom"
"18089",356.036805555556,1,428.45,428.45,9.5,95,0,"United Kingdom",1,0,1,"United Kingdom"
"18090",331.0125,1,321.9,321.9,5.68518518518519,307,3,"United Kingdom",1,0,1,"United Kingdom"
"18091",502.980555555556,1,360.85,360.85,21.56,539,5,"United Kingdom",1,0,1,"United Kingdom"
"18092",29.0090277777778,15,11476.94,765.129333333333,71.126213592233,7326,48,"United Kingdom",0,1,3,"United Kingdom"
"18093",2.87986111111111,8,4452.71,556.58875,56.2131147540984,3429,45,"United Kingdom",1,1,3,"United Kingdom"
"18094",45.9222222222222,11,5776.52,525.138181818182,34.2857142857143,3840,22,"United Kingdom",0,1,3,"United Kingdom"
"18095",222,5,2303.09,460.618,33.8125,1623,19,"United Kingdom",1,0,3,"United Kingdom"
"18096",351.955555555556,3,808.81,269.603333333333,3.18461538461538,621,4,"United Kingdom",0,0,1,"United Kingdom"
"18097",36.0958333333333,10,3951.72,395.172,18.4962406015038,2460,17,"United Kingdom",0,1,3,"United Kingdom"
"18098",305.846527777778,1,527.94,527.94,2.5,215,0,"United Kingdom",1,0,1,"United Kingdom"
"18099",36.8736111111111,1,168.31,168.31,7.84210526315789,149,0,"United Kingdom",1,0,3,"United Kingdom"
"18100",459.938194444444,1,451.56,451.56,14.6666666666667,440,4,"United Kingdom",1,0,1,"United Kingdom"
"18101",52.9895833333333,4,509.84,127.46,2.25609756097561,185,0,"United Kingdom",0,0,3,"United Kingdom"
"18102",8.03958333333333,112,456780.49,4078.39723214286,192.997409326425,148994,732,"United Kingdom",0,1,4,"United Kingdom"
"18103",458.968055555556,1,105.8,105.8,2.3,23,0,"United Kingdom",1,0,1,"United Kingdom"
"18106",239.01875,6,1441.06,240.176666666667,2.64921465968586,506,1,"United Kingdom",1,0,3,"United Kingdom"
"18107",351.990972222222,1,165.88,165.88,1.71052631578947,65,0,"United Kingdom",1,0,1,"United Kingdom"
"18108",163.954166666667,3,848.81,282.936666666667,5.5531914893617,261,0,"United Kingdom",1,0,3,"United Kingdom"
"18109",0.952777777777778,30,6377.66,212.588666666667,7.71621621621622,3997,7,"United Kingdom",0,1,2,"United Kingdom"
"18110",320.936805555556,1,193.48,193.48,2.77142857142857,97,0,"United Kingdom",0,0,1,"United Kingdom"
"18111",498.994444444444,1,405.85,405.85,8.59259259259259,232,0,"United Kingdom",1,0,1,"United Kingdom"
"18112",75.9541666666667,3,617.31,205.77,6.20833333333333,298,2,"United Kingdom",0,0,3,"United Kingdom"
"18113",278.013194444444,1,76.32,76.32,72,72,1,"United Kingdom",1,0,1,"United Kingdom"
"18114",199.979166666667,1,220.1,220.1,1.96428571428571,55,0,"United Kingdom",1,0,3,"United Kingdom"
"18115",607.036805555556,1,9.7,9.7,1,3,0,"United Kingdom",1,0,1,"United Kingdom"
"18116",143.858333333333,12,1970.93,164.244166666667,2.07765151515152,1097,3,"United Kingdom",0,0,3,"United Kingdom"
"18118",1.01944444444444,22,4818.88,219.04,2.30232558139535,2475,4,"United Kingdom",0,1,2,"United Kingdom"
"18119",277.035416666667,1,180.7,180.7,4.27586206896552,124,1,"United Kingdom",1,0,1,"United Kingdom"
"18120",123.961805555556,1,111.15,111.15,1.82352941176471,31,0,"United Kingdom",1,0,3,"United Kingdom"
"18121",58.9979166666667,2,653.3,326.65,14.1290322580645,438,1,"United Kingdom",1,0,3,"United Kingdom"
"18122",60.0506944444444,1,119.19,119.19,3,69,0,"United Kingdom",0,0,3,"United Kingdom"
"18123",423.002083333333,1,92.2,92.2,1.54545454545455,34,0,"United Kingdom",0,0,1,"United Kingdom"
"18124",381.811805555556,1,102.65,102.65,2.35,47,0,"United Kingdom",1,0,1,"United Kingdom"
"18125",111.040972222222,3,933.9,311.3,4.11309523809524,691,3,"United Kingdom",0,0,3,"United Kingdom"
"18127",43.1138888888889,2,348.65,174.325,3.13793103448276,91,0,"United Kingdom",0,0,3,"United Kingdom"
"18128",446.979861111111,1,399.29,399.29,5.14285714285714,216,1,"United Kingdom",1,0,1,"United Kingdom"
"18129",152.940277777778,1,112.55,112.55,3.42857142857143,48,0,"United Kingdom",1,0,3,"United Kingdom"
"18131",541.168055555556,1,222.96,222.96,138,552,3,"United Kingdom",1,0,1,"United Kingdom"
"18132",413.830555555556,1,220.13,220.13,3.41935483870968,212,0,"United Kingdom",1,0,1,"United Kingdom"
"18133",121.941666666667,1,931.5,931.5,1350,1350,1,"United Kingdom",1,0,3,"United Kingdom"
"18134",507.95,2,445,222.5,4.57142857142857,128,0,"United Kingdom",1,0,1,"United Kingdom"
"18135",99.9486111111111,6,677.53,112.921666666667,18.2222222222222,492,5,"United Kingdom",0,0,3,"United Kingdom"
"18136",121.035416666667,4,1447.88,361.97,9.46341463414634,776,0,"United Kingdom",0,0,3,"United Kingdom"
"18137",460.938888888889,2,145.99,72.995,2.03448275862069,59,0,"United Kingdom",1,0,1,"United Kingdom"
"18138",204.915972222222,1,152.65,152.65,4.75,38,0,"United Kingdom",1,0,3,"United Kingdom"
"18140",383.036111111111,1,536.41,536.41,7.31481481481481,395,1,"West Indies",1,0,1,"Other"
"18141",311.045833333333,2,882.47,441.235,10.3095238095238,433,3,"United Kingdom",1,0,1,"United Kingdom"
"18142",66.9798611111111,2,1019.52,509.76,85.0666666666667,1276,10,"United Kingdom",1,0,3,"United Kingdom"
"18143",26.0298611111111,2,1000.16,500.08,9.34426229508197,570,0,"United Kingdom",1,0,3,"United Kingdom"
"18144",19.1451388888889,16,4169.75,260.609375,25.2027027027027,1865,14,"United Kingdom",0,1,3,"United Kingdom"
"18145",114.091666666667,9,3771.97,419.107777777778,13.4758064516129,3342,12,"United Kingdom",0,1,3,"United Kingdom"
"18146",50.0291666666667,2,160.35,80.175,15.3,153,0,"United Kingdom",1,0,3,"United Kingdom"
"18147",18.0194444444444,1,98.88,98.88,20,80,0,"United Kingdom",0,0,3,"United Kingdom"
"18148",556.048611111111,1,112.85,112.85,6.3,63,0,"United Kingdom",1,0,1,"United Kingdom"
"18149",125.001388888889,6,1491.56,248.593333333333,9.42696629213483,839,5,"United Kingdom",0,0,3,"United Kingdom"
"18150",49.8798611111111,2,413.28,206.64,9.07692307692308,236,0,"United Kingdom",0,0,3,"United Kingdom"
"18151",44.0520833333333,6,1879.44,313.24,9.30188679245283,986,0,"United Kingdom",1,0,3,"United Kingdom"
"18152",555.891666666667,1,426.69,426.69,7.5,75,0,"United Kingdom",1,0,1,"United Kingdom"
"18153",568.875,1,246.22,246.22,11.7647058823529,200,0,"United Kingdom",1,0,1,"United Kingdom"
"18154",298.006944444444,3,533.41,177.803333333333,14.2692307692308,371,2,"United Kingdom",0,0,1,"United Kingdom"
"18155",80.0354166666667,2,266.56,133.28,10.3157894736842,196,0,"United Kingdom",0,0,3,"United Kingdom"
"18156",279.014583333333,1,186.88,186.88,1.36,68,0,"United Kingdom",0,0,1,"United Kingdom"
"18157",480.945138888889,1,213.9,213.9,5.8,145,1,"United Kingdom",1,0,1,"United Kingdom"
"18159",210.933333333333,1,530.15,530.15,6.04347826086957,139,0,"United Kingdom",1,0,3,"United Kingdom"
"18160",109.964583333333,2,684.37,342.185,8.26666666666667,372,1,"United Kingdom",0,0,3,"United Kingdom"
"18161",49.9715277777778,4,955.67,238.9175,11.0204081632653,540,1,"United Kingdom",0,0,3,"United Kingdom"
"18162",641.976388888889,1,371.51,371.51,7.21739130434783,332,1,"United Kingdom",1,0,1,"United Kingdom"
"18163",493.915972222222,1,728.84,728.84,13.6969696969697,452,4,"United Kingdom",1,0,1,"United Kingdom"
"18165",86.9770833333333,1,302.46,302.46,25.4,254,1,"United Kingdom",1,0,3,"United Kingdom"
"18166",533.016666666667,1,175.5,175.5,9,90,0,"United Kingdom",1,0,1,"United Kingdom"
"18167",15.0486111111111,1,498.48,498.48,9.38461538461539,122,0,"United Kingdom",0,0,3,"United Kingdom"
"18168",85.7284722222222,16,3435.5,214.71875,5.49586776859504,1995,9,"United Kingdom",1,1,3,"United Kingdom"
"18170",21.8652777777778,8,2553.2,319.15,8.67796610169492,1024,7,"United Kingdom",0,0,3,"United Kingdom"
"18171",8.84722222222222,8,2200.31,275.03875,10.1325301204819,841,7,"United Kingdom",0,0,3,"United Kingdom"
"18172",8.83333333333333,43,15540.84,361.41488372093,15.1585081585082,6503,30,"United Kingdom",0,1,2,"United Kingdom"
"18173",108.934027777778,4,2318.36,579.59,39.4358974358974,1538,13,"United Kingdom",0,0,3,"United Kingdom"
"18174",513.022916666667,1,58.5,58.5,30,30,1,"United Kingdom",0,0,1,"United Kingdom"
"18175",585.100694444444,1,176.1,176.1,10,70,0,"United Kingdom",1,0,1,"United Kingdom"
"18176",267.878472222222,1,476.35,476.35,9.43333333333333,283,0,"United Kingdom",1,0,1,"United Kingdom"
"18177",67.1020833333333,8,1912.72,239.09,12.6117647058824,1072,4,"United Kingdom",0,0,3,"United Kingdom"
"18178",38.1388888888889,11,6103.74,554.885454545455,11,3850,11,"United Kingdom",1,1,3,"United Kingdom"
"18179",161.978472222222,6,1857.54,309.59,16.1643835616438,1180,3,"United Kingdom",0,0,3,"United Kingdom"
"18180",46.1659722222222,2,601.85,300.925,13.1666666666667,553,2,"United Kingdom",0,0,3,"United Kingdom"
"18181",309.832638888889,4,821.49,205.3725,2.75182481751825,377,1,"United Kingdom",0,0,1,"United Kingdom"
"18182",372.934027777778,1,291.13,291.13,16.7,167,1,"United Kingdom",1,0,1,"United Kingdom"
"18183",136.891666666667,2,632.07,316.035,10.027027027027,371,1,"United Kingdom",1,0,3,"United Kingdom"
"18185",158.963888888889,1,304.25,304.25,10.7647058823529,183,0,"United Kingdom",1,0,3,"United Kingdom"
"18186",632.102777777778,1,329.58,329.58,30.7272727272727,338,4,"United Kingdom",1,0,1,"United Kingdom"
"18187",541.125694444444,1,724.89,724.89,6.45833333333333,310,0,"United Kingdom",1,0,1,"United Kingdom"
"18188",199.921527777778,4,1706.15,426.5375,11.3333333333333,884,2,"United Kingdom",0,0,3,"United Kingdom"
"18189",177.125694444444,2,946.59,473.295,10.7241379310345,622,1,"United Kingdom",0,0,3,"United Kingdom"
"18190",101.918055555556,5,745.62,149.124,11.6666666666667,490,1,"United Kingdom",1,0,3,"United Kingdom"
"18191",171.029166666667,2,529.4,264.7,22.1333333333333,332,3,"United Kingdom",1,0,3,"United Kingdom"
"18193",74.9527777777778,3,1207.35,402.45,13.2285714285714,926,3,"United Kingdom",1,0,3,"United Kingdom"
"18194",347.9875,5,3188.2,637.64,54.3809523809524,1142,15,"United Kingdom",0,1,1,"United Kingdom"
"18195",296.907638888889,1,101.16,101.16,12,60,0,"United Kingdom",1,0,1,"United Kingdom"
"18196",4.85277777777778,4,1457.19,364.2975,3.74729241877256,1038,1,"United Kingdom",1,0,3,"United Kingdom"
"18197",485.086111111111,1,230.1,230.1,18.4444444444444,166,1,"United Kingdom",1,0,1,"United Kingdom"
"18198",10.0416666666667,14,4427.39,316.242142857143,29.8376068376068,3491,25,"United Kingdom",0,1,3,"United Kingdom"
"18199",593.054166666667,1,344.75,344.75,4.95,99,0,"United Kingdom",1,0,1,"United Kingdom"
"18200",15.7534722222222,1,150.35,150.35,3.46666666666667,104,0,"United Kingdom",1,0,3,"United Kingdom"
"18201",632.163194444444,1,447.53,447.53,7.07407407407407,191,0,"United Kingdom",1,0,1,"United Kingdom"
"18202",109.026388888889,3,1396.99,465.663333333333,8.54411764705882,581,0,"United Kingdom",1,0,3,"United Kingdom"
"18203",66.9881944444444,4,492.52,123.13,1.88135593220339,111,0,"United Kingdom",1,0,3,"United Kingdom"
"18204",19.1527777777778,2,1358.87,679.435,6.81954887218045,907,0,"United Kingdom",0,0,3,"United Kingdom"
"18206",462.960416666667,1,314.66,314.66,12.9473684210526,246,0,"United Kingdom",1,0,1,"United Kingdom"
"18207",408.933333333333,1,544.47,544.47,10.4838709677419,325,0,"United Kingdom",1,0,1,"United Kingdom"
"18208",475.038888888889,1,360.08,360.08,4.82352941176471,82,0,"United Kingdom",1,0,1,"United Kingdom"
"18210",176.827777777778,2,289.85,144.925,10.8666666666667,163,0,"United Kingdom",0,0,3,"United Kingdom"
"18211",46.0180555555556,2,268.7,134.35,10.1333333333333,152,0,"United Kingdom",0,0,3,"United Kingdom"
"18212",235.858333333333,2,514.37,257.185,3.43478260869565,158,0,"United Kingdom",1,0,1,"United Kingdom"
"18213",146.103472222222,1,232.48,232.48,15.4666666666667,232,0,"United Kingdom",1,0,3,"United Kingdom"
"18214",440.061805555556,4,1780.34,445.085,17.051724137931,989,11,"United Kingdom",1,0,1,"United Kingdom"
"18215",346.855555555556,4,1933.15,483.2875,13.3289473684211,1013,1,"United Kingdom",0,0,1,"United Kingdom"
"18217",423.015972222222,2,323.29,161.645,27.6666666666667,249,2,"United Kingdom",0,0,1,"United Kingdom"
"18218",120.997916666667,4,1121.84,280.46,27.0526315789474,1028,9,"United Kingdom",1,0,3,"United Kingdom"
"18219",58.9701388888889,15,2650.06,176.670666666667,8.31410256410256,1297,1,"United Kingdom",0,1,3,"United Kingdom"
"18220",136.157638888889,6,1921.76,320.293333333333,54.08,1352,14,"United Kingdom",1,0,3,"United Kingdom"
"18221",25.0833333333333,4,1090.19,272.5475,10.5645161290323,655,1,"United Kingdom",0,0,3,"United Kingdom"
"18222",2.08680555555556,1,443,443,17.6315789473684,335,2,"United Kingdom",1,0,3,"United Kingdom"
"18223",6.04236111111111,23,11552.65,502.289130434783,11.1178861788618,5470,18,"United Kingdom",0,1,2,"United Kingdom"
"18224",173.097222222222,1,158.95,158.95,6.9,69,0,"United Kingdom",1,0,3,"United Kingdom"
"18225",22.7868055555556,21,10240.62,487.648571428571,12.3019693654267,5622,28,"United Kingdom",0,1,2,"United Kingdom"
"18226",30.0868055555556,24,10901.86,454.244166666667,15.5337552742616,7363,45,"United Kingdom",0,1,2,"United Kingdom"
"18227",127.01875,2,388.75,194.375,3.66666666666667,22,0,"United Kingdom",1,0,3,"United Kingdom"
"18229",3.08263888888889,22,8085.67,367.530454545455,15.2466666666667,2287,15,"United Kingdom",0,1,2,"United Kingdom"
"18230",3.97916666666667,7,3627.22,518.174285714286,13.9024390243902,1710,7,"United Kingdom",0,1,3,"United Kingdom"
"18231",101.938888888889,28,6854.17,244.791785714286,7.61096605744125,2915,15,"United Kingdom",1,1,2,"United Kingdom"
"18232",67.0694444444444,3,500.62,166.873333333333,8.65625,277,0,"United Kingdom",0,0,3,"United Kingdom"
"18233",235.170833333333,1,440,440,4,4,0,"United Kingdom",1,0,1,"United Kingdom"
"18234",461.061111111111,1,179.6,179.6,2.66666666666667,80,0,"United Kingdom",1,0,1,"United Kingdom"
"18235",29.8708333333333,2,749.8,374.9,13.3207547169811,706,3,"United Kingdom",0,0,3,"United Kingdom"
"18236",38.8729166666667,10,1554.3,155.43,7.09411764705882,603,0,"United Kingdom",0,0,3,"United Kingdom"
"18237",1.00972222222222,3,725.55,241.85,10.8139534883721,465,2,"United Kingdom",0,0,3,"United Kingdom"
"18238",424.999305555556,1,270.92,270.92,8.14285714285714,114,0,"United Kingdom",1,0,1,"United Kingdom"
"18239",128.008333333333,6,1712.26,285.376666666667,8.79166666666667,844,0,"United Kingdom",1,0,3,"United Kingdom"
"18241",8.91875,15,2263.48,150.898666666667,8.83720930232558,1140,0,"United Kingdom",0,0,3,"United Kingdom"
"18242",105.936111111111,6,2066.8,344.466666666667,16.0454545454545,1412,7,"United Kingdom",0,0,3,"United Kingdom"
"18243",323.93125,1,515.78,515.78,8.5,221,0,"United Kingdom",1,0,1,"United Kingdom"
"18244",340.065972222222,2,568.64,284.32,45.0526315789474,856,3,"United Kingdom",1,0,1,"United Kingdom"
"18245",58.93125,19,5430.73,285.827894736842,11.5086848635236,4638,4,"United Kingdom",0,1,3,"United Kingdom"
"18246",142.954861111111,2,395.62,197.81,39.3333333333333,118,2,"United Kingdom",0,0,3,"United Kingdom"
"18247",324.125694444444,3,839.73,279.91,9.05405405405405,335,0,"United Kingdom",1,0,1,"United Kingdom"
"18248",32.1048611111111,2,804.02,402.01,10.8723404255319,511,1,"United Kingdom",1,0,3,"United Kingdom"
"18250",219.981944444444,1,349.27,349.27,9.47619047619048,199,1,"United Kingdom",1,0,3,"United Kingdom"
"18251",354.975,8,21964.14,2745.5175,345.815217391304,31815,91,"United Kingdom",0,1,1,"United Kingdom"
"18252",81.04375,6,1085.32,180.886666666667,16.6511627906977,716,5,"United Kingdom",0,0,3,"United Kingdom"
"18253",552.008333333333,1,317.88,317.88,18.2857142857143,128,3,"United Kingdom",1,0,1,"United Kingdom"
"18254",490.925694444444,1,267.9,267.9,11.75,188,0,"United Kingdom",1,0,1,"United Kingdom"
"18255",365.846527777778,1,199.85,199.85,9.76923076923077,127,0,"United Kingdom",0,0,1,"United Kingdom"
"18256",297.164583333333,1,110.7,110.7,18,180,2,"United Kingdom",1,0,1,"United Kingdom"
"18257",23.91875,9,3825.39,425.043333333333,8.60924369747899,2049,2,"United Kingdom",0,1,3,"United Kingdom"
"18258",373.9375,6,2059.67,343.278333333333,39.62,1981,27,"United Kingdom",1,0,1,"United Kingdom"
"18259",275.966666666667,5,1979.6,395.92,13.52,676,1,"United Kingdom",0,0,1,"United Kingdom"
"18260",82.0090277777778,23,9947.26,432.489565217391,12.790243902439,5244,16,"United Kingdom",1,1,2,"United Kingdom"
"18261",5.13611111111111,1,224.8,224.8,6.8,102,0,"United Kingdom",0,0,3,"United Kingdom"
"18262",49.8652777777778,3,577.54,192.513333333333,13.1428571428571,552,2,"United Kingdom",1,0,3,"United Kingdom"
"18263",65.1152777777778,2,811.4,405.7,23.2888888888889,1048,8,"United Kingdom",0,0,3,"United Kingdom"
"18264",408.116666666667,1,603.25,603.25,6.69444444444444,241,0,"United Kingdom",1,0,1,"United Kingdom"
"18265",67.8916666666667,1,488.55,488.55,7.72413793103448,224,0,"United Kingdom",0,0,3,"United Kingdom"
"18266",343.886805555556,1,251.1,251.1,9.85714285714286,138,0,"United Kingdom",1,0,1,"United Kingdom"
"18267",582.171527777778,1,269.37,269.37,7.94117647058824,135,0,"United Kingdom",1,0,1,"United Kingdom"
"18268",43.7340277777778,6,1490.23,248.371666666667,10.6119402985075,711,0,"United Kingdom",1,0,3,"United Kingdom"
"18269",275.95625,1,168.6,168.6,10.8571428571429,76,0,"United Kingdom",1,0,1,"United Kingdom"
"18270",176.00625,2,273.35,136.675,13.5454545454545,149,0,"United Kingdom",0,0,3,"United Kingdom"
"18271",519.141666666667,2,680.85,340.425,15.1904761904762,319,3,"United Kingdom",1,0,1,"United Kingdom"
"18272",23.0305555555556,7,3413.85,487.692857142857,13.1896551724138,2295,13,"United Kingdom",0,1,3,"United Kingdom"
"18273",5.05763888888889,3,306,102,40,120,2,"United Kingdom",0,0,3,"United Kingdom"
"18275",487.877777777778,2,741.85,370.925,21.9473684210526,417,4,"United Kingdom",1,0,1,"United Kingdom"
"18276",302.110416666667,5,1320.66,264.132,13.25,1060,3,"United Kingdom",0,0,1,"United Kingdom"
"18277",306.873611111111,4,1069.67,267.4175,6.80357142857143,381,0,"United Kingdom",0,0,1,"United Kingdom"
"18278",314.025694444444,1,240.3,240.3,4.93333333333333,74,0,"United Kingdom",0,0,1,"United Kingdom"
"18279",428.918055555556,1,231.34,231.34,48.4615384615385,630,7,"United Kingdom",1,0,1,"United Kingdom"
"18280",187.123611111111,2,488.15,244.075,6.46666666666667,194,0,"United Kingdom",1,0,3,"United Kingdom"
"18281",90.08125,2,201.14,100.57,8.58823529411765,146,0,"United Kingdom",1,0,3,"United Kingdom"
"18282",35.96875,1,100.21,100.21,10.7142857142857,75,1,"United Kingdom",0,0,3,"United Kingdom"
"18283",5.01041666666667,16,1706.2,106.6375,1.62402496099844,1041,0,"United Kingdom",0,0,3,"United Kingdom"
"18284",341.053472222222,1,461.68,461.68,17.6428571428571,494,7,"United Kingdom",1,0,1,"United Kingdom"
"18285",570.101388888889,1,427,427,12.0833333333333,145,1,"United Kingdom",1,0,1,"United Kingdom"
"18286",386.036805555556,2,1296.43,648.215,9.07462686567164,608,2,"United Kingdom",1,0,1,"United Kingdom"
"18287",111.090972222222,5,3110.99,622.198,16.7982456140351,1915,20,"United Kingdom",0,1,3,"United Kingdom"
